aarch64-linux-gnu-gcc -D_FORTIFY_SOURCE=2 -fstack-protector-strong -Wundef -fno-strict-overflow -Wno-pointer-sign -Os -W -Wall  -I./src/../libtomcrypt/src/headers/ -DLOCALOPTIONS_H_EXISTS -I. -I./src -DDROPBEAR_SERVER -DDBMULTI_dropbear -DDBMULTI_dropbearkey -DDBMULTI_scp -DDROPBEAR_MULTI src/dbmulti.c -o obj/dbmulti.o -c
aarch64-linux-gnu-gcc -D_FORTIFY_SOURCE=2 -fstack-protector-strong -Wundef -fno-strict-overflow -Wno-pointer-sign -Os -W -Wall  -I./src/../libtomcrypt/src/headers/ -DLOCALOPTIONS_H_EXISTS -I. -I./src -DDROPBEAR_SERVER -DDBMULTI_dropbear -DDBMULTI_dropbearkey -DDBMULTI_scp -DDROPBEAR_MULTI src/atomicio.c -o obj/atomicio.o -c
aarch64-linux-gnu-gcc -D_FORTIFY_SOURCE=2 -fstack-protector-strong -Wundef -fno-strict-overflow -Wno-pointer-sign -Os -W -Wall  -I./src/../libtomcrypt/src/headers/ -DLOCALOPTIONS_H_EXISTS -I. -I./src -DDROPBEAR_SERVER -DDBMULTI_dropbear -DDBMULTI_dropbearkey -DDBMULTI_scp -DDROPBEAR_MULTI src/bignum.c -o obj/bignum.o -c
aarch64-linux-gnu-gcc -D_FORTIFY_SOURCE=2 -fstack-protector-strong -Wundef -fno-strict-overflow -Wno-pointer-sign -Os -W -Wall  -I./src/../libtomcrypt/src/headers/ -DLOCALOPTIONS_H_EXISTS -I. -I./src -DDROPBEAR_SERVER -DDBMULTI_dropbear -DDBMULTI_dropbearkey -DDBMULTI_scp -DDROPBEAR_MULTI src/buffer.c -o obj/buffer.o -c
aarch64-linux-gnu-gcc -D_FORTIFY_SOURCE=2 -fstack-protector-strong -Wundef -fno-strict-overflow -Wno-pointer-sign -Os -W -Wall  -I./src/../libtomcrypt/src/headers/ -DLOCALOPTIONS_H_EXISTS -I. -I./src -DDROPBEAR_SERVER -DDBMULTI_dropbear -DDBMULTI_dropbearkey -DDBMULTI_scp -DDROPBEAR_MULTI src/chachapoly.c -o obj/chachapoly.o -c
aarch64-linux-gnu-gcc -D_FORTIFY_SOURCE=2 -fstack-protector-strong -Wundef -fno-strict-overflow -Wno-pointer-sign -Os -W -Wall  -I./src/../libtomcrypt/src/headers/ -DLOCALOPTIONS_H_EXISTS -I. -I./src -DDROPBEAR_SERVER -DDBMULTI_dropbear -DDBMULTI_dropbearkey -DDBMULTI_scp -DDROPBEAR_MULTI src/circbuffer.c -o obj/circbuffer.o -c
aarch64-linux-gnu-gcc -D_FORTIFY_SOURCE=2 -fstack-protector-strong -Wundef -fno-strict-overflow -Wno-pointer-sign -Os -W -Wall  -I./src/../libtomcrypt/src/headers/ -DLOCALOPTIONS_H_EXISTS -I. -I./src -DDROPBEAR_SERVER -DDBMULTI_dropbear -DDBMULTI_dropbearkey -DDBMULTI_scp -DDROPBEAR_MULTI src/common-algo.c -o obj/common-algo.o -c
aarch64-linux-gnu-gcc -D_FORTIFY_SOURCE=2 -fstack-protector-strong -Wundef -fno-strict-overflow -Wno-pointer-sign -Os -W -Wall  -I./src/../libtomcrypt/src/headers/ -DLOCALOPTIONS_H_EXISTS -I. -I./src -DDROPBEAR_SERVER -DDBMULTI_dropbear -DDBMULTI_dropbearkey -DDBMULTI_scp -DDROPBEAR_MULTI src/common-channel.c -o obj/common-channel.o -c
aarch64-linux-gnu-gcc -D_FORTIFY_SOURCE=2 -fstack-protector-strong -Wundef -fno-strict-overflow -Wno-pointer-sign -Os -W -Wall  -I./src/../libtomcrypt/src/headers/ -DLOCALOPTIONS_H_EXISTS -I. -I./src -DDROPBEAR_SERVER -DDBMULTI_dropbear -DDBMULTI_dropbearkey -DDBMULTI_scp -DDROPBEAR_MULTI src/common-chansession.c -o obj/common-chansession.o -c
aarch64-linux-gnu-gcc -D_FORTIFY_SOURCE=2 -fstack-protector-strong -Wundef -fno-strict-overflow -Wno-pointer-sign -Os -W -Wall  -I./src/../libtomcrypt/src/headers/ -DLOCALOPTIONS_H_EXISTS -I. -I./src -DDROPBEAR_SERVER -DDBMULTI_dropbear -DDBMULTI_dropbearkey -DDBMULTI_scp -DDROPBEAR_MULTI src/common-kex.c -o obj/common-kex.o -c
aarch64-linux-gnu-gcc -D_FORTIFY_SOURCE=2 -fstack-protector-strong -Wundef -fno-strict-overflow -Wno-pointer-sign -Os -W -Wall  -I./src/../libtomcrypt/src/headers/ -DLOCALOPTIONS_H_EXISTS -I. -I./src -DDROPBEAR_SERVER -DDBMULTI_dropbear -DDBMULTI_dropbearkey -DDBMULTI_scp -DDROPBEAR_MULTI src/common-runopts.c -o obj/common-runopts.o -c
aarch64-linux-gnu-gcc -D_FORTIFY_SOURCE=2 -fstack-protector-strong -Wundef -fno-strict-overflow -Wno-pointer-sign -Os -W -Wall  -I./src/../libtomcrypt/src/headers/ -DLOCALOPTIONS_H_EXISTS -I. -I./src -DDROPBEAR_SERVER -DDBMULTI_dropbear -DDBMULTI_dropbearkey -DDBMULTI_scp -DDROPBEAR_MULTI src/common-session.c -o obj/common-session.o -c
aarch64-linux-gnu-gcc -D_FORTIFY_SOURCE=2 -fstack-protector-strong -Wundef -fno-strict-overflow -Wno-pointer-sign -Os -W -Wall  -I./src/../libtomcrypt/src/headers/ -DLOCALOPTIONS_H_EXISTS -I. -I./src -DDROPBEAR_SERVER -DDBMULTI_dropbear -DDBMULTI_dropbearkey -DDBMULTI_scp -DDROPBEAR_MULTI src/compat.c -o obj/compat.o -c
aarch64-linux-gnu-gcc -D_FORTIFY_SOURCE=2 -fstack-protector-strong -Wundef -fno-strict-overflow -Wno-pointer-sign -Os -W -Wall  -I./src/../libtomcrypt/src/headers/ -DLOCALOPTIONS_H_EXISTS -I. -I./src -DDROPBEAR_SERVER -DDBMULTI_dropbear -DDBMULTI_dropbearkey -DDBMULTI_scp -DDROPBEAR_MULTI src/crypto_desc.c -o obj/crypto_desc.o -c
aarch64-linux-gnu-gcc -D_FORTIFY_SOURCE=2 -fstack-protector-strong -Wundef -fno-strict-overflow -Wno-pointer-sign -Os -W -Wall  -I./src/../libtomcrypt/src/headers/ -DLOCALOPTIONS_H_EXISTS -I. -I./src -DDROPBEAR_SERVER -DDBMULTI_dropbear -DDBMULTI_dropbearkey -DDBMULTI_scp -DDROPBEAR_MULTI src/curve25519.c -o obj/curve25519.o -c
aarch64-linux-gnu-gcc -D_FORTIFY_SOURCE=2 -fstack-protector-strong -Wundef -fno-strict-overflow -Wno-pointer-sign -Os -W -Wall  -I./src/../libtomcrypt/src/headers/ -DLOCALOPTIONS_H_EXISTS -I. -I./src -DDROPBEAR_SERVER -DDBMULTI_dropbear -DDBMULTI_dropbearkey -DDBMULTI_scp -DDROPBEAR_MULTI src/dbctype.c -o obj/dbctype.o -c
aarch64-linux-gnu-gcc -D_FORTIFY_SOURCE=2 -fstack-protector-strong -Wundef -fno-strict-overflow -Wno-pointer-sign -Os -W -Wall  -I./src/../libtomcrypt/src/headers/ -DLOCALOPTIONS_H_EXISTS -I. -I./src -DDROPBEAR_SERVER -DDBMULTI_dropbear -DDBMULTI_dropbearkey -DDBMULTI_scp -DDROPBEAR_MULTI src/dbhelpers.c -o obj/dbhelpers.o -c
aarch64-linux-gnu-gcc -D_FORTIFY_SOURCE=2 -fstack-protector-strong -Wundef -fno-strict-overflow -Wno-pointer-sign -Os -W -Wall  -I./src/../libtomcrypt/src/headers/ -DLOCALOPTIONS_H_EXISTS -I. -I./src -DDROPBEAR_SERVER -DDBMULTI_dropbear -DDBMULTI_dropbearkey -DDBMULTI_scp -DDROPBEAR_MULTI src/dbmalloc.c -o obj/dbmalloc.o -c
aarch64-linux-gnu-gcc -D_FORTIFY_SOURCE=2 -fstack-protector-strong -Wundef -fno-strict-overflow -Wno-pointer-sign -Os -W -Wall  -I./src/../libtomcrypt/src/headers/ -DLOCALOPTIONS_H_EXISTS -I. -I./src -DDROPBEAR_SERVER -DDBMULTI_dropbear -DDBMULTI_dropbearkey -DDBMULTI_scp -DDROPBEAR_MULTI src/dbrandom.c -o obj/dbrandom.o -c
aarch64-linux-gnu-gcc -D_FORTIFY_SOURCE=2 -fstack-protector-strong -Wundef -fno-strict-overflow -Wno-pointer-sign -Os -W -Wall  -I./src/../libtomcrypt/src/headers/ -DLOCALOPTIONS_H_EXISTS -I. -I./src -DDROPBEAR_SERVER -DDBMULTI_dropbear -DDBMULTI_dropbearkey -DDBMULTI_scp -DDROPBEAR_MULTI src/dbutil.c -o obj/dbutil.o -c
aarch64-linux-gnu-gcc -D_FORTIFY_SOURCE=2 -fstack-protector-strong -Wundef -fno-strict-overflow -Wno-pointer-sign -Os -W -Wall  -I./src/../libtomcrypt/src/headers/ -DLOCALOPTIONS_H_EXISTS -I. -I./src -DDROPBEAR_SERVER -DDBMULTI_dropbear -DDBMULTI_dropbearkey -DDBMULTI_scp -DDROPBEAR_MULTI src/dh_groups.c -o obj/dh_groups.o -c
aarch64-linux-gnu-gcc -D_FORTIFY_SOURCE=2 -fstack-protector-strong -Wundef -fno-strict-overflow -Wno-pointer-sign -Os -W -Wall  -I./src/../libtomcrypt/src/headers/ -DLOCALOPTIONS_H_EXISTS -I. -I./src -DDROPBEAR_SERVER -DDBMULTI_dropbear -DDBMULTI_dropbearkey -DDBMULTI_scp -DDROPBEAR_MULTI src/dropbearkey.c -o obj/dropbearkey.o -c
aarch64-linux-gnu-gcc -D_FORTIFY_SOURCE=2 -fstack-protector-strong -Wundef -fno-strict-overflow -Wno-pointer-sign -Os -W -Wall  -I./src/../libtomcrypt/src/headers/ -DLOCALOPTIONS_H_EXISTS -I. -I./src -DDROPBEAR_SERVER -DDBMULTI_dropbear -DDBMULTI_dropbearkey -DDBMULTI_scp -DDROPBEAR_MULTI src/dss.c -o obj/dss.o -c
aarch64-linux-gnu-gcc -D_FORTIFY_SOURCE=2 -fstack-protector-strong -Wundef -fno-strict-overflow -Wno-pointer-sign -Os -W -Wall  -I./src/../libtomcrypt/src/headers/ -DLOCALOPTIONS_H_EXISTS -I. -I./src -DDROPBEAR_SERVER -DDBMULTI_dropbear -DDBMULTI_dropbearkey -DDBMULTI_scp -DDROPBEAR_MULTI src/ecc.c -o obj/ecc.o -c
aarch64-linux-gnu-gcc -D_FORTIFY_SOURCE=2 -fstack-protector-strong -Wundef -fno-strict-overflow -Wno-pointer-sign -Os -W -Wall  -I./src/../libtomcrypt/src/headers/ -DLOCALOPTIONS_H_EXISTS -I. -I./src -DDROPBEAR_SERVER -DDBMULTI_dropbear -DDBMULTI_dropbearkey -DDBMULTI_scp -DDROPBEAR_MULTI src/ecdsa.c -o obj/ecdsa.o -c
aarch64-linux-gnu-gcc -D_FORTIFY_SOURCE=2 -fstack-protector-strong -Wundef -fno-strict-overflow -Wno-pointer-sign -Os -W -Wall  -I./src/../libtomcrypt/src/headers/ -DLOCALOPTIONS_H_EXISTS -I. -I./src -DDROPBEAR_SERVER -DDBMULTI_dropbear -DDBMULTI_dropbearkey -DDBMULTI_scp -DDROPBEAR_MULTI src/ed25519.c -o obj/ed25519.o -c
aarch64-linux-gnu-gcc -D_FORTIFY_SOURCE=2 -fstack-protector-strong -Wundef -fno-strict-overflow -Wno-pointer-sign -Os -W -Wall  -I./src/../libtomcrypt/src/headers/ -DLOCALOPTIONS_H_EXISTS -I. -I./src -DDROPBEAR_SERVER -DDBMULTI_dropbear -DDBMULTI_dropbearkey -DDBMULTI_scp -DDROPBEAR_MULTI src/fake-rfc2553.c -o obj/fake-rfc2553.o -c
aarch64-linux-gnu-gcc -D_FORTIFY_SOURCE=2 -fstack-protector-strong -Wundef -fno-strict-overflow -Wno-pointer-sign -Os -W -Wall  -I./src/../libtomcrypt/src/headers/ -DLOCALOPTIONS_H_EXISTS -I. -I./src -DDROPBEAR_SERVER -DDBMULTI_dropbear -DDBMULTI_dropbearkey -DDBMULTI_scp -DDROPBEAR_MULTI src/gcm.c -o obj/gcm.o -c
aarch64-linux-gnu-gcc -D_FORTIFY_SOURCE=2 -fstack-protector-strong -Wundef -fno-strict-overflow -Wno-pointer-sign -Os -W -Wall  -I./src/../libtomcrypt/src/headers/ -DLOCALOPTIONS_H_EXISTS -I. -I./src -DDROPBEAR_SERVER -DDBMULTI_dropbear -DDBMULTI_dropbearkey -DDBMULTI_scp -DDROPBEAR_MULTI src/gendss.c -o obj/gendss.o -c
aarch64-linux-gnu-gcc -D_FORTIFY_SOURCE=2 -fstack-protector-strong -Wundef -fno-strict-overflow -Wno-pointer-sign -Os -W -Wall  -I./src/../libtomcrypt/src/headers/ -DLOCALOPTIONS_H_EXISTS -I. -I./src -DDROPBEAR_SERVER -DDBMULTI_dropbear -DDBMULTI_dropbearkey -DDBMULTI_scp -DDROPBEAR_MULTI src/gened25519.c -o obj/gened25519.o -c
aarch64-linux-gnu-gcc -D_FORTIFY_SOURCE=2 -fstack-protector-strong -Wundef -fno-strict-overflow -Wno-pointer-sign -Os -W -Wall  -I./src/../libtomcrypt/src/headers/ -DLOCALOPTIONS_H_EXISTS -I. -I./src -DDROPBEAR_SERVER -DDBMULTI_dropbear -DDBMULTI_dropbearkey -DDBMULTI_scp -DDROPBEAR_MULTI src/genrsa.c -o obj/genrsa.o -c
aarch64-linux-gnu-gcc -D_FORTIFY_SOURCE=2 -fstack-protector-strong -Wundef -fno-strict-overflow -Wno-pointer-sign -Os -W -Wall  -I./src/../libtomcrypt/src/headers/ -DLOCALOPTIONS_H_EXISTS -I. -I./src -DDROPBEAR_SERVER -DDBMULTI_dropbear -DDBMULTI_dropbearkey -DDBMULTI_scp -DDROPBEAR_MULTI src/gensignkey.c -o obj/gensignkey.o -c
aarch64-linux-gnu-gcc -D_FORTIFY_SOURCE=2 -fstack-protector-strong -Wundef -fno-strict-overflow -Wno-pointer-sign -Os -W -Wall  -I./src/../libtomcrypt/src/headers/ -DLOCALOPTIONS_H_EXISTS -I. -I./src -DDROPBEAR_SERVER -DDBMULTI_dropbear -DDBMULTI_dropbearkey -DDBMULTI_scp -DDROPBEAR_MULTI src/kex-dh.c -o obj/kex-dh.o -c
aarch64-linux-gnu-gcc -D_FORTIFY_SOURCE=2 -fstack-protector-strong -Wundef -fno-strict-overflow -Wno-pointer-sign -Os -W -Wall  -I./src/../libtomcrypt/src/headers/ -DLOCALOPTIONS_H_EXISTS -I. -I./src -DDROPBEAR_SERVER -DDBMULTI_dropbear -DDBMULTI_dropbearkey -DDBMULTI_scp -DDROPBEAR_MULTI src/kex-ecdh.c -o obj/kex-ecdh.o -c
aarch64-linux-gnu-gcc -D_FORTIFY_SOURCE=2 -fstack-protector-strong -Wundef -fno-strict-overflow -Wno-pointer-sign -Os -W -Wall  -I./src/../libtomcrypt/src/headers/ -DLOCALOPTIONS_H_EXISTS -I. -I./src -DDROPBEAR_SERVER -DDBMULTI_dropbear -DDBMULTI_dropbearkey -DDBMULTI_scp -DDROPBEAR_MULTI src/kex-pqhybrid.c -o obj/kex-pqhybrid.o -c
aarch64-linux-gnu-gcc -D_FORTIFY_SOURCE=2 -fstack-protector-strong -Wundef -fno-strict-overflow -Wno-pointer-sign -Os -W -Wall  -I./src/../libtomcrypt/src/headers/ -DLOCALOPTIONS_H_EXISTS -I. -I./src -DDROPBEAR_SERVER -DDBMULTI_dropbear -DDBMULTI_dropbearkey -DDBMULTI_scp -DDROPBEAR_MULTI src/kex-x25519.c -o obj/kex-x25519.o -c
aarch64-linux-gnu-gcc -D_FORTIFY_SOURCE=2 -fstack-protector-strong -Wundef -fno-strict-overflow -Wno-pointer-sign -Os -W -Wall  -I./src/../libtomcrypt/src/headers/ -DLOCALOPTIONS_H_EXISTS -I. -I./src -DDROPBEAR_SERVER -DDBMULTI_dropbear -DDBMULTI_dropbearkey -DDBMULTI_scp -DDROPBEAR_MULTI src/list.c -o obj/list.o -c
aarch64-linux-gnu-gcc -D_FORTIFY_SOURCE=2 -fstack-protector-strong -Wundef -fno-strict-overflow -Wno-pointer-sign -Os -W -Wall  -I./src/../libtomcrypt/src/headers/ -DLOCALOPTIONS_H_EXISTS -I. -I./src -DDROPBEAR_SERVER -DDBMULTI_dropbear -DDBMULTI_dropbearkey -DDBMULTI_scp -DDROPBEAR_MULTI src/listener.c -o obj/listener.o -c
aarch64-linux-gnu-gcc -D_FORTIFY_SOURCE=2 -fstack-protector-strong -Wundef -fno-strict-overflow -Wno-pointer-sign -Os -W -Wall  -I./src/../libtomcrypt/src/headers/ -DLOCALOPTIONS_H_EXISTS -I. -I./src -DDROPBEAR_SERVER -DDBMULTI_dropbear -DDBMULTI_dropbearkey -DDBMULTI_scp -DDROPBEAR_MULTI src/loginrec.c -o obj/loginrec.o -c
aarch64-linux-gnu-gcc -D_FORTIFY_SOURCE=2 -fstack-protector-strong -Wundef -fno-strict-overflow -Wno-pointer-sign -Os -W -Wall  -I./src/../libtomcrypt/src/headers/ -DLOCALOPTIONS_H_EXISTS -I. -I./src -DDROPBEAR_SERVER -DDBMULTI_dropbear -DDBMULTI_dropbearkey -DDBMULTI_scp -DDROPBEAR_MULTI src/ltc_prng.c -o obj/ltc_prng.o -c
aarch64-linux-gnu-gcc -D_FORTIFY_SOURCE=2 -fstack-protector-strong -Wundef -fno-strict-overflow -Wno-pointer-sign -Os -W -Wall  -I./src/../libtomcrypt/src/headers/ -DLOCALOPTIONS_H_EXISTS -I. -I./src -DDROPBEAR_SERVER -DDBMULTI_dropbear -DDBMULTI_dropbearkey -DDBMULTI_scp -DDROPBEAR_MULTI src/mlkem768.c -o obj/mlkem768.o -c
aarch64-linux-gnu-gcc -D_FORTIFY_SOURCE=2 -fstack-protector-strong -Wundef -fno-strict-overflow -Wno-pointer-sign -Os -W -Wall  -I./src/../libtomcrypt/src/headers/ -DLOCALOPTIONS_H_EXISTS -I. -I./src -DDROPBEAR_SERVER -DDBMULTI_dropbear -DDBMULTI_dropbearkey -DDBMULTI_scp -DDROPBEAR_MULTI src/netio.c -o obj/netio.o -c
aarch64-linux-gnu-gcc -D_FORTIFY_SOURCE=2 -fstack-protector-strong -Wundef -fno-strict-overflow -Wno-pointer-sign -Os -W -Wall  -I./src/../libtomcrypt/src/headers/ -DLOCALOPTIONS_H_EXISTS -I. -I./src -DDROPBEAR_SERVER -DDBMULTI_dropbear -DDBMULTI_dropbearkey -DDBMULTI_scp -DDROPBEAR_MULTI src/packet.c -o obj/packet.o -c
aarch64-linux-gnu-gcc -D_FORTIFY_SOURCE=2 -fstack-protector-strong -Wundef -fno-strict-overflow -Wno-pointer-sign -Os -W -Wall  -I./src/../libtomcrypt/src/headers/ -DLOCALOPTIONS_H_EXISTS -I. -I./src -DDROPBEAR_SERVER -DDBMULTI_dropbear -DDBMULTI_dropbearkey -DDBMULTI_scp -DDROPBEAR_MULTI src/process-packet.c -o obj/process-packet.o -c
aarch64-linux-gnu-gcc -D_FORTIFY_SOURCE=2 -fstack-protector-strong -Wundef -fno-strict-overflow -Wno-pointer-sign -Os -W -Wall  -I./src/../libtomcrypt/src/headers/ -DLOCALOPTIONS_H_EXISTS -I. -I./src -DDROPBEAR_SERVER -DDBMULTI_dropbear -DDBMULTI_dropbearkey -DDBMULTI_scp -DDROPBEAR_MULTI src/progressmeter.c -o obj/progressmeter.o -c
aarch64-linux-gnu-gcc -D_FORTIFY_SOURCE=2 -fstack-protector-strong -Wundef -fno-strict-overflow -Wno-pointer-sign -Os -W -Wall  -I./src/../libtomcrypt/src/headers/ -DLOCALOPTIONS_H_EXISTS -I. -I./src -DDROPBEAR_SERVER -DDBMULTI_dropbear -DDBMULTI_dropbearkey -DDBMULTI_scp -DDROPBEAR_MULTI src/queue.c -o obj/queue.o -c
aarch64-linux-gnu-gcc -D_FORTIFY_SOURCE=2 -fstack-protector-strong -Wundef -fno-strict-overflow -Wno-pointer-sign -Os -W -Wall  -I./src/../libtomcrypt/src/headers/ -DLOCALOPTIONS_H_EXISTS -I. -I./src -DDROPBEAR_SERVER -DDBMULTI_dropbear -DDBMULTI_dropbearkey -DDBMULTI_scp -DDROPBEAR_MULTI src/rsa.c -o obj/rsa.o -c
aarch64-linux-gnu-gcc -D_FORTIFY_SOURCE=2 -fstack-protector-strong -Wundef -fno-strict-overflow -Wno-pointer-sign -Os -W -Wall  -I./src/../libtomcrypt/src/headers/ -DLOCALOPTIONS_H_EXISTS -I. -I./src -DDROPBEAR_SERVER -DDBMULTI_dropbear -DDBMULTI_dropbearkey -DDBMULTI_scp -DDROPBEAR_MULTI src/scp.c -o obj/scp.o -c
aarch64-linux-gnu-gcc -D_FORTIFY_SOURCE=2 -fstack-protector-strong -Wundef -fno-strict-overflow -Wno-pointer-sign -Os -W -Wall  -I./src/../libtomcrypt/src/headers/ -DLOCALOPTIONS_H_EXISTS -I. -I./src -DDROPBEAR_SERVER -DDBMULTI_dropbear -DDBMULTI_dropbearkey -DDBMULTI_scp -DDROPBEAR_MULTI src/scpmisc.c -o obj/scpmisc.o -c
aarch64-linux-gnu-gcc -D_FORTIFY_SOURCE=2 -fstack-protector-strong -Wundef -fno-strict-overflow -Wno-pointer-sign -Os -W -Wall  -I./src/../libtomcrypt/src/headers/ -DLOCALOPTIONS_H_EXISTS -I. -I./src -DDROPBEAR_SERVER -DDBMULTI_dropbear -DDBMULTI_dropbearkey -DDBMULTI_scp -DDROPBEAR_MULTI src/signkey.c -o obj/signkey.o -c
aarch64-linux-gnu-gcc -D_FORTIFY_SOURCE=2 -fstack-protector-strong -Wundef -fno-strict-overflow -Wno-pointer-sign -Os -W -Wall  -I./src/../libtomcrypt/src/headers/ -DLOCALOPTIONS_H_EXISTS -I. -I./src -DDROPBEAR_SERVER -DDBMULTI_dropbear -DDBMULTI_dropbearkey -DDBMULTI_scp -DDROPBEAR_MULTI src/sk-ecdsa.c -o obj/sk-ecdsa.o -c
aarch64-linux-gnu-gcc -D_FORTIFY_SOURCE=2 -fstack-protector-strong -Wundef -fno-strict-overflow -Wno-pointer-sign -Os -W -Wall  -I./src/../libtomcrypt/src/headers/ -DLOCALOPTIONS_H_EXISTS -I. -I./src -DDROPBEAR_SERVER -DDBMULTI_dropbear -DDBMULTI_dropbearkey -DDBMULTI_scp -DDROPBEAR_MULTI src/sk-ed25519.c -o obj/sk-ed25519.o -c
aarch64-linux-gnu-gcc -D_FORTIFY_SOURCE=2 -fstack-protector-strong -Wundef -fno-strict-overflow -Wno-pointer-sign -Os -W -Wall  -I./src/../libtomcrypt/src/headers/ -DLOCALOPTIONS_H_EXISTS -I. -I./src -DDROPBEAR_SERVER -DDBMULTI_dropbear -DDBMULTI_dropbearkey -DDBMULTI_scp -DDROPBEAR_MULTI src/sntrup761.c -o obj/sntrup761.o -c
aarch64-linux-gnu-gcc -D_FORTIFY_SOURCE=2 -fstack-protector-strong -Wundef -fno-strict-overflow -Wno-pointer-sign -Os -W -Wall  -I./src/../libtomcrypt/src/headers/ -DLOCALOPTIONS_H_EXISTS -I. -I./src -DDROPBEAR_SERVER -DDBMULTI_dropbear -DDBMULTI_dropbearkey -DDBMULTI_scp -DDROPBEAR_MULTI src/sshpty.c -o obj/sshpty.o -c
aarch64-linux-gnu-gcc -D_FORTIFY_SOURCE=2 -fstack-protector-strong -Wundef -fno-strict-overflow -Wno-pointer-sign -Os -W -Wall  -I./src/../libtomcrypt/src/headers/ -DLOCALOPTIONS_H_EXISTS -I. -I./src -DDROPBEAR_SERVER -DDBMULTI_dropbear -DDBMULTI_dropbearkey -DDBMULTI_scp -DDROPBEAR_MULTI src/svr-agentfwd.c -o obj/svr-agentfwd.o -c
aarch64-linux-gnu-gcc -D_FORTIFY_SOURCE=2 -fstack-protector-strong -Wundef -fno-strict-overflow -Wno-pointer-sign -Os -W -Wall  -I./src/../libtomcrypt/src/headers/ -DLOCALOPTIONS_H_EXISTS -I. -I./src -DDROPBEAR_SERVER -DDBMULTI_dropbear -DDBMULTI_dropbearkey -DDBMULTI_scp -DDROPBEAR_MULTI src/svr-auth.c -o obj/svr-auth.o -c
aarch64-linux-gnu-gcc -D_FORTIFY_SOURCE=2 -fstack-protector-strong -Wundef -fno-strict-overflow -Wno-pointer-sign -Os -W -Wall  -I./src/../libtomcrypt/src/headers/ -DLOCALOPTIONS_H_EXISTS -I. -I./src -DDROPBEAR_SERVER -DDBMULTI_dropbear -DDBMULTI_dropbearkey -DDBMULTI_scp -DDROPBEAR_MULTI src/svr-authpam.c -o obj/svr-authpam.o -c
aarch64-linux-gnu-gcc -D_FORTIFY_SOURCE=2 -fstack-protector-strong -Wundef -fno-strict-overflow -Wno-pointer-sign -Os -W -Wall  -I./src/../libtomcrypt/src/headers/ -DLOCALOPTIONS_H_EXISTS -I. -I./src -DDROPBEAR_SERVER -DDBMULTI_dropbear -DDBMULTI_dropbearkey -DDBMULTI_scp -DDROPBEAR_MULTI src/svr-authpasswd.c -o obj/svr-authpasswd.o -c
aarch64-linux-gnu-gcc -D_FORTIFY_SOURCE=2 -fstack-protector-strong -Wundef -fno-strict-overflow -Wno-pointer-sign -Os -W -Wall  -I./src/../libtomcrypt/src/headers/ -DLOCALOPTIONS_H_EXISTS -I. -I./src -DDROPBEAR_SERVER -DDBMULTI_dropbear -DDBMULTI_dropbearkey -DDBMULTI_scp -DDROPBEAR_MULTI src/svr-authpubkey.c -o obj/svr-authpubkey.o -c
aarch64-linux-gnu-gcc -D_FORTIFY_SOURCE=2 -fstack-protector-strong -Wundef -fno-strict-overflow -Wno-pointer-sign -Os -W -Wall  -I./src/../libtomcrypt/src/headers/ -DLOCALOPTIONS_H_EXISTS -I. -I./src -DDROPBEAR_SERVER -DDBMULTI_dropbear -DDBMULTI_dropbearkey -DDBMULTI_scp -DDROPBEAR_MULTI src/svr-authpubkeyoptions.c -o obj/svr-authpubkeyoptions.o -c
aarch64-linux-gnu-gcc -D_FORTIFY_SOURCE=2 -fstack-protector-strong -Wundef -fno-strict-overflow -Wno-pointer-sign -Os -W -Wall  -I./src/../libtomcrypt/src/headers/ -DLOCALOPTIONS_H_EXISTS -I. -I./src -DDROPBEAR_SERVER -DDBMULTI_dropbear -DDBMULTI_dropbearkey -DDBMULTI_scp -DDROPBEAR_MULTI src/svr-chansession.c -o obj/svr-chansession.o -c
aarch64-linux-gnu-gcc -D_FORTIFY_SOURCE=2 -fstack-protector-strong -Wundef -fno-strict-overflow -Wno-pointer-sign -Os -W -Wall  -I./src/../libtomcrypt/src/headers/ -DLOCALOPTIONS_H_EXISTS -I. -I./src -DDROPBEAR_SERVER -DDBMULTI_dropbear -DDBMULTI_dropbearkey -DDBMULTI_scp -DDROPBEAR_MULTI src/svr-forward.c -o obj/svr-forward.o -c
aarch64-linux-gnu-gcc -D_FORTIFY_SOURCE=2 -fstack-protector-strong -Wundef -fno-strict-overflow -Wno-pointer-sign -Os -W -Wall  -I./src/../libtomcrypt/src/headers/ -DLOCALOPTIONS_H_EXISTS -I. -I./src -DDROPBEAR_SERVER -DDBMULTI_dropbear -DDBMULTI_dropbearkey -DDBMULTI_scp -DDROPBEAR_MULTI src/svr-kex.c -o obj/svr-kex.o -c
aarch64-linux-gnu-gcc -D_FORTIFY_SOURCE=2 -fstack-protector-strong -Wundef -fno-strict-overflow -Wno-pointer-sign -Os -W -Wall  -I./src/../libtomcrypt/src/headers/ -DLOCALOPTIONS_H_EXISTS -I. -I./src -DDROPBEAR_SERVER -DDBMULTI_dropbear -DDBMULTI_dropbearkey -DDBMULTI_scp -DDROPBEAR_MULTI src/svr-main.c -o obj/svr-main.o -c
aarch64-linux-gnu-gcc -D_FORTIFY_SOURCE=2 -fstack-protector-strong -Wundef -fno-strict-overflow -Wno-pointer-sign -Os -W -Wall  -I./src/../libtomcrypt/src/headers/ -DLOCALOPTIONS_H_EXISTS -I. -I./src -DDROPBEAR_SERVER -DDBMULTI_dropbear -DDBMULTI_dropbearkey -DDBMULTI_scp -DDROPBEAR_MULTI src/svr-runopts.c -o obj/svr-runopts.o -c
aarch64-linux-gnu-gcc -D_FORTIFY_SOURCE=2 -fstack-protector-strong -Wundef -fno-strict-overflow -Wno-pointer-sign -Os -W -Wall  -I./src/../libtomcrypt/src/headers/ -DLOCALOPTIONS_H_EXISTS -I. -I./src -DDROPBEAR_SERVER -DDBMULTI_dropbear -DDBMULTI_dropbearkey -DDBMULTI_scp -DDROPBEAR_MULTI src/svr-service.c -o obj/svr-service.o -c
aarch64-linux-gnu-gcc -D_FORTIFY_SOURCE=2 -fstack-protector-strong -Wundef -fno-strict-overflow -Wno-pointer-sign -Os -W -Wall  -I./src/../libtomcrypt/src/headers/ -DLOCALOPTIONS_H_EXISTS -I. -I./src -DDROPBEAR_SERVER -DDBMULTI_dropbear -DDBMULTI_dropbearkey -DDBMULTI_scp -DDROPBEAR_MULTI src/svr-session.c -o obj/svr-session.o -c
aarch64-linux-gnu-gcc -D_FORTIFY_SOURCE=2 -fstack-protector-strong -Wundef -fno-strict-overflow -Wno-pointer-sign -Os -W -Wall  -I./src/../libtomcrypt/src/headers/ -DLOCALOPTIONS_H_EXISTS -I. -I./src -DDROPBEAR_SERVER -DDBMULTI_dropbear -DDBMULTI_dropbearkey -DDBMULTI_scp -DDROPBEAR_MULTI src/svr-streamfwd.c -o obj/svr-streamfwd.o -c
aarch64-linux-gnu-gcc -D_FORTIFY_SOURCE=2 -fstack-protector-strong -Wundef -fno-strict-overflow -Wno-pointer-sign -Os -W -Wall  -I./src/../libtomcrypt/src/headers/ -DLOCALOPTIONS_H_EXISTS -I. -I./src -DDROPBEAR_SERVER -DDBMULTI_dropbear -DDBMULTI_dropbearkey -DDBMULTI_scp -DDROPBEAR_MULTI src/svr-tcpfwd.c -o obj/svr-tcpfwd.o -c
aarch64-linux-gnu-gcc -D_FORTIFY_SOURCE=2 -fstack-protector-strong -Wundef -fno-strict-overflow -Wno-pointer-sign -Os -W -Wall  -I./src/../libtomcrypt/src/headers/ -DLOCALOPTIONS_H_EXISTS -I. -I./src -DDROPBEAR_SERVER -DDBMULTI_dropbear -DDBMULTI_dropbearkey -DDBMULTI_scp -DDROPBEAR_MULTI src/svr-x11fwd.c -o obj/svr-x11fwd.o -c
aarch64-linux-gnu-gcc -D_FORTIFY_SOURCE=2 -fstack-protector-strong -Wundef -fno-strict-overflow -Wno-pointer-sign -Os -W -Wall  -I./src/../libtomcrypt/src/headers/ -DLOCALOPTIONS_H_EXISTS -I. -I./src -DDROPBEAR_SERVER -DDBMULTI_dropbear -DDBMULTI_dropbearkey -DDBMULTI_scp -DDROPBEAR_MULTI src/tcp-accept.c -o obj/tcp-accept.o -c
aarch64-linux-gnu-gcc -D_FORTIFY_SOURCE=2 -fstack-protector-strong -Wundef -fno-strict-overflow -Wno-pointer-sign -Os -W -Wall  -I./src/../libtomcrypt/src/headers/ -DLOCALOPTIONS_H_EXISTS -I. -I./src -DDROPBEAR_SERVER -DDBMULTI_dropbear -DDBMULTI_dropbearkey -DDBMULTI_scp -DDROPBEAR_MULTI src/termcodes.c -o obj/termcodes.o -c
make -C libtomcrypt
make[1]: Entering directory '/home/cy122/x2pro-linux/refs/dropbear/dropbear-2026.94/libtomcrypt'
aarch64-linux-gnu-gcc -Isrc/headers/ -I./src/headers/ -I../ -I./../src -DLTC_SOURCE -I../libtommath/ -I./../libtommath/ -D_FORTIFY_SOURCE=2 -fstack-protector-strong -Wundef -fno-strict-overflow -Wno-pointer-sign -Os -W -Wall  -I./src/../libtomcrypt/src/headers/ -DLOCALOPTIONS_H_EXISTS -I. -I./src -DDROPBEAR_SERVER -DDBMULTI_dropbear -DDBMULTI_dropbearkey -DDBMULTI_scp -DDROPBEAR_MULTI -c src/ciphers/aes/aes.c -o src/ciphers/aes/aes.o
aarch64-linux-gnu-gcc -Isrc/headers/ -I./src/headers/ -I../ -I./../src -DLTC_SOURCE -I../libtommath/ -I./../libtommath/ -D_FORTIFY_SOURCE=2 -fstack-protector-strong -Wundef -fno-strict-overflow -Wno-pointer-sign -Os -W -Wall  -I./src/../libtomcrypt/src/headers/ -DLOCALOPTIONS_H_EXISTS -I. -I./src -DDROPBEAR_SERVER -DDBMULTI_dropbear -DDBMULTI_dropbearkey -DDBMULTI_scp -DDROPBEAR_MULTI -DENCRYPT_ONLY -c ./src/ciphers/aes/aes.c -o src/ciphers/aes/aes_enc.o
make -C libtommath
aarch64-linux-gnu-gcc -Isrc/headers/ -I./src/headers/ -I../ -I./../src -DLTC_SOURCE -I../libtommath/ -I./../libtommath/ -D_FORTIFY_SOURCE=2 -fstack-protector-strong -Wundef -fno-strict-overflow -Wno-pointer-sign -Os -W -Wall  -I./src/../libtomcrypt/src/headers/ -DLOCALOPTIONS_H_EXISTS -I. -I./src -DDROPBEAR_SERVER -DDBMULTI_dropbear -DDBMULTI_dropbearkey -DDBMULTI_scp -DDROPBEAR_MULTI -c src/ciphers/anubis.c -o src/ciphers/anubis.o
make[1]: Entering directory '/home/cy122/x2pro-linux/refs/dropbear/dropbear-2026.94/libtommath'
aarch64-linux-gnu-gcc -Isrc/headers/ -I./src/headers/ -I../ -I./../src -DLTC_SOURCE -I../libtommath/ -I./../libtommath/ -D_FORTIFY_SOURCE=2 -fstack-protector-strong -Wundef -fno-strict-overflow -Wno-pointer-sign -Os -W -Wall  -I./src/../libtomcrypt/src/headers/ -DLOCALOPTIONS_H_EXISTS -I. -I./src -DDROPBEAR_SERVER -DDBMULTI_dropbear -DDBMULTI_dropbearkey -DDBMULTI_scp -DDROPBEAR_MULTI -c src/ciphers/blowfish.c -o src/ciphers/blowfish.o
aarch64-linux-gnu-gcc -c -D_FORTIFY_SOURCE=2 -fstack-protector-strong -Wundef -fno-strict-overflow -Wno-pointer-sign -Os -W -Wall  -I. -I../libtomcrypt/src/headers/ -I./../libtomcrypt/src/headers/ -I../ -I./../src -Wno-deprecated -I./src/../libtomcrypt/src/headers/ -DLOCALOPTIONS_H_EXISTS -I. -I./src -DDROPBEAR_SERVER -DDBMULTI_dropbear -DDBMULTI_dropbearkey -DDBMULTI_scp -DDROPBEAR_MULTI -I./ -Wall -Wsign-compare -Wextra -Wshadow -Wdeclaration-after-statement -Wbad-function-cast -Wcast-align -Wstrict-prototypes -Wpointer-arith -Wsystem-headers -O3 -funroll-loops -fomit-frame-pointer bn_cutoffs.c -o bn_cutoffs.o
aarch64-linux-gnu-gcc -c -D_FORTIFY_SOURCE=2 -fstack-protector-strong -Wundef -fno-strict-overflow -Wno-pointer-sign -Os -W -Wall  -I. -I../libtomcrypt/src/headers/ -I./../libtomcrypt/src/headers/ -I../ -I./../src -Wno-deprecated -I./src/../libtomcrypt/src/headers/ -DLOCALOPTIONS_H_EXISTS -I. -I./src -DDROPBEAR_SERVER -DDBMULTI_dropbear -DDBMULTI_dropbearkey -DDBMULTI_scp -DDROPBEAR_MULTI -I./ -Wall -Wsign-compare -Wextra -Wshadow -Wdeclaration-after-statement -Wbad-function-cast -Wcast-align -Wstrict-prototypes -Wpointer-arith -Wsystem-headers -O3 -funroll-loops -fomit-frame-pointer bn_deprecated.c -o bn_deprecated.o
In file included from tommath.h:9,
                 from tommath_private.h:7,
                 from bn_cutoffs.c:1:
/usr/lib/gcc-cross/aarch64-linux-gnu/15/include/limits.h:200:10: warning: ‘__STDC_VERSION_LIMITS_H__’ redefined
  200 | # define __STDC_VERSION_LIMITS_H__      202311L
      |          ^~~~~~~~~~~~~~~~~~~~~~~~~
In file included from /usr/lib/gcc-cross/aarch64-linux-gnu/15/include/limits.h:210,
                 from /usr/lib/gcc-cross/aarch64-linux-gnu/15/include/syslimits.h:9,
                 from /usr/lib/gcc-cross/aarch64-linux-gnu/15/include/limits.h:34:
/usr/aarch64-linux-gnu/include/limits.h:192:11: note: this is the location of the previous definition
  192 | #  define __STDC_VERSION_LIMITS_H__ 202311L
      |           ^~~~~~~~~~~~~~~~~~~~~~~~~
aarch64-linux-gnu-gcc -Isrc/headers/ -I./src/headers/ -I../ -I./../src -DLTC_SOURCE -I../libtommath/ -I./../libtommath/ -D_FORTIFY_SOURCE=2 -fstack-protector-strong -Wundef -fno-strict-overflow -Wno-pointer-sign -Os -W -Wall  -I./src/../libtomcrypt/src/headers/ -DLOCALOPTIONS_H_EXISTS -I. -I./src -DDROPBEAR_SERVER -DDBMULTI_dropbear -DDBMULTI_dropbearkey -DDBMULTI_scp -DDROPBEAR_MULTI -c src/ciphers/camellia.c -o src/ciphers/camellia.o
aarch64-linux-gnu-gcc -Isrc/headers/ -I./src/headers/ -I../ -I./../src -DLTC_SOURCE -I../libtommath/ -I./../libtommath/ -D_FORTIFY_SOURCE=2 -fstack-protector-strong -Wundef -fno-strict-overflow -Wno-pointer-sign -Os -W -Wall  -I./src/../libtomcrypt/src/headers/ -DLOCALOPTIONS_H_EXISTS -I. -I./src -DDROPBEAR_SERVER -DDBMULTI_dropbear -DDBMULTI_dropbearkey -DDBMULTI_scp -DDROPBEAR_MULTI -c src/ciphers/cast5.c -o src/ciphers/cast5.o
aarch64-linux-gnu-gcc -Isrc/headers/ -I./src/headers/ -I../ -I./../src -DLTC_SOURCE -I../libtommath/ -I./../libtommath/ -D_FORTIFY_SOURCE=2 -fstack-protector-strong -Wundef -fno-strict-overflow -Wno-pointer-sign -Os -W -Wall  -I./src/../libtomcrypt/src/headers/ -DLOCALOPTIONS_H_EXISTS -I. -I./src -DDROPBEAR_SERVER -DDBMULTI_dropbear -DDBMULTI_dropbearkey -DDBMULTI_scp -DDROPBEAR_MULTI -c src/ciphers/des.c -o src/ciphers/des.o
aarch64-linux-gnu-gcc -c -D_FORTIFY_SOURCE=2 -fstack-protector-strong -Wundef -fno-strict-overflow -Wno-pointer-sign -Os -W -Wall  -I. -I../libtomcrypt/src/headers/ -I./../libtomcrypt/src/headers/ -I../ -I./../src -Wno-deprecated -I./src/../libtomcrypt/src/headers/ -DLOCALOPTIONS_H_EXISTS -I. -I./src -DDROPBEAR_SERVER -DDBMULTI_dropbear -DDBMULTI_dropbearkey -DDBMULTI_scp -DDROPBEAR_MULTI -I./ -Wall -Wsign-compare -Wextra -Wshadow -Wdeclaration-after-statement -Wbad-function-cast -Wcast-align -Wstrict-prototypes -Wpointer-arith -Wsystem-headers -O3 -funroll-loops -fomit-frame-pointer bn_mp_2expt.c -o bn_mp_2expt.o
In file included from tommath.h:9,
                 from tommath_private.h:7,
                 from bn_deprecated.c:1:
/usr/lib/gcc-cross/aarch64-linux-gnu/15/include/limits.h:200:10: warning: ‘__STDC_VERSION_LIMITS_H__’ redefined
  200 | # define __STDC_VERSION_LIMITS_H__      202311L
      |          ^~~~~~~~~~~~~~~~~~~~~~~~~
In file included from /usr/lib/gcc-cross/aarch64-linux-gnu/15/include/limits.h:210,
                 from /usr/lib/gcc-cross/aarch64-linux-gnu/15/include/syslimits.h:9,
                 from /usr/lib/gcc-cross/aarch64-linux-gnu/15/include/limits.h:34:
/usr/aarch64-linux-gnu/include/limits.h:192:11: note: this is the location of the previous definition
  192 | #  define __STDC_VERSION_LIMITS_H__ 202311L
      |           ^~~~~~~~~~~~~~~~~~~~~~~~~
aarch64-linux-gnu-gcc -Isrc/headers/ -I./src/headers/ -I../ -I./../src -DLTC_SOURCE -I../libtommath/ -I./../libtommath/ -D_FORTIFY_SOURCE=2 -fstack-protector-strong -Wundef -fno-strict-overflow -Wno-pointer-sign -Os -W -Wall  -I./src/../libtomcrypt/src/headers/ -DLOCALOPTIONS_H_EXISTS -I. -I./src -DDROPBEAR_SERVER -DDBMULTI_dropbear -DDBMULTI_dropbearkey -DDBMULTI_scp -DDROPBEAR_MULTI -c src/ciphers/kasumi.c -o src/ciphers/kasumi.o
aarch64-linux-gnu-gcc -c -D_FORTIFY_SOURCE=2 -fstack-protector-strong -Wundef -fno-strict-overflow -Wno-pointer-sign -Os -W -Wall  -I. -I../libtomcrypt/src/headers/ -I./../libtomcrypt/src/headers/ -I../ -I./../src -Wno-deprecated -I./src/../libtomcrypt/src/headers/ -DLOCALOPTIONS_H_EXISTS -I. -I./src -DDROPBEAR_SERVER -DDBMULTI_dropbear -DDBMULTI_dropbearkey -DDBMULTI_scp -DDROPBEAR_MULTI -I./ -Wall -Wsign-compare -Wextra -Wshadow -Wdeclaration-after-statement -Wbad-function-cast -Wcast-align -Wstrict-prototypes -Wpointer-arith -Wsystem-headers -O3 -funroll-loops -fomit-frame-pointer bn_mp_abs.c -o bn_mp_abs.o
aarch64-linux-gnu-gcc -c -D_FORTIFY_SOURCE=2 -fstack-protector-strong -Wundef -fno-strict-overflow -Wno-pointer-sign -Os -W -Wall  -I. -I../libtomcrypt/src/headers/ -I./../libtomcrypt/src/headers/ -I../ -I./../src -Wno-deprecated -I./src/../libtomcrypt/src/headers/ -DLOCALOPTIONS_H_EXISTS -I. -I./src -DDROPBEAR_SERVER -DDBMULTI_dropbear -DDBMULTI_dropbearkey -DDBMULTI_scp -DDROPBEAR_MULTI -I./ -Wall -Wsign-compare -Wextra -Wshadow -Wdeclaration-after-statement -Wbad-function-cast -Wcast-align -Wstrict-prototypes -Wpointer-arith -Wsystem-headers -O3 -funroll-loops -fomit-frame-pointer bn_mp_add.c -o bn_mp_add.o
In file included from tommath.h:9,
                 from tommath_private.h:7,
                 from bn_mp_2expt.c:1:
/usr/lib/gcc-cross/aarch64-linux-gnu/15/include/limits.h:200:10: warning: ‘__STDC_VERSION_LIMITS_H__’ redefined
  200 | # define __STDC_VERSION_LIMITS_H__      202311L
      |          ^~~~~~~~~~~~~~~~~~~~~~~~~
In file included from /usr/lib/gcc-cross/aarch64-linux-gnu/15/include/limits.h:210,
                 from /usr/lib/gcc-cross/aarch64-linux-gnu/15/include/syslimits.h:9,
                 from /usr/lib/gcc-cross/aarch64-linux-gnu/15/include/limits.h:34:
/usr/aarch64-linux-gnu/include/limits.h:192:11: note: this is the location of the previous definition
  192 | #  define __STDC_VERSION_LIMITS_H__ 202311L
      |           ^~~~~~~~~~~~~~~~~~~~~~~~~
In file included from tommath.h:9,
                 from tommath_private.h:7,
                 from bn_mp_abs.c:1:
/usr/lib/gcc-cross/aarch64-linux-gnu/15/include/limits.h:200:10: warning: ‘__STDC_VERSION_LIMITS_H__’ redefined
  200 | # define __STDC_VERSION_LIMITS_H__      202311L
      |          ^~~~~~~~~~~~~~~~~~~~~~~~~
In file included from /usr/lib/gcc-cross/aarch64-linux-gnu/15/include/limits.h:210,
                 from /usr/lib/gcc-cross/aarch64-linux-gnu/15/include/syslimits.h:9,
                 from /usr/lib/gcc-cross/aarch64-linux-gnu/15/include/limits.h:34:
/usr/aarch64-linux-gnu/include/limits.h:192:11: note: this is the location of the previous definition
  192 | #  define __STDC_VERSION_LIMITS_H__ 202311L
      |           ^~~~~~~~~~~~~~~~~~~~~~~~~
In file included from tommath.h:9,
                 from tommath_private.h:7,
                 from bn_mp_add.c:1:
/usr/lib/gcc-cross/aarch64-linux-gnu/15/include/limits.h:200:10: warning: ‘__STDC_VERSION_LIMITS_H__’ redefined
  200 | # define __STDC_VERSION_LIMITS_H__      202311L
      |          ^~~~~~~~~~~~~~~~~~~~~~~~~
In file included from /usr/lib/gcc-cross/aarch64-linux-gnu/15/include/limits.h:210,
                 from /usr/lib/gcc-cross/aarch64-linux-gnu/15/include/syslimits.h:9,
                 from /usr/lib/gcc-cross/aarch64-linux-gnu/15/include/limits.h:34:
/usr/aarch64-linux-gnu/include/limits.h:192:11: note: this is the location of the previous definition
  192 | #  define __STDC_VERSION_LIMITS_H__ 202311L
      |           ^~~~~~~~~~~~~~~~~~~~~~~~~
aarch64-linux-gnu-gcc -Isrc/headers/ -I./src/headers/ -I../ -I./../src -DLTC_SOURCE -I../libtommath/ -I./../libtommath/ -D_FORTIFY_SOURCE=2 -fstack-protector-strong -Wundef -fno-strict-overflow -Wno-pointer-sign -Os -W -Wall  -I./src/../libtomcrypt/src/headers/ -DLOCALOPTIONS_H_EXISTS -I. -I./src -DDROPBEAR_SERVER -DDBMULTI_dropbear -DDBMULTI_dropbearkey -DDBMULTI_scp -DDROPBEAR_MULTI -c src/ciphers/khazad.c -o src/ciphers/khazad.o
aarch64-linux-gnu-gcc -Isrc/headers/ -I./src/headers/ -I../ -I./../src -DLTC_SOURCE -I../libtommath/ -I./../libtommath/ -D_FORTIFY_SOURCE=2 -fstack-protector-strong -Wundef -fno-strict-overflow -Wno-pointer-sign -Os -W -Wall  -I./src/../libtomcrypt/src/headers/ -DLOCALOPTIONS_H_EXISTS -I. -I./src -DDROPBEAR_SERVER -DDBMULTI_dropbear -DDBMULTI_dropbearkey -DDBMULTI_scp -DDROPBEAR_MULTI -c src/ciphers/kseed.c -o src/ciphers/kseed.o
aarch64-linux-gnu-gcc -Isrc/headers/ -I./src/headers/ -I../ -I./../src -DLTC_SOURCE -I../libtommath/ -I./../libtommath/ -D_FORTIFY_SOURCE=2 -fstack-protector-strong -Wundef -fno-strict-overflow -Wno-pointer-sign -Os -W -Wall  -I./src/../libtomcrypt/src/headers/ -DLOCALOPTIONS_H_EXISTS -I. -I./src -DDROPBEAR_SERVER -DDBMULTI_dropbear -DDBMULTI_dropbearkey -DDBMULTI_scp -DDROPBEAR_MULTI -c src/ciphers/multi2.c -o src/ciphers/multi2.o
aarch64-linux-gnu-gcc -c -D_FORTIFY_SOURCE=2 -fstack-protector-strong -Wundef -fno-strict-overflow -Wno-pointer-sign -Os -W -Wall  -I. -I../libtomcrypt/src/headers/ -I./../libtomcrypt/src/headers/ -I../ -I./../src -Wno-deprecated -I./src/../libtomcrypt/src/headers/ -DLOCALOPTIONS_H_EXISTS -I. -I./src -DDROPBEAR_SERVER -DDBMULTI_dropbear -DDBMULTI_dropbearkey -DDBMULTI_scp -DDROPBEAR_MULTI -I./ -Wall -Wsign-compare -Wextra -Wshadow -Wdeclaration-after-statement -Wbad-function-cast -Wcast-align -Wstrict-prototypes -Wpointer-arith -Wsystem-headers -O3 -funroll-loops -fomit-frame-pointer bn_mp_add_d.c -o bn_mp_add_d.o
aarch64-linux-gnu-gcc -Isrc/headers/ -I./src/headers/ -I../ -I./../src -DLTC_SOURCE -I../libtommath/ -I./../libtommath/ -D_FORTIFY_SOURCE=2 -fstack-protector-strong -Wundef -fno-strict-overflow -Wno-pointer-sign -Os -W -Wall  -I./src/../libtomcrypt/src/headers/ -DLOCALOPTIONS_H_EXISTS -I. -I./src -DDROPBEAR_SERVER -DDBMULTI_dropbear -DDBMULTI_dropbearkey -DDBMULTI_scp -DDROPBEAR_MULTI -c src/ciphers/noekeon.c -o src/ciphers/noekeon.o
aarch64-linux-gnu-gcc -c -D_FORTIFY_SOURCE=2 -fstack-protector-strong -Wundef -fno-strict-overflow -Wno-pointer-sign -Os -W -Wall  -I. -I../libtomcrypt/src/headers/ -I./../libtomcrypt/src/headers/ -I../ -I./../src -Wno-deprecated -I./src/../libtomcrypt/src/headers/ -DLOCALOPTIONS_H_EXISTS -I. -I./src -DDROPBEAR_SERVER -DDBMULTI_dropbear -DDBMULTI_dropbearkey -DDBMULTI_scp -DDROPBEAR_MULTI -I./ -Wall -Wsign-compare -Wextra -Wshadow -Wdeclaration-after-statement -Wbad-function-cast -Wcast-align -Wstrict-prototypes -Wpointer-arith -Wsystem-headers -O3 -funroll-loops -fomit-frame-pointer bn_mp_addmod.c -o bn_mp_addmod.o
aarch64-linux-gnu-gcc -c -D_FORTIFY_SOURCE=2 -fstack-protector-strong -Wundef -fno-strict-overflow -Wno-pointer-sign -Os -W -Wall  -I. -I../libtomcrypt/src/headers/ -I./../libtomcrypt/src/headers/ -I../ -I./../src -Wno-deprecated -I./src/../libtomcrypt/src/headers/ -DLOCALOPTIONS_H_EXISTS -I. -I./src -DDROPBEAR_SERVER -DDBMULTI_dropbear -DDBMULTI_dropbearkey -DDBMULTI_scp -DDROPBEAR_MULTI -I./ -Wall -Wsign-compare -Wextra -Wshadow -Wdeclaration-after-statement -Wbad-function-cast -Wcast-align -Wstrict-prototypes -Wpointer-arith -Wsystem-headers -O3 -funroll-loops -fomit-frame-pointer bn_mp_and.c -o bn_mp_and.o
In file included from tommath.h:9,
                 from tommath_private.h:7,
                 from bn_mp_add_d.c:1:
/usr/lib/gcc-cross/aarch64-linux-gnu/15/include/limits.h:200:10: warning: ‘__STDC_VERSION_LIMITS_H__’ redefined
  200 | # define __STDC_VERSION_LIMITS_H__      202311L
      |          ^~~~~~~~~~~~~~~~~~~~~~~~~
In file included from /usr/lib/gcc-cross/aarch64-linux-gnu/15/include/limits.h:210,
                 from /usr/lib/gcc-cross/aarch64-linux-gnu/15/include/syslimits.h:9,
                 from /usr/lib/gcc-cross/aarch64-linux-gnu/15/include/limits.h:34:
/usr/aarch64-linux-gnu/include/limits.h:192:11: note: this is the location of the previous definition
  192 | #  define __STDC_VERSION_LIMITS_H__ 202311L
      |           ^~~~~~~~~~~~~~~~~~~~~~~~~
aarch64-linux-gnu-gcc -Isrc/headers/ -I./src/headers/ -I../ -I./../src -DLTC_SOURCE -I../libtommath/ -I./../libtommath/ -D_FORTIFY_SOURCE=2 -fstack-protector-strong -Wundef -fno-strict-overflow -Wno-pointer-sign -Os -W -Wall  -I./src/../libtomcrypt/src/headers/ -DLOCALOPTIONS_H_EXISTS -I. -I./src -DDROPBEAR_SERVER -DDBMULTI_dropbear -DDBMULTI_dropbearkey -DDBMULTI_scp -DDROPBEAR_MULTI -c src/ciphers/rc2.c -o src/ciphers/rc2.o
aarch64-linux-gnu-gcc -c -D_FORTIFY_SOURCE=2 -fstack-protector-strong -Wundef -fno-strict-overflow -Wno-pointer-sign -Os -W -Wall  -I. -I../libtomcrypt/src/headers/ -I./../libtomcrypt/src/headers/ -I../ -I./../src -Wno-deprecated -I./src/../libtomcrypt/src/headers/ -DLOCALOPTIONS_H_EXISTS -I. -I./src -DDROPBEAR_SERVER -DDBMULTI_dropbear -DDBMULTI_dropbearkey -DDBMULTI_scp -DDROPBEAR_MULTI -I./ -Wall -Wsign-compare -Wextra -Wshadow -Wdeclaration-after-statement -Wbad-function-cast -Wcast-align -Wstrict-prototypes -Wpointer-arith -Wsystem-headers -O3 -funroll-loops -fomit-frame-pointer bn_mp_clamp.c -o bn_mp_clamp.o
In file included from tommath.h:9,
                 from tommath_private.h:7,
                 from bn_mp_addmod.c:1:
/usr/lib/gcc-cross/aarch64-linux-gnu/15/include/limits.h:200:10: warning: ‘__STDC_VERSION_LIMITS_H__’ redefined
  200 | # define __STDC_VERSION_LIMITS_H__      202311L
      |          ^~~~~~~~~~~~~~~~~~~~~~~~~
In file included from /usr/lib/gcc-cross/aarch64-linux-gnu/15/include/limits.h:210,
                 from /usr/lib/gcc-cross/aarch64-linux-gnu/15/include/syslimits.h:9,
                 from /usr/lib/gcc-cross/aarch64-linux-gnu/15/include/limits.h:34:
/usr/aarch64-linux-gnu/include/limits.h:192:11: note: this is the location of the previous definition
  192 | #  define __STDC_VERSION_LIMITS_H__ 202311L
      |           ^~~~~~~~~~~~~~~~~~~~~~~~~
In file included from tommath.h:9,
                 from tommath_private.h:7,
                 from bn_mp_and.c:1:
/usr/lib/gcc-cross/aarch64-linux-gnu/15/include/limits.h:200:10: warning: ‘__STDC_VERSION_LIMITS_H__’ redefined
  200 | # define __STDC_VERSION_LIMITS_H__      202311L
      |          ^~~~~~~~~~~~~~~~~~~~~~~~~
In file included from /usr/lib/gcc-cross/aarch64-linux-gnu/15/include/limits.h:210,
                 from /usr/lib/gcc-cross/aarch64-linux-gnu/15/include/syslimits.h:9,
                 from /usr/lib/gcc-cross/aarch64-linux-gnu/15/include/limits.h:34:
/usr/aarch64-linux-gnu/include/limits.h:192:11: note: this is the location of the previous definition
  192 | #  define __STDC_VERSION_LIMITS_H__ 202311L
      |           ^~~~~~~~~~~~~~~~~~~~~~~~~
aarch64-linux-gnu-gcc -Isrc/headers/ -I./src/headers/ -I../ -I./../src -DLTC_SOURCE -I../libtommath/ -I./../libtommath/ -D_FORTIFY_SOURCE=2 -fstack-protector-strong -Wundef -fno-strict-overflow -Wno-pointer-sign -Os -W -Wall  -I./src/../libtomcrypt/src/headers/ -DLOCALOPTIONS_H_EXISTS -I. -I./src -DDROPBEAR_SERVER -DDBMULTI_dropbear -DDBMULTI_dropbearkey -DDBMULTI_scp -DDROPBEAR_MULTI -c src/ciphers/rc5.c -o src/ciphers/rc5.o
In file included from tommath.h:9,
                 from tommath_private.h:7,
                 from bn_mp_clamp.c:1:
/usr/lib/gcc-cross/aarch64-linux-gnu/15/include/limits.h:200:10: warning: ‘__STDC_VERSION_LIMITS_H__’ redefined
  200 | # define __STDC_VERSION_LIMITS_H__      202311L
      |          ^~~~~~~~~~~~~~~~~~~~~~~~~
In file included from /usr/lib/gcc-cross/aarch64-linux-gnu/15/include/limits.h:210,
                 from /usr/lib/gcc-cross/aarch64-linux-gnu/15/include/syslimits.h:9,
                 from /usr/lib/gcc-cross/aarch64-linux-gnu/15/include/limits.h:34:
/usr/aarch64-linux-gnu/include/limits.h:192:11: note: this is the location of the previous definition
  192 | #  define __STDC_VERSION_LIMITS_H__ 202311L
      |           ^~~~~~~~~~~~~~~~~~~~~~~~~
aarch64-linux-gnu-gcc -c -D_FORTIFY_SOURCE=2 -fstack-protector-strong -Wundef -fno-strict-overflow -Wno-pointer-sign -Os -W -Wall  -I. -I../libtomcrypt/src/headers/ -I./../libtomcrypt/src/headers/ -I../ -I./../src -Wno-deprecated -I./src/../libtomcrypt/src/headers/ -DLOCALOPTIONS_H_EXISTS -I. -I./src -DDROPBEAR_SERVER -DDBMULTI_dropbear -DDBMULTI_dropbearkey -DDBMULTI_scp -DDROPBEAR_MULTI -I./ -Wall -Wsign-compare -Wextra -Wshadow -Wdeclaration-after-statement -Wbad-function-cast -Wcast-align -Wstrict-prototypes -Wpointer-arith -Wsystem-headers -O3 -funroll-loops -fomit-frame-pointer bn_mp_clear.c -o bn_mp_clear.o
aarch64-linux-gnu-gcc -Isrc/headers/ -I./src/headers/ -I../ -I./../src -DLTC_SOURCE -I../libtommath/ -I./../libtommath/ -D_FORTIFY_SOURCE=2 -fstack-protector-strong -Wundef -fno-strict-overflow -Wno-pointer-sign -Os -W -Wall  -I./src/../libtomcrypt/src/headers/ -DLOCALOPTIONS_H_EXISTS -I. -I./src -DDROPBEAR_SERVER -DDBMULTI_dropbear -DDBMULTI_dropbearkey -DDBMULTI_scp -DDROPBEAR_MULTI -c src/ciphers/rc6.c -o src/ciphers/rc6.o
aarch64-linux-gnu-gcc -Isrc/headers/ -I./src/headers/ -I../ -I./../src -DLTC_SOURCE -I../libtommath/ -I./../libtommath/ -D_FORTIFY_SOURCE=2 -fstack-protector-strong -Wundef -fno-strict-overflow -Wno-pointer-sign -Os -W -Wall  -I./src/../libtomcrypt/src/headers/ -DLOCALOPTIONS_H_EXISTS -I. -I./src -DDROPBEAR_SERVER -DDBMULTI_dropbear -DDBMULTI_dropbearkey -DDBMULTI_scp -DDROPBEAR_MULTI -c src/ciphers/safer/safer.c -o src/ciphers/safer/safer.o
aarch64-linux-gnu-gcc -c -D_FORTIFY_SOURCE=2 -fstack-protector-strong -Wundef -fno-strict-overflow -Wno-pointer-sign -Os -W -Wall  -I. -I../libtomcrypt/src/headers/ -I./../libtomcrypt/src/headers/ -I../ -I./../src -Wno-deprecated -I./src/../libtomcrypt/src/headers/ -DLOCALOPTIONS_H_EXISTS -I. -I./src -DDROPBEAR_SERVER -DDBMULTI_dropbear -DDBMULTI_dropbearkey -DDBMULTI_scp -DDROPBEAR_MULTI -I./ -Wall -Wsign-compare -Wextra -Wshadow -Wdeclaration-after-statement -Wbad-function-cast -Wcast-align -Wstrict-prototypes -Wpointer-arith -Wsystem-headers -O3 -funroll-loops -fomit-frame-pointer bn_mp_clear_multi.c -o bn_mp_clear_multi.o
In file included from tommath.h:9,
                 from tommath_private.h:7,
                 from bn_mp_clear.c:1:
/usr/lib/gcc-cross/aarch64-linux-gnu/15/include/limits.h:200:10: warning: ‘__STDC_VERSION_LIMITS_H__’ redefined
  200 | # define __STDC_VERSION_LIMITS_H__      202311L
      |          ^~~~~~~~~~~~~~~~~~~~~~~~~
In file included from /usr/lib/gcc-cross/aarch64-linux-gnu/15/include/limits.h:210,
                 from /usr/lib/gcc-cross/aarch64-linux-gnu/15/include/syslimits.h:9,
                 from /usr/lib/gcc-cross/aarch64-linux-gnu/15/include/limits.h:34:
/usr/aarch64-linux-gnu/include/limits.h:192:11: note: this is the location of the previous definition
  192 | #  define __STDC_VERSION_LIMITS_H__ 202311L
      |           ^~~~~~~~~~~~~~~~~~~~~~~~~
aarch64-linux-gnu-gcc -c -D_FORTIFY_SOURCE=2 -fstack-protector-strong -Wundef -fno-strict-overflow -Wno-pointer-sign -Os -W -Wall  -I. -I../libtomcrypt/src/headers/ -I./../libtomcrypt/src/headers/ -I../ -I./../src -Wno-deprecated -I./src/../libtomcrypt/src/headers/ -DLOCALOPTIONS_H_EXISTS -I. -I./src -DDROPBEAR_SERVER -DDBMULTI_dropbear -DDBMULTI_dropbearkey -DDBMULTI_scp -DDROPBEAR_MULTI -I./ -Wall -Wsign-compare -Wextra -Wshadow -Wdeclaration-after-statement -Wbad-function-cast -Wcast-align -Wstrict-prototypes -Wpointer-arith -Wsystem-headers -O3 -funroll-loops -fomit-frame-pointer bn_mp_cmp.c -o bn_mp_cmp.o
aarch64-linux-gnu-gcc -Isrc/headers/ -I./src/headers/ -I../ -I./../src -DLTC_SOURCE -I../libtommath/ -I./../libtommath/ -D_FORTIFY_SOURCE=2 -fstack-protector-strong -Wundef -fno-strict-overflow -Wno-pointer-sign -Os -W -Wall  -I./src/../libtomcrypt/src/headers/ -DLOCALOPTIONS_H_EXISTS -I. -I./src -DDROPBEAR_SERVER -DDBMULTI_dropbear -DDBMULTI_dropbearkey -DDBMULTI_scp -DDROPBEAR_MULTI -c src/ciphers/safer/saferp.c -o src/ciphers/safer/saferp.o
aarch64-linux-gnu-gcc -c -D_FORTIFY_SOURCE=2 -fstack-protector-strong -Wundef -fno-strict-overflow -Wno-pointer-sign -Os -W -Wall  -I. -I../libtomcrypt/src/headers/ -I./../libtomcrypt/src/headers/ -I../ -I./../src -Wno-deprecated -I./src/../libtomcrypt/src/headers/ -DLOCALOPTIONS_H_EXISTS -I. -I./src -DDROPBEAR_SERVER -DDBMULTI_dropbear -DDBMULTI_dropbearkey -DDBMULTI_scp -DDROPBEAR_MULTI -I./ -Wall -Wsign-compare -Wextra -Wshadow -Wdeclaration-after-statement -Wbad-function-cast -Wcast-align -Wstrict-prototypes -Wpointer-arith -Wsystem-headers -O3 -funroll-loops -fomit-frame-pointer bn_mp_cmp_d.c -o bn_mp_cmp_d.o
In file included from tommath.h:9,
                 from tommath_private.h:7,
                 from bn_mp_clear_multi.c:1:
/usr/lib/gcc-cross/aarch64-linux-gnu/15/include/limits.h:200:10: warning: ‘__STDC_VERSION_LIMITS_H__’ redefined
  200 | # define __STDC_VERSION_LIMITS_H__      202311L
      |          ^~~~~~~~~~~~~~~~~~~~~~~~~
In file included from /usr/lib/gcc-cross/aarch64-linux-gnu/15/include/limits.h:210,
                 from /usr/lib/gcc-cross/aarch64-linux-gnu/15/include/syslimits.h:9,
                 from /usr/lib/gcc-cross/aarch64-linux-gnu/15/include/limits.h:34:
/usr/aarch64-linux-gnu/include/limits.h:192:11: note: this is the location of the previous definition
  192 | #  define __STDC_VERSION_LIMITS_H__ 202311L
      |           ^~~~~~~~~~~~~~~~~~~~~~~~~
aarch64-linux-gnu-gcc -c -D_FORTIFY_SOURCE=2 -fstack-protector-strong -Wundef -fno-strict-overflow -Wno-pointer-sign -Os -W -Wall  -I. -I../libtomcrypt/src/headers/ -I./../libtomcrypt/src/headers/ -I../ -I./../src -Wno-deprecated -I./src/../libtomcrypt/src/headers/ -DLOCALOPTIONS_H_EXISTS -I. -I./src -DDROPBEAR_SERVER -DDBMULTI_dropbear -DDBMULTI_dropbearkey -DDBMULTI_scp -DDROPBEAR_MULTI -I./ -Wall -Wsign-compare -Wextra -Wshadow -Wdeclaration-after-statement -Wbad-function-cast -Wcast-align -Wstrict-prototypes -Wpointer-arith -Wsystem-headers -O3 -funroll-loops -fomit-frame-pointer bn_mp_cmp_mag.c -o bn_mp_cmp_mag.o
aarch64-linux-gnu-gcc -Isrc/headers/ -I./src/headers/ -I../ -I./../src -DLTC_SOURCE -I../libtommath/ -I./../libtommath/ -D_FORTIFY_SOURCE=2 -fstack-protector-strong -Wundef -fno-strict-overflow -Wno-pointer-sign -Os -W -Wall  -I./src/../libtomcrypt/src/headers/ -DLOCALOPTIONS_H_EXISTS -I. -I./src -DDROPBEAR_SERVER -DDBMULTI_dropbear -DDBMULTI_dropbearkey -DDBMULTI_scp -DDROPBEAR_MULTI -c src/ciphers/skipjack.c -o src/ciphers/skipjack.o
In file included from tommath.h:9,
                 from tommath_private.h:7,
                 from bn_mp_cmp.c:1:
/usr/lib/gcc-cross/aarch64-linux-gnu/15/include/limits.h:200:10: warning: ‘__STDC_VERSION_LIMITS_H__’ redefined
  200 | # define __STDC_VERSION_LIMITS_H__      202311L
      |          ^~~~~~~~~~~~~~~~~~~~~~~~~
In file included from /usr/lib/gcc-cross/aarch64-linux-gnu/15/include/limits.h:210,
                 from /usr/lib/gcc-cross/aarch64-linux-gnu/15/include/syslimits.h:9,
                 from /usr/lib/gcc-cross/aarch64-linux-gnu/15/include/limits.h:34:
/usr/aarch64-linux-gnu/include/limits.h:192:11: note: this is the location of the previous definition
  192 | #  define __STDC_VERSION_LIMITS_H__ 202311L
      |           ^~~~~~~~~~~~~~~~~~~~~~~~~
aarch64-linux-gnu-gcc -c -D_FORTIFY_SOURCE=2 -fstack-protector-strong -Wundef -fno-strict-overflow -Wno-pointer-sign -Os -W -Wall  -I. -I../libtomcrypt/src/headers/ -I./../libtomcrypt/src/headers/ -I../ -I./../src -Wno-deprecated -I./src/../libtomcrypt/src/headers/ -DLOCALOPTIONS_H_EXISTS -I. -I./src -DDROPBEAR_SERVER -DDBMULTI_dropbear -DDBMULTI_dropbearkey -DDBMULTI_scp -DDROPBEAR_MULTI -I./ -Wall -Wsign-compare -Wextra -Wshadow -Wdeclaration-after-statement -Wbad-function-cast -Wcast-align -Wstrict-prototypes -Wpointer-arith -Wsystem-headers -O3 -funroll-loops -fomit-frame-pointer bn_mp_cnt_lsb.c -o bn_mp_cnt_lsb.o
In file included from tommath.h:9,
                 from tommath_private.h:7,
                 from bn_mp_cmp_d.c:1:
/usr/lib/gcc-cross/aarch64-linux-gnu/15/include/limits.h:200:10: warning: ‘__STDC_VERSION_LIMITS_H__’ redefined
  200 | # define __STDC_VERSION_LIMITS_H__      202311L
      |          ^~~~~~~~~~~~~~~~~~~~~~~~~
In file included from /usr/lib/gcc-cross/aarch64-linux-gnu/15/include/limits.h:210,
                 from /usr/lib/gcc-cross/aarch64-linux-gnu/15/include/syslimits.h:9,
                 from /usr/lib/gcc-cross/aarch64-linux-gnu/15/include/limits.h:34:
/usr/aarch64-linux-gnu/include/limits.h:192:11: note: this is the location of the previous definition
  192 | #  define __STDC_VERSION_LIMITS_H__ 202311L
      |           ^~~~~~~~~~~~~~~~~~~~~~~~~
In file included from tommath.h:9,
                 from tommath_private.h:7,
                 from bn_mp_cmp_mag.c:1:
/usr/lib/gcc-cross/aarch64-linux-gnu/15/include/limits.h:200:10: warning: ‘__STDC_VERSION_LIMITS_H__’ redefined
  200 | # define __STDC_VERSION_LIMITS_H__      202311L
      |          ^~~~~~~~~~~~~~~~~~~~~~~~~
In file included from /usr/lib/gcc-cross/aarch64-linux-gnu/15/include/limits.h:210,
                 from /usr/lib/gcc-cross/aarch64-linux-gnu/15/include/syslimits.h:9,
                 from /usr/lib/gcc-cross/aarch64-linux-gnu/15/include/limits.h:34:
/usr/aarch64-linux-gnu/include/limits.h:192:11: note: this is the location of the previous definition
  192 | #  define __STDC_VERSION_LIMITS_H__ 202311L
      |           ^~~~~~~~~~~~~~~~~~~~~~~~~
aarch64-linux-gnu-gcc -Isrc/headers/ -I./src/headers/ -I../ -I./../src -DLTC_SOURCE -I../libtommath/ -I./../libtommath/ -D_FORTIFY_SOURCE=2 -fstack-protector-strong -Wundef -fno-strict-overflow -Wno-pointer-sign -Os -W -Wall  -I./src/../libtomcrypt/src/headers/ -DLOCALOPTIONS_H_EXISTS -I. -I./src -DDROPBEAR_SERVER -DDBMULTI_dropbear -DDBMULTI_dropbearkey -DDBMULTI_scp -DDROPBEAR_MULTI -c src/ciphers/twofish/twofish.c -o src/ciphers/twofish/twofish.o
In file included from tommath.h:9,
                 from tommath_private.h:7,
                 from bn_mp_cnt_lsb.c:1:
/usr/lib/gcc-cross/aarch64-linux-gnu/15/include/limits.h:200:10: warning: ‘__STDC_VERSION_LIMITS_H__’ redefined
  200 | # define __STDC_VERSION_LIMITS_H__      202311L
      |          ^~~~~~~~~~~~~~~~~~~~~~~~~
aarch64-linux-gnu-gcc -c -D_FORTIFY_SOURCE=2 -fstack-protector-strong -Wundef -fno-strict-overflow -Wno-pointer-sign -Os -W -Wall  -I. -I../libtomcrypt/src/headers/ -I./../libtomcrypt/src/headers/ -I../ -I./../src -Wno-deprecated -I./src/../libtomcrypt/src/headers/ -DLOCALOPTIONS_H_EXISTS -I. -I./src -DDROPBEAR_SERVER -DDBMULTI_dropbear -DDBMULTI_dropbearkey -DDBMULTI_scp -DDROPBEAR_MULTI -I./ -Wall -Wsign-compare -Wextra -Wshadow -Wdeclaration-after-statement -Wbad-function-cast -Wcast-align -Wstrict-prototypes -Wpointer-arith -Wsystem-headers -O3 -funroll-loops -fomit-frame-pointer bn_mp_complement.c -o bn_mp_complement.o
In file included from /usr/lib/gcc-cross/aarch64-linux-gnu/15/include/limits.h:210,
                 from /usr/lib/gcc-cross/aarch64-linux-gnu/15/include/syslimits.h:9,
                 from /usr/lib/gcc-cross/aarch64-linux-gnu/15/include/limits.h:34:
/usr/aarch64-linux-gnu/include/limits.h:192:11: note: this is the location of the previous definition
  192 | #  define __STDC_VERSION_LIMITS_H__ 202311L
      |           ^~~~~~~~~~~~~~~~~~~~~~~~~
aarch64-linux-gnu-gcc -Isrc/headers/ -I./src/headers/ -I../ -I./../src -DLTC_SOURCE -I../libtommath/ -I./../libtommath/ -D_FORTIFY_SOURCE=2 -fstack-protector-strong -Wundef -fno-strict-overflow -Wno-pointer-sign -Os -W -Wall  -I./src/../libtomcrypt/src/headers/ -DLOCALOPTIONS_H_EXISTS -I. -I./src -DDROPBEAR_SERVER -DDBMULTI_dropbear -DDBMULTI_dropbearkey -DDBMULTI_scp -DDROPBEAR_MULTI -c src/ciphers/xtea.c -o src/ciphers/xtea.o
aarch64-linux-gnu-gcc -Isrc/headers/ -I./src/headers/ -I../ -I./../src -DLTC_SOURCE -I../libtommath/ -I./../libtommath/ -D_FORTIFY_SOURCE=2 -fstack-protector-strong -Wundef -fno-strict-overflow -Wno-pointer-sign -Os -W -Wall  -I./src/../libtomcrypt/src/headers/ -DLOCALOPTIONS_H_EXISTS -I. -I./src -DDROPBEAR_SERVER -DDBMULTI_dropbear -DDBMULTI_dropbearkey -DDBMULTI_scp -DDROPBEAR_MULTI -c src/encauth/ccm/ccm_add_aad.c -o src/encauth/ccm/ccm_add_aad.o
aarch64-linux-gnu-gcc -Isrc/headers/ -I./src/headers/ -I../ -I./../src -DLTC_SOURCE -I../libtommath/ -I./../libtommath/ -D_FORTIFY_SOURCE=2 -fstack-protector-strong -Wundef -fno-strict-overflow -Wno-pointer-sign -Os -W -Wall  -I./src/../libtomcrypt/src/headers/ -DLOCALOPTIONS_H_EXISTS -I. -I./src -DDROPBEAR_SERVER -DDBMULTI_dropbear -DDBMULTI_dropbearkey -DDBMULTI_scp -DDROPBEAR_MULTI -c src/encauth/ccm/ccm_add_nonce.c -o src/encauth/ccm/ccm_add_nonce.o
In file included from tommath.h:9,
                 from tommath_private.h:7,
                 from bn_mp_complement.c:1:
/usr/lib/gcc-cross/aarch64-linux-gnu/15/include/limits.h:200:10: warning: ‘__STDC_VERSION_LIMITS_H__’ redefined
  200 | # define __STDC_VERSION_LIMITS_H__      202311L
      |          ^~~~~~~~~~~~~~~~~~~~~~~~~
In file included from /usr/lib/gcc-cross/aarch64-linux-gnu/15/include/limits.h:210,
                 from /usr/lib/gcc-cross/aarch64-linux-gnu/15/include/syslimits.h:9,
                 from /usr/lib/gcc-cross/aarch64-linux-gnu/15/include/limits.h:34:
/usr/aarch64-linux-gnu/include/limits.h:192:11: note: this is the location of the previous definition
  192 | #  define __STDC_VERSION_LIMITS_H__ 202311L
      |           ^~~~~~~~~~~~~~~~~~~~~~~~~
aarch64-linux-gnu-gcc -c -D_FORTIFY_SOURCE=2 -fstack-protector-strong -Wundef -fno-strict-overflow -Wno-pointer-sign -Os -W -Wall  -I. -I../libtomcrypt/src/headers/ -I./../libtomcrypt/src/headers/ -I../ -I./../src -Wno-deprecated -I./src/../libtomcrypt/src/headers/ -DLOCALOPTIONS_H_EXISTS -I. -I./src -DDROPBEAR_SERVER -DDBMULTI_dropbear -DDBMULTI_dropbearkey -DDBMULTI_scp -DDROPBEAR_MULTI -I./ -Wall -Wsign-compare -Wextra -Wshadow -Wdeclaration-after-statement -Wbad-function-cast -Wcast-align -Wstrict-prototypes -Wpointer-arith -Wsystem-headers -O3 -funroll-loops -fomit-frame-pointer bn_mp_copy.c -o bn_mp_copy.o
aarch64-linux-gnu-gcc -c -D_FORTIFY_SOURCE=2 -fstack-protector-strong -Wundef -fno-strict-overflow -Wno-pointer-sign -Os -W -Wall  -I. -I../libtomcrypt/src/headers/ -I./../libtomcrypt/src/headers/ -I../ -I./../src -Wno-deprecated -I./src/../libtomcrypt/src/headers/ -DLOCALOPTIONS_H_EXISTS -I. -I./src -DDROPBEAR_SERVER -DDBMULTI_dropbear -DDBMULTI_dropbearkey -DDBMULTI_scp -DDROPBEAR_MULTI -I./ -Wall -Wsign-compare -Wextra -Wshadow -Wdeclaration-after-statement -Wbad-function-cast -Wcast-align -Wstrict-prototypes -Wpointer-arith -Wsystem-headers -O3 -funroll-loops -fomit-frame-pointer bn_mp_count_bits.c -o bn_mp_count_bits.o
aarch64-linux-gnu-gcc -Isrc/headers/ -I./src/headers/ -I../ -I./../src -DLTC_SOURCE -I../libtommath/ -I./../libtommath/ -D_FORTIFY_SOURCE=2 -fstack-protector-strong -Wundef -fno-strict-overflow -Wno-pointer-sign -Os -W -Wall  -I./src/../libtomcrypt/src/headers/ -DLOCALOPTIONS_H_EXISTS -I. -I./src -DDROPBEAR_SERVER -DDBMULTI_dropbear -DDBMULTI_dropbearkey -DDBMULTI_scp -DDROPBEAR_MULTI -c src/encauth/ccm/ccm_done.c -o src/encauth/ccm/ccm_done.o
In file included from tommath.h:9,
                 from tommath_private.h:7,
                 from bn_mp_copy.c:1:
/usr/lib/gcc-cross/aarch64-linux-gnu/15/include/limits.h:200:10: warning: ‘__STDC_VERSION_LIMITS_H__’ redefined
  200 | # define __STDC_VERSION_LIMITS_H__      202311L
      |          ^~~~~~~~~~~~~~~~~~~~~~~~~
In file included from /usr/lib/gcc-cross/aarch64-linux-gnu/15/include/limits.h:210,
                 from /usr/lib/gcc-cross/aarch64-linux-gnu/15/include/syslimits.h:9,
                 from /usr/lib/gcc-cross/aarch64-linux-gnu/15/include/limits.h:34:
/usr/aarch64-linux-gnu/include/limits.h:192:11: note: this is the location of the previous definition
  192 | #  define __STDC_VERSION_LIMITS_H__ 202311L
      |           ^~~~~~~~~~~~~~~~~~~~~~~~~
In file included from tommath.h:9,
                 from tommath_private.h:7,
                 from bn_mp_count_bits.c:1:
/usr/lib/gcc-cross/aarch64-linux-gnu/15/include/limits.h:200:10: warning: ‘__STDC_VERSION_LIMITS_H__’ redefined
  200 | # define __STDC_VERSION_LIMITS_H__      202311L
      |          ^~~~~~~~~~~~~~~~~~~~~~~~~
In file included from /usr/lib/gcc-cross/aarch64-linux-gnu/15/include/limits.h:210,
                 from /usr/lib/gcc-cross/aarch64-linux-gnu/15/include/syslimits.h:9,
                 from /usr/lib/gcc-cross/aarch64-linux-gnu/15/include/limits.h:34:
/usr/aarch64-linux-gnu/include/limits.h:192:11: note: this is the location of the previous definition
  192 | #  define __STDC_VERSION_LIMITS_H__ 202311L
      |           ^~~~~~~~~~~~~~~~~~~~~~~~~
aarch64-linux-gnu-gcc -Isrc/headers/ -I./src/headers/ -I../ -I./../src -DLTC_SOURCE -I../libtommath/ -I./../libtommath/ -D_FORTIFY_SOURCE=2 -fstack-protector-strong -Wundef -fno-strict-overflow -Wno-pointer-sign -Os -W -Wall  -I./src/../libtomcrypt/src/headers/ -DLOCALOPTIONS_H_EXISTS -I. -I./src -DDROPBEAR_SERVER -DDBMULTI_dropbear -DDBMULTI_dropbearkey -DDBMULTI_scp -DDROPBEAR_MULTI -c src/encauth/ccm/ccm_init.c -o src/encauth/ccm/ccm_init.o
aarch64-linux-gnu-gcc -c -D_FORTIFY_SOURCE=2 -fstack-protector-strong -Wundef -fno-strict-overflow -Wno-pointer-sign -Os -W -Wall  -I. -I../libtomcrypt/src/headers/ -I./../libtomcrypt/src/headers/ -I../ -I./../src -Wno-deprecated -I./src/../libtomcrypt/src/headers/ -DLOCALOPTIONS_H_EXISTS -I. -I./src -DDROPBEAR_SERVER -DDBMULTI_dropbear -DDBMULTI_dropbearkey -DDBMULTI_scp -DDROPBEAR_MULTI -I./ -Wall -Wsign-compare -Wextra -Wshadow -Wdeclaration-after-statement -Wbad-function-cast -Wcast-align -Wstrict-prototypes -Wpointer-arith -Wsystem-headers -O3 -funroll-loops -fomit-frame-pointer bn_mp_decr.c -o bn_mp_decr.o
aarch64-linux-gnu-gcc -c -D_FORTIFY_SOURCE=2 -fstack-protector-strong -Wundef -fno-strict-overflow -Wno-pointer-sign -Os -W -Wall  -I. -I../libtomcrypt/src/headers/ -I./../libtomcrypt/src/headers/ -I../ -I./../src -Wno-deprecated -I./src/../libtomcrypt/src/headers/ -DLOCALOPTIONS_H_EXISTS -I. -I./src -DDROPBEAR_SERVER -DDBMULTI_dropbear -DDBMULTI_dropbearkey -DDBMULTI_scp -DDROPBEAR_MULTI -I./ -Wall -Wsign-compare -Wextra -Wshadow -Wdeclaration-after-statement -Wbad-function-cast -Wcast-align -Wstrict-prototypes -Wpointer-arith -Wsystem-headers -O3 -funroll-loops -fomit-frame-pointer bn_mp_div.c -o bn_mp_div.o
aarch64-linux-gnu-gcc -c -D_FORTIFY_SOURCE=2 -fstack-protector-strong -Wundef -fno-strict-overflow -Wno-pointer-sign -Os -W -Wall  -I. -I../libtomcrypt/src/headers/ -I./../libtomcrypt/src/headers/ -I../ -I./../src -Wno-deprecated -I./src/../libtomcrypt/src/headers/ -DLOCALOPTIONS_H_EXISTS -I. -I./src -DDROPBEAR_SERVER -DDBMULTI_dropbear -DDBMULTI_dropbearkey -DDBMULTI_scp -DDROPBEAR_MULTI -I./ -Wall -Wsign-compare -Wextra -Wshadow -Wdeclaration-after-statement -Wbad-function-cast -Wcast-align -Wstrict-prototypes -Wpointer-arith -Wsystem-headers -O3 -funroll-loops -fomit-frame-pointer bn_mp_div_2.c -o bn_mp_div_2.o
aarch64-linux-gnu-gcc -c -D_FORTIFY_SOURCE=2 -fstack-protector-strong -Wundef -fno-strict-overflow -Wno-pointer-sign -Os -W -Wall  -I. -I../libtomcrypt/src/headers/ -I./../libtomcrypt/src/headers/ -I../ -I./../src -Wno-deprecated -I./src/../libtomcrypt/src/headers/ -DLOCALOPTIONS_H_EXISTS -I. -I./src -DDROPBEAR_SERVER -DDBMULTI_dropbear -DDBMULTI_dropbearkey -DDBMULTI_scp -DDROPBEAR_MULTI -I./ -Wall -Wsign-compare -Wextra -Wshadow -Wdeclaration-after-statement -Wbad-function-cast -Wcast-align -Wstrict-prototypes -Wpointer-arith -Wsystem-headers -O3 -funroll-loops -fomit-frame-pointer bn_mp_div_2d.c -o bn_mp_div_2d.o
aarch64-linux-gnu-gcc -c -D_FORTIFY_SOURCE=2 -fstack-protector-strong -Wundef -fno-strict-overflow -Wno-pointer-sign -Os -W -Wall  -I. -I../libtomcrypt/src/headers/ -I./../libtomcrypt/src/headers/ -I../ -I./../src -Wno-deprecated -I./src/../libtomcrypt/src/headers/ -DLOCALOPTIONS_H_EXISTS -I. -I./src -DDROPBEAR_SERVER -DDBMULTI_dropbear -DDBMULTI_dropbearkey -DDBMULTI_scp -DDROPBEAR_MULTI -I./ -Wall -Wsign-compare -Wextra -Wshadow -Wdeclaration-after-statement -Wbad-function-cast -Wcast-align -Wstrict-prototypes -Wpointer-arith -Wsystem-headers -O3 -funroll-loops -fomit-frame-pointer bn_mp_div_3.c -o bn_mp_div_3.o
aarch64-linux-gnu-gcc -Isrc/headers/ -I./src/headers/ -I../ -I./../src -DLTC_SOURCE -I../libtommath/ -I./../libtommath/ -D_FORTIFY_SOURCE=2 -fstack-protector-strong -Wundef -fno-strict-overflow -Wno-pointer-sign -Os -W -Wall  -I./src/../libtomcrypt/src/headers/ -DLOCALOPTIONS_H_EXISTS -I. -I./src -DDROPBEAR_SERVER -DDBMULTI_dropbear -DDBMULTI_dropbearkey -DDBMULTI_scp -DDROPBEAR_MULTI -c src/encauth/ccm/ccm_memory.c -o src/encauth/ccm/ccm_memory.o
In file included from tommath.h:9,
                 from tommath_private.h:7,
                 from bn_mp_decr.c:1:
/usr/lib/gcc-cross/aarch64-linux-gnu/15/include/limits.h:200:10: warning: ‘__STDC_VERSION_LIMITS_H__’ redefined
  200 | # define __STDC_VERSION_LIMITS_H__      202311L
      |          ^~~~~~~~~~~~~~~~~~~~~~~~~
In file included from /usr/lib/gcc-cross/aarch64-linux-gnu/15/include/limits.h:210,
                 from /usr/lib/gcc-cross/aarch64-linux-gnu/15/include/syslimits.h:9,
                 from /usr/lib/gcc-cross/aarch64-linux-gnu/15/include/limits.h:34:
/usr/aarch64-linux-gnu/include/limits.h:192:11: note: this is the location of the previous definition
  192 | #  define __STDC_VERSION_LIMITS_H__ 202311L
      |           ^~~~~~~~~~~~~~~~~~~~~~~~~
In file included from tommath.h:9,
                 from tommath_private.h:7,
                 from bn_mp_div.c:1:
/usr/lib/gcc-cross/aarch64-linux-gnu/15/include/limits.h:200:10: warning: ‘__STDC_VERSION_LIMITS_H__’ redefined
  200 | # define __STDC_VERSION_LIMITS_H__      202311L
      |          ^~~~~~~~~~~~~~~~~~~~~~~~~
In file included from /usr/lib/gcc-cross/aarch64-linux-gnu/15/include/limits.h:210,
                 from /usr/lib/gcc-cross/aarch64-linux-gnu/15/include/syslimits.h:9,
                 from /usr/lib/gcc-cross/aarch64-linux-gnu/15/include/limits.h:34:
/usr/aarch64-linux-gnu/include/limits.h:192:11: note: this is the location of the previous definition
  192 | #  define __STDC_VERSION_LIMITS_H__ 202311L
      |           ^~~~~~~~~~~~~~~~~~~~~~~~~
aarch64-linux-gnu-gcc -Isrc/headers/ -I./src/headers/ -I../ -I./../src -DLTC_SOURCE -I../libtommath/ -I./../libtommath/ -D_FORTIFY_SOURCE=2 -fstack-protector-strong -Wundef -fno-strict-overflow -Wno-pointer-sign -Os -W -Wall  -I./src/../libtomcrypt/src/headers/ -DLOCALOPTIONS_H_EXISTS -I. -I./src -DDROPBEAR_SERVER -DDBMULTI_dropbear -DDBMULTI_dropbearkey -DDBMULTI_scp -DDROPBEAR_MULTI -c src/encauth/ccm/ccm_process.c -o src/encauth/ccm/ccm_process.o
In file included from tommath.h:9,
                 from tommath_private.h:7,
                 from bn_mp_div_2.c:1:
/usr/lib/gcc-cross/aarch64-linux-gnu/15/include/limits.h:200:10: warning: ‘__STDC_VERSION_LIMITS_H__’ redefined
  200 | # define __STDC_VERSION_LIMITS_H__      202311L
      |          ^~~~~~~~~~~~~~~~~~~~~~~~~
In file included from /usr/lib/gcc-cross/aarch64-linux-gnu/15/include/limits.h:210,
                 from /usr/lib/gcc-cross/aarch64-linux-gnu/15/include/syslimits.h:9,
                 from /usr/lib/gcc-cross/aarch64-linux-gnu/15/include/limits.h:34:
/usr/aarch64-linux-gnu/include/limits.h:192:11: note: this is the location of the previous definition
  192 | #  define __STDC_VERSION_LIMITS_H__ 202311L
      |           ^~~~~~~~~~~~~~~~~~~~~~~~~
In file included from tommath.h:9,
                 from tommath_private.h:7,
                 from bn_mp_div_2d.c:1:
/usr/lib/gcc-cross/aarch64-linux-gnu/15/include/limits.h:200:10: warning: ‘__STDC_VERSION_LIMITS_H__’ redefined
  200 | # define __STDC_VERSION_LIMITS_H__      202311L
      |          ^~~~~~~~~~~~~~~~~~~~~~~~~
In file included from /usr/lib/gcc-cross/aarch64-linux-gnu/15/include/limits.h:210,
                 from /usr/lib/gcc-cross/aarch64-linux-gnu/15/include/syslimits.h:9,
                 from /usr/lib/gcc-cross/aarch64-linux-gnu/15/include/limits.h:34:
/usr/aarch64-linux-gnu/include/limits.h:192:11: note: this is the location of the previous definition
  192 | #  define __STDC_VERSION_LIMITS_H__ 202311L
      |           ^~~~~~~~~~~~~~~~~~~~~~~~~
In file included from tommath.h:9,
                 from tommath_private.h:7,
                 from bn_mp_div_3.c:1:
/usr/lib/gcc-cross/aarch64-linux-gnu/15/include/limits.h:200:10: warning: ‘__STDC_VERSION_LIMITS_H__’ redefined
  200 | # define __STDC_VERSION_LIMITS_H__      202311L
      |          ^~~~~~~~~~~~~~~~~~~~~~~~~
In file included from /usr/lib/gcc-cross/aarch64-linux-gnu/15/include/limits.h:210,
                 from /usr/lib/gcc-cross/aarch64-linux-gnu/15/include/syslimits.h:9,
                 from /usr/lib/gcc-cross/aarch64-linux-gnu/15/include/limits.h:34:
/usr/aarch64-linux-gnu/include/limits.h:192:11: note: this is the location of the previous definition
  192 | #  define __STDC_VERSION_LIMITS_H__ 202311L
      |           ^~~~~~~~~~~~~~~~~~~~~~~~~
aarch64-linux-gnu-gcc -c -D_FORTIFY_SOURCE=2 -fstack-protector-strong -Wundef -fno-strict-overflow -Wno-pointer-sign -Os -W -Wall  -I. -I../libtomcrypt/src/headers/ -I./../libtomcrypt/src/headers/ -I../ -I./../src -Wno-deprecated -I./src/../libtomcrypt/src/headers/ -DLOCALOPTIONS_H_EXISTS -I. -I./src -DDROPBEAR_SERVER -DDBMULTI_dropbear -DDBMULTI_dropbearkey -DDBMULTI_scp -DDROPBEAR_MULTI -I./ -Wall -Wsign-compare -Wextra -Wshadow -Wdeclaration-after-statement -Wbad-function-cast -Wcast-align -Wstrict-prototypes -Wpointer-arith -Wsystem-headers -O3 -funroll-loops -fomit-frame-pointer bn_mp_div_d.c -o bn_mp_div_d.o
aarch64-linux-gnu-gcc -Isrc/headers/ -I./src/headers/ -I../ -I./../src -DLTC_SOURCE -I../libtommath/ -I./../libtommath/ -D_FORTIFY_SOURCE=2 -fstack-protector-strong -Wundef -fno-strict-overflow -Wno-pointer-sign -Os -W -Wall  -I./src/../libtomcrypt/src/headers/ -DLOCALOPTIONS_H_EXISTS -I. -I./src -DDROPBEAR_SERVER -DDBMULTI_dropbear -DDBMULTI_dropbearkey -DDBMULTI_scp -DDROPBEAR_MULTI -c src/encauth/ccm/ccm_reset.c -o src/encauth/ccm/ccm_reset.o
aarch64-linux-gnu-gcc -c -D_FORTIFY_SOURCE=2 -fstack-protector-strong -Wundef -fno-strict-overflow -Wno-pointer-sign -Os -W -Wall  -I. -I../libtomcrypt/src/headers/ -I./../libtomcrypt/src/headers/ -I../ -I./../src -Wno-deprecated -I./src/../libtomcrypt/src/headers/ -DLOCALOPTIONS_H_EXISTS -I. -I./src -DDROPBEAR_SERVER -DDBMULTI_dropbear -DDBMULTI_dropbearkey -DDBMULTI_scp -DDROPBEAR_MULTI -I./ -Wall -Wsign-compare -Wextra -Wshadow -Wdeclaration-after-statement -Wbad-function-cast -Wcast-align -Wstrict-prototypes -Wpointer-arith -Wsystem-headers -O3 -funroll-loops -fomit-frame-pointer bn_mp_dr_is_modulus.c -o bn_mp_dr_is_modulus.o
In file included from tommath.h:9,
                 from tommath_private.h:7,
                 from bn_mp_div_d.c:1:
/usr/lib/gcc-cross/aarch64-linux-gnu/15/include/limits.h:200:10: warning: ‘__STDC_VERSION_LIMITS_H__’ redefined
  200 | # define __STDC_VERSION_LIMITS_H__      202311L
      |          ^~~~~~~~~~~~~~~~~~~~~~~~~
In file included from /usr/lib/gcc-cross/aarch64-linux-gnu/15/include/limits.h:210,
                 from /usr/lib/gcc-cross/aarch64-linux-gnu/15/include/syslimits.h:9,
                 from /usr/lib/gcc-cross/aarch64-linux-gnu/15/include/limits.h:34:
/usr/aarch64-linux-gnu/include/limits.h:192:11: note: this is the location of the previous definition
  192 | #  define __STDC_VERSION_LIMITS_H__ 202311L
      |           ^~~~~~~~~~~~~~~~~~~~~~~~~
aarch64-linux-gnu-gcc -Isrc/headers/ -I./src/headers/ -I../ -I./../src -DLTC_SOURCE -I../libtommath/ -I./../libtommath/ -D_FORTIFY_SOURCE=2 -fstack-protector-strong -Wundef -fno-strict-overflow -Wno-pointer-sign -Os -W -Wall  -I./src/../libtomcrypt/src/headers/ -DLOCALOPTIONS_H_EXISTS -I. -I./src -DDROPBEAR_SERVER -DDBMULTI_dropbear -DDBMULTI_dropbearkey -DDBMULTI_scp -DDROPBEAR_MULTI -c src/encauth/ccm/ccm_test.c -o src/encauth/ccm/ccm_test.o
aarch64-linux-gnu-gcc -c -D_FORTIFY_SOURCE=2 -fstack-protector-strong -Wundef -fno-strict-overflow -Wno-pointer-sign -Os -W -Wall  -I. -I../libtomcrypt/src/headers/ -I./../libtomcrypt/src/headers/ -I../ -I./../src -Wno-deprecated -I./src/../libtomcrypt/src/headers/ -DLOCALOPTIONS_H_EXISTS -I. -I./src -DDROPBEAR_SERVER -DDBMULTI_dropbear -DDBMULTI_dropbearkey -DDBMULTI_scp -DDROPBEAR_MULTI -I./ -Wall -Wsign-compare -Wextra -Wshadow -Wdeclaration-after-statement -Wbad-function-cast -Wcast-align -Wstrict-prototypes -Wpointer-arith -Wsystem-headers -O3 -funroll-loops -fomit-frame-pointer bn_mp_dr_reduce.c -o bn_mp_dr_reduce.o
In file included from tommath.h:9,
                 from tommath_private.h:7,
                 from bn_mp_dr_is_modulus.c:1:
/usr/lib/gcc-cross/aarch64-linux-gnu/15/include/limits.h:200:10: warning: ‘__STDC_VERSION_LIMITS_H__’ redefined
  200 | # define __STDC_VERSION_LIMITS_H__      202311L
      |          ^~~~~~~~~~~~~~~~~~~~~~~~~
In file included from /usr/lib/gcc-cross/aarch64-linux-gnu/15/include/limits.h:210,
                 from /usr/lib/gcc-cross/aarch64-linux-gnu/15/include/syslimits.h:9,
                 from /usr/lib/gcc-cross/aarch64-linux-gnu/15/include/limits.h:34:
/usr/aarch64-linux-gnu/include/limits.h:192:11: note: this is the location of the previous definition
  192 | #  define __STDC_VERSION_LIMITS_H__ 202311L
      |           ^~~~~~~~~~~~~~~~~~~~~~~~~
aarch64-linux-gnu-gcc -Isrc/headers/ -I./src/headers/ -I../ -I./../src -DLTC_SOURCE -I../libtommath/ -I./../libtommath/ -D_FORTIFY_SOURCE=2 -fstack-protector-strong -Wundef -fno-strict-overflow -Wno-pointer-sign -Os -W -Wall  -I./src/../libtomcrypt/src/headers/ -DLOCALOPTIONS_H_EXISTS -I. -I./src -DDROPBEAR_SERVER -DDBMULTI_dropbear -DDBMULTI_dropbearkey -DDBMULTI_scp -DDROPBEAR_MULTI -c src/encauth/chachapoly/chacha20poly1305_add_aad.c -o src/encauth/chachapoly/chacha20poly1305_add_aad.o
aarch64-linux-gnu-gcc -Isrc/headers/ -I./src/headers/ -I../ -I./../src -DLTC_SOURCE -I../libtommath/ -I./../libtommath/ -D_FORTIFY_SOURCE=2 -fstack-protector-strong -Wundef -fno-strict-overflow -Wno-pointer-sign -Os -W -Wall  -I./src/../libtomcrypt/src/headers/ -DLOCALOPTIONS_H_EXISTS -I. -I./src -DDROPBEAR_SERVER -DDBMULTI_dropbear -DDBMULTI_dropbearkey -DDBMULTI_scp -DDROPBEAR_MULTI -c src/encauth/chachapoly/chacha20poly1305_decrypt.c -o src/encauth/chachapoly/chacha20poly1305_decrypt.o
In file included from tommath.h:9,
                 from tommath_private.h:7,
                 from bn_mp_dr_reduce.c:1:
/usr/lib/gcc-cross/aarch64-linux-gnu/15/include/limits.h:200:10: warning: ‘__STDC_VERSION_LIMITS_H__’ redefined
  200 | # define __STDC_VERSION_LIMITS_H__      202311L
      |          ^~~~~~~~~~~~~~~~~~~~~~~~~
In file included from /usr/lib/gcc-cross/aarch64-linux-gnu/15/include/limits.h:210,
                 from /usr/lib/gcc-cross/aarch64-linux-gnu/15/include/syslimits.h:9,
                 from /usr/lib/gcc-cross/aarch64-linux-gnu/15/include/limits.h:34:
/usr/aarch64-linux-gnu/include/limits.h:192:11: note: this is the location of the previous definition
  192 | #  define __STDC_VERSION_LIMITS_H__ 202311L
      |           ^~~~~~~~~~~~~~~~~~~~~~~~~
aarch64-linux-gnu-gcc -Isrc/headers/ -I./src/headers/ -I../ -I./../src -DLTC_SOURCE -I../libtommath/ -I./../libtommath/ -D_FORTIFY_SOURCE=2 -fstack-protector-strong -Wundef -fno-strict-overflow -Wno-pointer-sign -Os -W -Wall  -I./src/../libtomcrypt/src/headers/ -DLOCALOPTIONS_H_EXISTS -I. -I./src -DDROPBEAR_SERVER -DDBMULTI_dropbear -DDBMULTI_dropbearkey -DDBMULTI_scp -DDROPBEAR_MULTI -c src/encauth/chachapoly/chacha20poly1305_done.c -o src/encauth/chachapoly/chacha20poly1305_done.o
aarch64-linux-gnu-gcc -c -D_FORTIFY_SOURCE=2 -fstack-protector-strong -Wundef -fno-strict-overflow -Wno-pointer-sign -Os -W -Wall  -I. -I../libtomcrypt/src/headers/ -I./../libtomcrypt/src/headers/ -I../ -I./../src -Wno-deprecated -I./src/../libtomcrypt/src/headers/ -DLOCALOPTIONS_H_EXISTS -I. -I./src -DDROPBEAR_SERVER -DDBMULTI_dropbear -DDBMULTI_dropbearkey -DDBMULTI_scp -DDROPBEAR_MULTI -I./ -Wall -Wsign-compare -Wextra -Wshadow -Wdeclaration-after-statement -Wbad-function-cast -Wcast-align -Wstrict-prototypes -Wpointer-arith -Wsystem-headers -O3 -funroll-loops -fomit-frame-pointer bn_mp_dr_setup.c -o bn_mp_dr_setup.o
aarch64-linux-gnu-gcc -c -D_FORTIFY_SOURCE=2 -fstack-protector-strong -Wundef -fno-strict-overflow -Wno-pointer-sign -Os -W -Wall  -I. -I../libtomcrypt/src/headers/ -I./../libtomcrypt/src/headers/ -I../ -I./../src -Wno-deprecated -I./src/../libtomcrypt/src/headers/ -DLOCALOPTIONS_H_EXISTS -I. -I./src -DDROPBEAR_SERVER -DDBMULTI_dropbear -DDBMULTI_dropbearkey -DDBMULTI_scp -DDROPBEAR_MULTI -I./ -Wall -Wsign-compare -Wextra -Wshadow -Wdeclaration-after-statement -Wbad-function-cast -Wcast-align -Wstrict-prototypes -Wpointer-arith -Wsystem-headers -O3 -funroll-loops -fomit-frame-pointer bn_mp_error_to_string.c -o bn_mp_error_to_string.o
aarch64-linux-gnu-gcc -Isrc/headers/ -I./src/headers/ -I../ -I./../src -DLTC_SOURCE -I../libtommath/ -I./../libtommath/ -D_FORTIFY_SOURCE=2 -fstack-protector-strong -Wundef -fno-strict-overflow -Wno-pointer-sign -Os -W -Wall  -I./src/../libtomcrypt/src/headers/ -DLOCALOPTIONS_H_EXISTS -I. -I./src -DDROPBEAR_SERVER -DDBMULTI_dropbear -DDBMULTI_dropbearkey -DDBMULTI_scp -DDROPBEAR_MULTI -c src/encauth/chachapoly/chacha20poly1305_encrypt.c -o src/encauth/chachapoly/chacha20poly1305_encrypt.o
In file included from tommath.h:9,
                 from tommath_private.h:7,
                 from bn_mp_dr_setup.c:1:
/usr/lib/gcc-cross/aarch64-linux-gnu/15/include/limits.h:200:10: warning: ‘__STDC_VERSION_LIMITS_H__’ redefined
  200 | # define __STDC_VERSION_LIMITS_H__      202311L
      |          ^~~~~~~~~~~~~~~~~~~~~~~~~
In file included from /usr/lib/gcc-cross/aarch64-linux-gnu/15/include/limits.h:210,
                 from /usr/lib/gcc-cross/aarch64-linux-gnu/15/include/syslimits.h:9,
                 from /usr/lib/gcc-cross/aarch64-linux-gnu/15/include/limits.h:34:
/usr/aarch64-linux-gnu/include/limits.h:192:11: note: this is the location of the previous definition
  192 | #  define __STDC_VERSION_LIMITS_H__ 202311L
      |           ^~~~~~~~~~~~~~~~~~~~~~~~~
In file included from tommath.h:9,
                 from tommath_private.h:7,
                 from bn_mp_error_to_string.c:1:
/usr/lib/gcc-cross/aarch64-linux-gnu/15/include/limits.h:200:10: warning: ‘__STDC_VERSION_LIMITS_H__’ redefined
  200 | # define __STDC_VERSION_LIMITS_H__      202311L
      |          ^~~~~~~~~~~~~~~~~~~~~~~~~
In file included from /usr/lib/gcc-cross/aarch64-linux-gnu/15/include/limits.h:210,
                 from /usr/lib/gcc-cross/aarch64-linux-gnu/15/include/syslimits.h:9,
                 from /usr/lib/gcc-cross/aarch64-linux-gnu/15/include/limits.h:34:
/usr/aarch64-linux-gnu/include/limits.h:192:11: note: this is the location of the previous definition
  192 | #  define __STDC_VERSION_LIMITS_H__ 202311L
      |           ^~~~~~~~~~~~~~~~~~~~~~~~~
aarch64-linux-gnu-gcc -Isrc/headers/ -I./src/headers/ -I../ -I./../src -DLTC_SOURCE -I../libtommath/ -I./../libtommath/ -D_FORTIFY_SOURCE=2 -fstack-protector-strong -Wundef -fno-strict-overflow -Wno-pointer-sign -Os -W -Wall  -I./src/../libtomcrypt/src/headers/ -DLOCALOPTIONS_H_EXISTS -I. -I./src -DDROPBEAR_SERVER -DDBMULTI_dropbear -DDBMULTI_dropbearkey -DDBMULTI_scp -DDROPBEAR_MULTI -c src/encauth/chachapoly/chacha20poly1305_init.c -o src/encauth/chachapoly/chacha20poly1305_init.o
aarch64-linux-gnu-gcc -c -D_FORTIFY_SOURCE=2 -fstack-protector-strong -Wundef -fno-strict-overflow -Wno-pointer-sign -Os -W -Wall  -I. -I../libtomcrypt/src/headers/ -I./../libtomcrypt/src/headers/ -I../ -I./../src -Wno-deprecated -I./src/../libtomcrypt/src/headers/ -DLOCALOPTIONS_H_EXISTS -I. -I./src -DDROPBEAR_SERVER -DDBMULTI_dropbear -DDBMULTI_dropbearkey -DDBMULTI_scp -DDROPBEAR_MULTI -I./ -Wall -Wsign-compare -Wextra -Wshadow -Wdeclaration-after-statement -Wbad-function-cast -Wcast-align -Wstrict-prototypes -Wpointer-arith -Wsystem-headers -O3 -funroll-loops -fomit-frame-pointer bn_mp_exch.c -o bn_mp_exch.o
aarch64-linux-gnu-gcc -Isrc/headers/ -I./src/headers/ -I../ -I./../src -DLTC_SOURCE -I../libtommath/ -I./../libtommath/ -D_FORTIFY_SOURCE=2 -fstack-protector-strong -Wundef -fno-strict-overflow -Wno-pointer-sign -Os -W -Wall  -I./src/../libtomcrypt/src/headers/ -DLOCALOPTIONS_H_EXISTS -I. -I./src -DDROPBEAR_SERVER -DDBMULTI_dropbear -DDBMULTI_dropbearkey -DDBMULTI_scp -DDROPBEAR_MULTI -c src/encauth/chachapoly/chacha20poly1305_memory.c -o src/encauth/chachapoly/chacha20poly1305_memory.o
aarch64-linux-gnu-gcc -c -D_FORTIFY_SOURCE=2 -fstack-protector-strong -Wundef -fno-strict-overflow -Wno-pointer-sign -Os -W -Wall  -I. -I../libtomcrypt/src/headers/ -I./../libtomcrypt/src/headers/ -I../ -I./../src -Wno-deprecated -I./src/../libtomcrypt/src/headers/ -DLOCALOPTIONS_H_EXISTS -I. -I./src -DDROPBEAR_SERVER -DDBMULTI_dropbear -DDBMULTI_dropbearkey -DDBMULTI_scp -DDROPBEAR_MULTI -I./ -Wall -Wsign-compare -Wextra -Wshadow -Wdeclaration-after-statement -Wbad-function-cast -Wcast-align -Wstrict-prototypes -Wpointer-arith -Wsystem-headers -O3 -funroll-loops -fomit-frame-pointer bn_mp_expt_u32.c -o bn_mp_expt_u32.o
aarch64-linux-gnu-gcc -c -D_FORTIFY_SOURCE=2 -fstack-protector-strong -Wundef -fno-strict-overflow -Wno-pointer-sign -Os -W -Wall  -I. -I../libtomcrypt/src/headers/ -I./../libtomcrypt/src/headers/ -I../ -I./../src -Wno-deprecated -I./src/../libtomcrypt/src/headers/ -DLOCALOPTIONS_H_EXISTS -I. -I./src -DDROPBEAR_SERVER -DDBMULTI_dropbear -DDBMULTI_dropbearkey -DDBMULTI_scp -DDROPBEAR_MULTI -I./ -Wall -Wsign-compare -Wextra -Wshadow -Wdeclaration-after-statement -Wbad-function-cast -Wcast-align -Wstrict-prototypes -Wpointer-arith -Wsystem-headers -O3 -funroll-loops -fomit-frame-pointer bn_mp_exptmod.c -o bn_mp_exptmod.o
In file included from tommath.h:9,
                 from tommath_private.h:7,
                 from bn_mp_exch.c:1:
/usr/lib/gcc-cross/aarch64-linux-gnu/15/include/limits.h:200:10: warning: ‘__STDC_VERSION_LIMITS_H__’ redefined
  200 | # define __STDC_VERSION_LIMITS_H__      202311L
      |          ^~~~~~~~~~~~~~~~~~~~~~~~~
In file included from /usr/lib/gcc-cross/aarch64-linux-gnu/15/include/limits.h:210,
                 from /usr/lib/gcc-cross/aarch64-linux-gnu/15/include/syslimits.h:9,
                 from /usr/lib/gcc-cross/aarch64-linux-gnu/15/include/limits.h:34:
/usr/aarch64-linux-gnu/include/limits.h:192:11: note: this is the location of the previous definition
  192 | #  define __STDC_VERSION_LIMITS_H__ 202311L
      |           ^~~~~~~~~~~~~~~~~~~~~~~~~
aarch64-linux-gnu-gcc -Isrc/headers/ -I./src/headers/ -I../ -I./../src -DLTC_SOURCE -I../libtommath/ -I./../libtommath/ -D_FORTIFY_SOURCE=2 -fstack-protector-strong -Wundef -fno-strict-overflow -Wno-pointer-sign -Os -W -Wall  -I./src/../libtomcrypt/src/headers/ -DLOCALOPTIONS_H_EXISTS -I. -I./src -DDROPBEAR_SERVER -DDBMULTI_dropbear -DDBMULTI_dropbearkey -DDBMULTI_scp -DDROPBEAR_MULTI -c src/encauth/chachapoly/chacha20poly1305_setiv.c -o src/encauth/chachapoly/chacha20poly1305_setiv.o
aarch64-linux-gnu-gcc -c -D_FORTIFY_SOURCE=2 -fstack-protector-strong -Wundef -fno-strict-overflow -Wno-pointer-sign -Os -W -Wall  -I. -I../libtomcrypt/src/headers/ -I./../libtomcrypt/src/headers/ -I../ -I./../src -Wno-deprecated -I./src/../libtomcrypt/src/headers/ -DLOCALOPTIONS_H_EXISTS -I. -I./src -DDROPBEAR_SERVER -DDBMULTI_dropbear -DDBMULTI_dropbearkey -DDBMULTI_scp -DDROPBEAR_MULTI -I./ -Wall -Wsign-compare -Wextra -Wshadow -Wdeclaration-after-statement -Wbad-function-cast -Wcast-align -Wstrict-prototypes -Wpointer-arith -Wsystem-headers -O3 -funroll-loops -fomit-frame-pointer bn_mp_exteuclid.c -o bn_mp_exteuclid.o
aarch64-linux-gnu-gcc -c -D_FORTIFY_SOURCE=2 -fstack-protector-strong -Wundef -fno-strict-overflow -Wno-pointer-sign -Os -W -Wall  -I. -I../libtomcrypt/src/headers/ -I./../libtomcrypt/src/headers/ -I../ -I./../src -Wno-deprecated -I./src/../libtomcrypt/src/headers/ -DLOCALOPTIONS_H_EXISTS -I. -I./src -DDROPBEAR_SERVER -DDBMULTI_dropbear -DDBMULTI_dropbearkey -DDBMULTI_scp -DDROPBEAR_MULTI -I./ -Wall -Wsign-compare -Wextra -Wshadow -Wdeclaration-after-statement -Wbad-function-cast -Wcast-align -Wstrict-prototypes -Wpointer-arith -Wsystem-headers -O3 -funroll-loops -fomit-frame-pointer bn_mp_fread.c -o bn_mp_fread.o
In file included from tommath.h:9,
                 from tommath_private.h:7,
                 from bn_mp_expt_u32.c:1:
/usr/lib/gcc-cross/aarch64-linux-gnu/15/include/limits.h:200:10: warning: ‘__STDC_VERSION_LIMITS_H__’ redefined
  200 | # define __STDC_VERSION_LIMITS_H__      202311L
      |          ^~~~~~~~~~~~~~~~~~~~~~~~~
In file included from /usr/lib/gcc-cross/aarch64-linux-gnu/15/include/limits.h:210,
                 from /usr/lib/gcc-cross/aarch64-linux-gnu/15/include/syslimits.h:9,
                 from /usr/lib/gcc-cross/aarch64-linux-gnu/15/include/limits.h:34:
/usr/aarch64-linux-gnu/include/limits.h:192:11: note: this is the location of the previous definition
  192 | #  define __STDC_VERSION_LIMITS_H__ 202311L
      |           ^~~~~~~~~~~~~~~~~~~~~~~~~
aarch64-linux-gnu-gcc -Isrc/headers/ -I./src/headers/ -I../ -I./../src -DLTC_SOURCE -I../libtommath/ -I./../libtommath/ -D_FORTIFY_SOURCE=2 -fstack-protector-strong -Wundef -fno-strict-overflow -Wno-pointer-sign -Os -W -Wall  -I./src/../libtomcrypt/src/headers/ -DLOCALOPTIONS_H_EXISTS -I. -I./src -DDROPBEAR_SERVER -DDBMULTI_dropbear -DDBMULTI_dropbearkey -DDBMULTI_scp -DDROPBEAR_MULTI -c src/encauth/chachapoly/chacha20poly1305_setiv_rfc7905.c -o src/encauth/chachapoly/chacha20poly1305_setiv_rfc7905.o
aarch64-linux-gnu-gcc -c -D_FORTIFY_SOURCE=2 -fstack-protector-strong -Wundef -fno-strict-overflow -Wno-pointer-sign -Os -W -Wall  -I. -I../libtomcrypt/src/headers/ -I./../libtomcrypt/src/headers/ -I../ -I./../src -Wno-deprecated -I./src/../libtomcrypt/src/headers/ -DLOCALOPTIONS_H_EXISTS -I. -I./src -DDROPBEAR_SERVER -DDBMULTI_dropbear -DDBMULTI_dropbearkey -DDBMULTI_scp -DDROPBEAR_MULTI -I./ -Wall -Wsign-compare -Wextra -Wshadow -Wdeclaration-after-statement -Wbad-function-cast -Wcast-align -Wstrict-prototypes -Wpointer-arith -Wsystem-headers -O3 -funroll-loops -fomit-frame-pointer bn_mp_from_sbin.c -o bn_mp_from_sbin.o
In file included from tommath.h:9,
                 from tommath_private.h:7,
                 from bn_mp_exptmod.c:1:
/usr/lib/gcc-cross/aarch64-linux-gnu/15/include/limits.h:200:10: warning: ‘__STDC_VERSION_LIMITS_H__’ redefined
  200 | # define __STDC_VERSION_LIMITS_H__      202311L
      |          ^~~~~~~~~~~~~~~~~~~~~~~~~
In file included from /usr/lib/gcc-cross/aarch64-linux-gnu/15/include/limits.h:210,
                 from /usr/lib/gcc-cross/aarch64-linux-gnu/15/include/syslimits.h:9,
                 from /usr/lib/gcc-cross/aarch64-linux-gnu/15/include/limits.h:34:
/usr/aarch64-linux-gnu/include/limits.h:192:11: note: this is the location of the previous definition
  192 | #  define __STDC_VERSION_LIMITS_H__ 202311L
      |           ^~~~~~~~~~~~~~~~~~~~~~~~~
aarch64-linux-gnu-gcc -Isrc/headers/ -I./src/headers/ -I../ -I./../src -DLTC_SOURCE -I../libtommath/ -I./../libtommath/ -D_FORTIFY_SOURCE=2 -fstack-protector-strong -Wundef -fno-strict-overflow -Wno-pointer-sign -Os -W -Wall  -I./src/../libtomcrypt/src/headers/ -DLOCALOPTIONS_H_EXISTS -I. -I./src -DDROPBEAR_SERVER -DDBMULTI_dropbear -DDBMULTI_dropbearkey -DDBMULTI_scp -DDROPBEAR_MULTI -c src/encauth/chachapoly/chacha20poly1305_test.c -o src/encauth/chachapoly/chacha20poly1305_test.o
In file included from tommath.h:9,
                 from tommath_private.h:7,
                 from bn_mp_exteuclid.c:1:
/usr/lib/gcc-cross/aarch64-linux-gnu/15/include/limits.h:200:10: warning: ‘__STDC_VERSION_LIMITS_H__’ redefined
  200 | # define __STDC_VERSION_LIMITS_H__      202311L
      |          ^~~~~~~~~~~~~~~~~~~~~~~~~
In file included from tommath.h:9,
                 from tommath_private.h:7,
                 from bn_mp_fread.c:1:
/usr/lib/gcc-cross/aarch64-linux-gnu/15/include/limits.h:200:10: warning: ‘__STDC_VERSION_LIMITS_H__’ redefined
  200 | # define __STDC_VERSION_LIMITS_H__      202311L
      |          ^~~~~~~~~~~~~~~~~~~~~~~~~
In file included from /usr/lib/gcc-cross/aarch64-linux-gnu/15/include/limits.h:210,
                 from /usr/lib/gcc-cross/aarch64-linux-gnu/15/include/syslimits.h:9,
                 from /usr/lib/gcc-cross/aarch64-linux-gnu/15/include/limits.h:34:
/usr/aarch64-linux-gnu/include/limits.h:192:11: note: this is the location of the previous definition
  192 | #  define __STDC_VERSION_LIMITS_H__ 202311L
      |           ^~~~~~~~~~~~~~~~~~~~~~~~~
In file included from /usr/lib/gcc-cross/aarch64-linux-gnu/15/include/limits.h:210,
                 from /usr/lib/gcc-cross/aarch64-linux-gnu/15/include/syslimits.h:9,
                 from /usr/lib/gcc-cross/aarch64-linux-gnu/15/include/limits.h:34:
/usr/aarch64-linux-gnu/include/limits.h:192:11: note: this is the location of the previous definition
  192 | #  define __STDC_VERSION_LIMITS_H__ 202311L
      |           ^~~~~~~~~~~~~~~~~~~~~~~~~
aarch64-linux-gnu-gcc -Isrc/headers/ -I./src/headers/ -I../ -I./../src -DLTC_SOURCE -I../libtommath/ -I./../libtommath/ -D_FORTIFY_SOURCE=2 -fstack-protector-strong -Wundef -fno-strict-overflow -Wno-pointer-sign -Os -W -Wall  -I./src/../libtomcrypt/src/headers/ -DLOCALOPTIONS_H_EXISTS -I. -I./src -DDROPBEAR_SERVER -DDBMULTI_dropbear -DDBMULTI_dropbearkey -DDBMULTI_scp -DDROPBEAR_MULTI -c src/encauth/eax/eax_addheader.c -o src/encauth/eax/eax_addheader.o
In file included from tommath.h:9,
                 from tommath_private.h:7,
                 from bn_mp_from_sbin.c:1:
/usr/lib/gcc-cross/aarch64-linux-gnu/15/include/limits.h:200:10: warning: ‘__STDC_VERSION_LIMITS_H__’ redefined
  200 | # define __STDC_VERSION_LIMITS_H__      202311L
      |          ^~~~~~~~~~~~~~~~~~~~~~~~~
In file included from /usr/lib/gcc-cross/aarch64-linux-gnu/15/include/limits.h:210,
                 from /usr/lib/gcc-cross/aarch64-linux-gnu/15/include/syslimits.h:9,
                 from /usr/lib/gcc-cross/aarch64-linux-gnu/15/include/limits.h:34:
/usr/aarch64-linux-gnu/include/limits.h:192:11: note: this is the location of the previous definition
  192 | #  define __STDC_VERSION_LIMITS_H__ 202311L
      |           ^~~~~~~~~~~~~~~~~~~~~~~~~
aarch64-linux-gnu-gcc -Isrc/headers/ -I./src/headers/ -I../ -I./../src -DLTC_SOURCE -I../libtommath/ -I./../libtommath/ -D_FORTIFY_SOURCE=2 -fstack-protector-strong -Wundef -fno-strict-overflow -Wno-pointer-sign -Os -W -Wall  -I./src/../libtomcrypt/src/headers/ -DLOCALOPTIONS_H_EXISTS -I. -I./src -DDROPBEAR_SERVER -DDBMULTI_dropbear -DDBMULTI_dropbearkey -DDBMULTI_scp -DDROPBEAR_MULTI -c src/encauth/eax/eax_decrypt.c -o src/encauth/eax/eax_decrypt.o
aarch64-linux-gnu-gcc -Isrc/headers/ -I./src/headers/ -I../ -I./../src -DLTC_SOURCE -I../libtommath/ -I./../libtommath/ -D_FORTIFY_SOURCE=2 -fstack-protector-strong -Wundef -fno-strict-overflow -Wno-pointer-sign -Os -W -Wall  -I./src/../libtomcrypt/src/headers/ -DLOCALOPTIONS_H_EXISTS -I. -I./src -DDROPBEAR_SERVER -DDBMULTI_dropbear -DDBMULTI_dropbearkey -DDBMULTI_scp -DDROPBEAR_MULTI -c src/encauth/eax/eax_decrypt_verify_memory.c -o src/encauth/eax/eax_decrypt_verify_memory.o
aarch64-linux-gnu-gcc -c -D_FORTIFY_SOURCE=2 -fstack-protector-strong -Wundef -fno-strict-overflow -Wno-pointer-sign -Os -W -Wall  -I. -I../libtomcrypt/src/headers/ -I./../libtomcrypt/src/headers/ -I../ -I./../src -Wno-deprecated -I./src/../libtomcrypt/src/headers/ -DLOCALOPTIONS_H_EXISTS -I. -I./src -DDROPBEAR_SERVER -DDBMULTI_dropbear -DDBMULTI_dropbearkey -DDBMULTI_scp -DDROPBEAR_MULTI -I./ -Wall -Wsign-compare -Wextra -Wshadow -Wdeclaration-after-statement -Wbad-function-cast -Wcast-align -Wstrict-prototypes -Wpointer-arith -Wsystem-headers -O3 -funroll-loops -fomit-frame-pointer bn_mp_from_ubin.c -o bn_mp_from_ubin.o
aarch64-linux-gnu-gcc -Isrc/headers/ -I./src/headers/ -I../ -I./../src -DLTC_SOURCE -I../libtommath/ -I./../libtommath/ -D_FORTIFY_SOURCE=2 -fstack-protector-strong -Wundef -fno-strict-overflow -Wno-pointer-sign -Os -W -Wall  -I./src/../libtomcrypt/src/headers/ -DLOCALOPTIONS_H_EXISTS -I. -I./src -DDROPBEAR_SERVER -DDBMULTI_dropbear -DDBMULTI_dropbearkey -DDBMULTI_scp -DDROPBEAR_MULTI -c src/encauth/eax/eax_done.c -o src/encauth/eax/eax_done.o
aarch64-linux-gnu-gcc -c -D_FORTIFY_SOURCE=2 -fstack-protector-strong -Wundef -fno-strict-overflow -Wno-pointer-sign -Os -W -Wall  -I. -I../libtomcrypt/src/headers/ -I./../libtomcrypt/src/headers/ -I../ -I./../src -Wno-deprecated -I./src/../libtomcrypt/src/headers/ -DLOCALOPTIONS_H_EXISTS -I. -I./src -DDROPBEAR_SERVER -DDBMULTI_dropbear -DDBMULTI_dropbearkey -DDBMULTI_scp -DDROPBEAR_MULTI -I./ -Wall -Wsign-compare -Wextra -Wshadow -Wdeclaration-after-statement -Wbad-function-cast -Wcast-align -Wstrict-prototypes -Wpointer-arith -Wsystem-headers -O3 -funroll-loops -fomit-frame-pointer bn_mp_fwrite.c -o bn_mp_fwrite.o
In file included from tommath.h:9,
                 from tommath_private.h:7,
                 from bn_mp_from_ubin.c:1:
/usr/lib/gcc-cross/aarch64-linux-gnu/15/include/limits.h:200:10: warning: ‘__STDC_VERSION_LIMITS_H__’ redefined
  200 | # define __STDC_VERSION_LIMITS_H__      202311L
      |          ^~~~~~~~~~~~~~~~~~~~~~~~~
In file included from /usr/lib/gcc-cross/aarch64-linux-gnu/15/include/limits.h:210,
                 from /usr/lib/gcc-cross/aarch64-linux-gnu/15/include/syslimits.h:9,
                 from /usr/lib/gcc-cross/aarch64-linux-gnu/15/include/limits.h:34:
/usr/aarch64-linux-gnu/include/limits.h:192:11: note: this is the location of the previous definition
  192 | #  define __STDC_VERSION_LIMITS_H__ 202311L
      |           ^~~~~~~~~~~~~~~~~~~~~~~~~
aarch64-linux-gnu-gcc -c -D_FORTIFY_SOURCE=2 -fstack-protector-strong -Wundef -fno-strict-overflow -Wno-pointer-sign -Os -W -Wall  -I. -I../libtomcrypt/src/headers/ -I./../libtomcrypt/src/headers/ -I../ -I./../src -Wno-deprecated -I./src/../libtomcrypt/src/headers/ -DLOCALOPTIONS_H_EXISTS -I. -I./src -DDROPBEAR_SERVER -DDBMULTI_dropbear -DDBMULTI_dropbearkey -DDBMULTI_scp -DDROPBEAR_MULTI -I./ -Wall -Wsign-compare -Wextra -Wshadow -Wdeclaration-after-statement -Wbad-function-cast -Wcast-align -Wstrict-prototypes -Wpointer-arith -Wsystem-headers -O3 -funroll-loops -fomit-frame-pointer bn_mp_gcd.c -o bn_mp_gcd.o
aarch64-linux-gnu-gcc -Isrc/headers/ -I./src/headers/ -I../ -I./../src -DLTC_SOURCE -I../libtommath/ -I./../libtommath/ -D_FORTIFY_SOURCE=2 -fstack-protector-strong -Wundef -fno-strict-overflow -Wno-pointer-sign -Os -W -Wall  -I./src/../libtomcrypt/src/headers/ -DLOCALOPTIONS_H_EXISTS -I. -I./src -DDROPBEAR_SERVER -DDBMULTI_dropbear -DDBMULTI_dropbearkey -DDBMULTI_scp -DDROPBEAR_MULTI -c src/encauth/eax/eax_encrypt.c -o src/encauth/eax/eax_encrypt.o
aarch64-linux-gnu-gcc -c -D_FORTIFY_SOURCE=2 -fstack-protector-strong -Wundef -fno-strict-overflow -Wno-pointer-sign -Os -W -Wall  -I. -I../libtomcrypt/src/headers/ -I./../libtomcrypt/src/headers/ -I../ -I./../src -Wno-deprecated -I./src/../libtomcrypt/src/headers/ -DLOCALOPTIONS_H_EXISTS -I. -I./src -DDROPBEAR_SERVER -DDBMULTI_dropbear -DDBMULTI_dropbearkey -DDBMULTI_scp -DDROPBEAR_MULTI -I./ -Wall -Wsign-compare -Wextra -Wshadow -Wdeclaration-after-statement -Wbad-function-cast -Wcast-align -Wstrict-prototypes -Wpointer-arith -Wsystem-headers -O3 -funroll-loops -fomit-frame-pointer bn_mp_get_i32.c -o bn_mp_get_i32.o
aarch64-linux-gnu-gcc -c -D_FORTIFY_SOURCE=2 -fstack-protector-strong -Wundef -fno-strict-overflow -Wno-pointer-sign -Os -W -Wall  -I. -I../libtomcrypt/src/headers/ -I./../libtomcrypt/src/headers/ -I../ -I./../src -Wno-deprecated -I./src/../libtomcrypt/src/headers/ -DLOCALOPTIONS_H_EXISTS -I. -I./src -DDROPBEAR_SERVER -DDBMULTI_dropbear -DDBMULTI_dropbearkey -DDBMULTI_scp -DDROPBEAR_MULTI -I./ -Wall -Wsign-compare -Wextra -Wshadow -Wdeclaration-after-statement -Wbad-function-cast -Wcast-align -Wstrict-prototypes -Wpointer-arith -Wsystem-headers -O3 -funroll-loops -fomit-frame-pointer bn_mp_get_i64.c -o bn_mp_get_i64.o
aarch64-linux-gnu-gcc -Isrc/headers/ -I./src/headers/ -I../ -I./../src -DLTC_SOURCE -I../libtommath/ -I./../libtommath/ -D_FORTIFY_SOURCE=2 -fstack-protector-strong -Wundef -fno-strict-overflow -Wno-pointer-sign -Os -W -Wall  -I./src/../libtomcrypt/src/headers/ -DLOCALOPTIONS_H_EXISTS -I. -I./src -DDROPBEAR_SERVER -DDBMULTI_dropbear -DDBMULTI_dropbearkey -DDBMULTI_scp -DDROPBEAR_MULTI -c src/encauth/eax/eax_encrypt_authenticate_memory.c -o src/encauth/eax/eax_encrypt_authenticate_memory.o
In file included from tommath.h:9,
                 from tommath_private.h:7,
                 from bn_mp_fwrite.c:1:
/usr/lib/gcc-cross/aarch64-linux-gnu/15/include/limits.h:200:10: warning: ‘__STDC_VERSION_LIMITS_H__’ redefined
  200 | # define __STDC_VERSION_LIMITS_H__      202311L
      |          ^~~~~~~~~~~~~~~~~~~~~~~~~
In file included from /usr/lib/gcc-cross/aarch64-linux-gnu/15/include/limits.h:210,
                 from /usr/lib/gcc-cross/aarch64-linux-gnu/15/include/syslimits.h:9,
                 from /usr/lib/gcc-cross/aarch64-linux-gnu/15/include/limits.h:34:
/usr/aarch64-linux-gnu/include/limits.h:192:11: note: this is the location of the previous definition
  192 | #  define __STDC_VERSION_LIMITS_H__ 202311L
      |           ^~~~~~~~~~~~~~~~~~~~~~~~~
aarch64-linux-gnu-gcc -Isrc/headers/ -I./src/headers/ -I../ -I./../src -DLTC_SOURCE -I../libtommath/ -I./../libtommath/ -D_FORTIFY_SOURCE=2 -fstack-protector-strong -Wundef -fno-strict-overflow -Wno-pointer-sign -Os -W -Wall  -I./src/../libtomcrypt/src/headers/ -DLOCALOPTIONS_H_EXISTS -I. -I./src -DDROPBEAR_SERVER -DDBMULTI_dropbear -DDBMULTI_dropbearkey -DDBMULTI_scp -DDROPBEAR_MULTI -c src/encauth/eax/eax_init.c -o src/encauth/eax/eax_init.o
In file included from tommath.h:9,
                 from tommath_private.h:7,
                 from bn_mp_gcd.c:1:
/usr/lib/gcc-cross/aarch64-linux-gnu/15/include/limits.h:200:10: warning: ‘__STDC_VERSION_LIMITS_H__’ redefined
  200 | # define __STDC_VERSION_LIMITS_H__      202311L
      |          ^~~~~~~~~~~~~~~~~~~~~~~~~
In file included from /usr/lib/gcc-cross/aarch64-linux-gnu/15/include/limits.h:210,
                 from /usr/lib/gcc-cross/aarch64-linux-gnu/15/include/syslimits.h:9,
                 from /usr/lib/gcc-cross/aarch64-linux-gnu/15/include/limits.h:34:
/usr/aarch64-linux-gnu/include/limits.h:192:11: note: this is the location of the previous definition
  192 | #  define __STDC_VERSION_LIMITS_H__ 202311L
      |           ^~~~~~~~~~~~~~~~~~~~~~~~~
In file included from tommath.h:9,
                 from tommath_private.h:7,
                 from bn_mp_get_i64.c:1:
/usr/lib/gcc-cross/aarch64-linux-gnu/15/include/limits.h:200:10: warning: ‘__STDC_VERSION_LIMITS_H__’ redefined
  200 | # define __STDC_VERSION_LIMITS_H__      202311L
      |          ^~~~~~~~~~~~~~~~~~~~~~~~~
In file included from tommath.h:9,
                 from tommath_private.h:7,
                 from bn_mp_get_i32.c:1:
/usr/lib/gcc-cross/aarch64-linux-gnu/15/include/limits.h:200:10: warning: ‘__STDC_VERSION_LIMITS_H__’ redefined
  200 | # define __STDC_VERSION_LIMITS_H__      202311L
      |          ^~~~~~~~~~~~~~~~~~~~~~~~~
In file included from /usr/lib/gcc-cross/aarch64-linux-gnu/15/include/limits.h:210,
                 from /usr/lib/gcc-cross/aarch64-linux-gnu/15/include/syslimits.h:9,
                 from /usr/lib/gcc-cross/aarch64-linux-gnu/15/include/limits.h:34:
/usr/aarch64-linux-gnu/include/limits.h:192:11: note: this is the location of the previous definition
  192 | #  define __STDC_VERSION_LIMITS_H__ 202311L
      |           ^~~~~~~~~~~~~~~~~~~~~~~~~
aarch64-linux-gnu-gcc -c -D_FORTIFY_SOURCE=2 -fstack-protector-strong -Wundef -fno-strict-overflow -Wno-pointer-sign -Os -W -Wall  -I. -I../libtomcrypt/src/headers/ -I./../libtomcrypt/src/headers/ -I../ -I./../src -Wno-deprecated -I./src/../libtomcrypt/src/headers/ -DLOCALOPTIONS_H_EXISTS -I. -I./src -DDROPBEAR_SERVER -DDBMULTI_dropbear -DDBMULTI_dropbearkey -DDBMULTI_scp -DDROPBEAR_MULTI -I./ -Wall -Wsign-compare -Wextra -Wshadow -Wdeclaration-after-statement -Wbad-function-cast -Wcast-align -Wstrict-prototypes -Wpointer-arith -Wsystem-headers -O3 -funroll-loops -fomit-frame-pointer bn_mp_get_l.c -o bn_mp_get_l.o
In file included from /usr/lib/gcc-cross/aarch64-linux-gnu/15/include/limits.h:210,
                 from /usr/lib/gcc-cross/aarch64-linux-gnu/15/include/syslimits.h:9,
                 from /usr/lib/gcc-cross/aarch64-linux-gnu/15/include/limits.h:34:
/usr/aarch64-linux-gnu/include/limits.h:192:11: note: this is the location of the previous definition
  192 | #  define __STDC_VERSION_LIMITS_H__ 202311L
      |           ^~~~~~~~~~~~~~~~~~~~~~~~~
aarch64-linux-gnu-gcc -Isrc/headers/ -I./src/headers/ -I../ -I./../src -DLTC_SOURCE -I../libtommath/ -I./../libtommath/ -D_FORTIFY_SOURCE=2 -fstack-protector-strong -Wundef -fno-strict-overflow -Wno-pointer-sign -Os -W -Wall  -I./src/../libtomcrypt/src/headers/ -DLOCALOPTIONS_H_EXISTS -I. -I./src -DDROPBEAR_SERVER -DDBMULTI_dropbear -DDBMULTI_dropbearkey -DDBMULTI_scp -DDROPBEAR_MULTI -c src/encauth/eax/eax_test.c -o src/encauth/eax/eax_test.o
In file included from tommath.h:9,
                 from tommath_private.h:7,
                 from bn_mp_get_l.c:1:
/usr/lib/gcc-cross/aarch64-linux-gnu/15/include/limits.h:200:10: warning: ‘__STDC_VERSION_LIMITS_H__’ redefined
  200 | # define __STDC_VERSION_LIMITS_H__      202311L
      |          ^~~~~~~~~~~~~~~~~~~~~~~~~
In file included from /usr/lib/gcc-cross/aarch64-linux-gnu/15/include/limits.h:210,
                 from /usr/lib/gcc-cross/aarch64-linux-gnu/15/include/syslimits.h:9,
                 from /usr/lib/gcc-cross/aarch64-linux-gnu/15/include/limits.h:34:
/usr/aarch64-linux-gnu/include/limits.h:192:11: note: this is the location of the previous definition
  192 | #  define __STDC_VERSION_LIMITS_H__ 202311L
      |           ^~~~~~~~~~~~~~~~~~~~~~~~~
aarch64-linux-gnu-gcc -c -D_FORTIFY_SOURCE=2 -fstack-protector-strong -Wundef -fno-strict-overflow -Wno-pointer-sign -Os -W -Wall  -I. -I../libtomcrypt/src/headers/ -I./../libtomcrypt/src/headers/ -I../ -I./../src -Wno-deprecated -I./src/../libtomcrypt/src/headers/ -DLOCALOPTIONS_H_EXISTS -I. -I./src -DDROPBEAR_SERVER -DDBMULTI_dropbear -DDBMULTI_dropbearkey -DDBMULTI_scp -DDROPBEAR_MULTI -I./ -Wall -Wsign-compare -Wextra -Wshadow -Wdeclaration-after-statement -Wbad-function-cast -Wcast-align -Wstrict-prototypes -Wpointer-arith -Wsystem-headers -O3 -funroll-loops -fomit-frame-pointer bn_mp_get_ll.c -o bn_mp_get_ll.o
aarch64-linux-gnu-gcc -Isrc/headers/ -I./src/headers/ -I../ -I./../src -DLTC_SOURCE -I../libtommath/ -I./../libtommath/ -D_FORTIFY_SOURCE=2 -fstack-protector-strong -Wundef -fno-strict-overflow -Wno-pointer-sign -Os -W -Wall  -I./src/../libtomcrypt/src/headers/ -DLOCALOPTIONS_H_EXISTS -I. -I./src -DDROPBEAR_SERVER -DDBMULTI_dropbear -DDBMULTI_dropbearkey -DDBMULTI_scp -DDROPBEAR_MULTI -c src/encauth/gcm/gcm_add_aad.c -o src/encauth/gcm/gcm_add_aad.o
aarch64-linux-gnu-gcc -c -D_FORTIFY_SOURCE=2 -fstack-protector-strong -Wundef -fno-strict-overflow -Wno-pointer-sign -Os -W -Wall  -I. -I../libtomcrypt/src/headers/ -I./../libtomcrypt/src/headers/ -I../ -I./../src -Wno-deprecated -I./src/../libtomcrypt/src/headers/ -DLOCALOPTIONS_H_EXISTS -I. -I./src -DDROPBEAR_SERVER -DDBMULTI_dropbear -DDBMULTI_dropbearkey -DDBMULTI_scp -DDROPBEAR_MULTI -I./ -Wall -Wsign-compare -Wextra -Wshadow -Wdeclaration-after-statement -Wbad-function-cast -Wcast-align -Wstrict-prototypes -Wpointer-arith -Wsystem-headers -O3 -funroll-loops -fomit-frame-pointer bn_mp_get_mag_u32.c -o bn_mp_get_mag_u32.o
aarch64-linux-gnu-gcc -Isrc/headers/ -I./src/headers/ -I../ -I./../src -DLTC_SOURCE -I../libtommath/ -I./../libtommath/ -D_FORTIFY_SOURCE=2 -fstack-protector-strong -Wundef -fno-strict-overflow -Wno-pointer-sign -Os -W -Wall  -I./src/../libtomcrypt/src/headers/ -DLOCALOPTIONS_H_EXISTS -I. -I./src -DDROPBEAR_SERVER -DDBMULTI_dropbear -DDBMULTI_dropbearkey -DDBMULTI_scp -DDROPBEAR_MULTI -c src/encauth/gcm/gcm_add_iv.c -o src/encauth/gcm/gcm_add_iv.o
aarch64-linux-gnu-gcc -c -D_FORTIFY_SOURCE=2 -fstack-protector-strong -Wundef -fno-strict-overflow -Wno-pointer-sign -Os -W -Wall  -I. -I../libtomcrypt/src/headers/ -I./../libtomcrypt/src/headers/ -I../ -I./../src -Wno-deprecated -I./src/../libtomcrypt/src/headers/ -DLOCALOPTIONS_H_EXISTS -I. -I./src -DDROPBEAR_SERVER -DDBMULTI_dropbear -DDBMULTI_dropbearkey -DDBMULTI_scp -DDROPBEAR_MULTI -I./ -Wall -Wsign-compare -Wextra -Wshadow -Wdeclaration-after-statement -Wbad-function-cast -Wcast-align -Wstrict-prototypes -Wpointer-arith -Wsystem-headers -O3 -funroll-loops -fomit-frame-pointer bn_mp_get_mag_u64.c -o bn_mp_get_mag_u64.o
aarch64-linux-gnu-gcc -c -D_FORTIFY_SOURCE=2 -fstack-protector-strong -Wundef -fno-strict-overflow -Wno-pointer-sign -Os -W -Wall  -I. -I../libtomcrypt/src/headers/ -I./../libtomcrypt/src/headers/ -I../ -I./../src -Wno-deprecated -I./src/../libtomcrypt/src/headers/ -DLOCALOPTIONS_H_EXISTS -I. -I./src -DDROPBEAR_SERVER -DDBMULTI_dropbear -DDBMULTI_dropbearkey -DDBMULTI_scp -DDROPBEAR_MULTI -I./ -Wall -Wsign-compare -Wextra -Wshadow -Wdeclaration-after-statement -Wbad-function-cast -Wcast-align -Wstrict-prototypes -Wpointer-arith -Wsystem-headers -O3 -funroll-loops -fomit-frame-pointer bn_mp_get_mag_ul.c -o bn_mp_get_mag_ul.o
aarch64-linux-gnu-gcc -Isrc/headers/ -I./src/headers/ -I../ -I./../src -DLTC_SOURCE -I../libtommath/ -I./../libtommath/ -D_FORTIFY_SOURCE=2 -fstack-protector-strong -Wundef -fno-strict-overflow -Wno-pointer-sign -Os -W -Wall  -I./src/../libtomcrypt/src/headers/ -DLOCALOPTIONS_H_EXISTS -I. -I./src -DDROPBEAR_SERVER -DDBMULTI_dropbear -DDBMULTI_dropbearkey -DDBMULTI_scp -DDROPBEAR_MULTI -c src/encauth/gcm/gcm_done.c -o src/encauth/gcm/gcm_done.o
aarch64-linux-gnu-gcc -c -D_FORTIFY_SOURCE=2 -fstack-protector-strong -Wundef -fno-strict-overflow -Wno-pointer-sign -Os -W -Wall  -I. -I../libtomcrypt/src/headers/ -I./../libtomcrypt/src/headers/ -I../ -I./../src -Wno-deprecated -I./src/../libtomcrypt/src/headers/ -DLOCALOPTIONS_H_EXISTS -I. -I./src -DDROPBEAR_SERVER -DDBMULTI_dropbear -DDBMULTI_dropbearkey -DDBMULTI_scp -DDROPBEAR_MULTI -I./ -Wall -Wsign-compare -Wextra -Wshadow -Wdeclaration-after-statement -Wbad-function-cast -Wcast-align -Wstrict-prototypes -Wpointer-arith -Wsystem-headers -O3 -funroll-loops -fomit-frame-pointer bn_mp_get_mag_ull.c -o bn_mp_get_mag_ull.o
In file included from tommath.h:9,
                 from tommath_private.h:7,
                 from bn_mp_get_ll.c:1:
/usr/lib/gcc-cross/aarch64-linux-gnu/15/include/limits.h:200:10: warning: ‘__STDC_VERSION_LIMITS_H__’ redefined
  200 | # define __STDC_VERSION_LIMITS_H__      202311L
      |          ^~~~~~~~~~~~~~~~~~~~~~~~~
In file included from /usr/lib/gcc-cross/aarch64-linux-gnu/15/include/limits.h:210,
                 from /usr/lib/gcc-cross/aarch64-linux-gnu/15/include/syslimits.h:9,
                 from /usr/lib/gcc-cross/aarch64-linux-gnu/15/include/limits.h:34:
/usr/aarch64-linux-gnu/include/limits.h:192:11: note: this is the location of the previous definition
  192 | #  define __STDC_VERSION_LIMITS_H__ 202311L
      |           ^~~~~~~~~~~~~~~~~~~~~~~~~
In file included from tommath.h:9,
                 from tommath_private.h:7,
                 from bn_mp_get_mag_u64.c:1:
/usr/lib/gcc-cross/aarch64-linux-gnu/15/include/limits.h:200:10: warning: ‘__STDC_VERSION_LIMITS_H__’ redefined
  200 | # define __STDC_VERSION_LIMITS_H__      202311L
      |          ^~~~~~~~~~~~~~~~~~~~~~~~~
In file included from tommath.h:9,
                 from tommath_private.h:7,
                 from bn_mp_get_mag_u32.c:1:
/usr/lib/gcc-cross/aarch64-linux-gnu/15/include/limits.h:200:10: warning: ‘__STDC_VERSION_LIMITS_H__’ redefined
  200 | # define __STDC_VERSION_LIMITS_H__      202311L
      |          ^~~~~~~~~~~~~~~~~~~~~~~~~
In file included from /usr/lib/gcc-cross/aarch64-linux-gnu/15/include/limits.h:210,
                 from /usr/lib/gcc-cross/aarch64-linux-gnu/15/include/syslimits.h:9,
                 from /usr/lib/gcc-cross/aarch64-linux-gnu/15/include/limits.h:34:
/usr/aarch64-linux-gnu/include/limits.h:192:11: note: this is the location of the previous definition
  192 | #  define __STDC_VERSION_LIMITS_H__ 202311L
      |           ^~~~~~~~~~~~~~~~~~~~~~~~~
aarch64-linux-gnu-gcc -Isrc/headers/ -I./src/headers/ -I../ -I./../src -DLTC_SOURCE -I../libtommath/ -I./../libtommath/ -D_FORTIFY_SOURCE=2 -fstack-protector-strong -Wundef -fno-strict-overflow -Wno-pointer-sign -Os -W -Wall  -I./src/../libtomcrypt/src/headers/ -DLOCALOPTIONS_H_EXISTS -I. -I./src -DDROPBEAR_SERVER -DDBMULTI_dropbear -DDBMULTI_dropbearkey -DDBMULTI_scp -DDROPBEAR_MULTI -c src/encauth/gcm/gcm_gf_mult.c -o src/encauth/gcm/gcm_gf_mult.o
In file included from /usr/lib/gcc-cross/aarch64-linux-gnu/15/include/limits.h:210,
                 from /usr/lib/gcc-cross/aarch64-linux-gnu/15/include/syslimits.h:9,
                 from /usr/lib/gcc-cross/aarch64-linux-gnu/15/include/limits.h:34:
/usr/aarch64-linux-gnu/include/limits.h:192:11: note: this is the location of the previous definition
  192 | #  define __STDC_VERSION_LIMITS_H__ 202311L
      |           ^~~~~~~~~~~~~~~~~~~~~~~~~
In file included from tommath.h:9,
                 from tommath_private.h:7,
                 from bn_mp_get_mag_ul.c:1:
/usr/lib/gcc-cross/aarch64-linux-gnu/15/include/limits.h:200:10: warning: ‘__STDC_VERSION_LIMITS_H__’ redefined
  200 | # define __STDC_VERSION_LIMITS_H__      202311L
      |          ^~~~~~~~~~~~~~~~~~~~~~~~~
In file included from tommath.h:9,
                 from tommath_private.h:7,
                 from bn_mp_get_mag_ull.c:1:
/usr/lib/gcc-cross/aarch64-linux-gnu/15/include/limits.h:200:10: warning: ‘__STDC_VERSION_LIMITS_H__’ redefined
  200 | # define __STDC_VERSION_LIMITS_H__      202311L
      |          ^~~~~~~~~~~~~~~~~~~~~~~~~
aarch64-linux-gnu-gcc -Isrc/headers/ -I./src/headers/ -I../ -I./../src -DLTC_SOURCE -I../libtommath/ -I./../libtommath/ -D_FORTIFY_SOURCE=2 -fstack-protector-strong -Wundef -fno-strict-overflow -Wno-pointer-sign -Os -W -Wall  -I./src/../libtomcrypt/src/headers/ -DLOCALOPTIONS_H_EXISTS -I. -I./src -DDROPBEAR_SERVER -DDBMULTI_dropbear -DDBMULTI_dropbearkey -DDBMULTI_scp -DDROPBEAR_MULTI -c src/encauth/gcm/gcm_init.c -o src/encauth/gcm/gcm_init.o
In file included from /usr/lib/gcc-cross/aarch64-linux-gnu/15/include/limits.h:210,
                 from /usr/lib/gcc-cross/aarch64-linux-gnu/15/include/syslimits.h:9,
                 from /usr/lib/gcc-cross/aarch64-linux-gnu/15/include/limits.h:34:
/usr/aarch64-linux-gnu/include/limits.h:192:11: note: this is the location of the previous definition
  192 | #  define __STDC_VERSION_LIMITS_H__ 202311L
      |           ^~~~~~~~~~~~~~~~~~~~~~~~~
In file included from /usr/lib/gcc-cross/aarch64-linux-gnu/15/include/limits.h:210,
                 from /usr/lib/gcc-cross/aarch64-linux-gnu/15/include/syslimits.h:9,
                 from /usr/lib/gcc-cross/aarch64-linux-gnu/15/include/limits.h:34:
/usr/aarch64-linux-gnu/include/limits.h:192:11: note: this is the location of the previous definition
  192 | #  define __STDC_VERSION_LIMITS_H__ 202311L
      |           ^~~~~~~~~~~~~~~~~~~~~~~~~
aarch64-linux-gnu-gcc -Isrc/headers/ -I./src/headers/ -I../ -I./../src -DLTC_SOURCE -I../libtommath/ -I./../libtommath/ -D_FORTIFY_SOURCE=2 -fstack-protector-strong -Wundef -fno-strict-overflow -Wno-pointer-sign -Os -W -Wall  -I./src/../libtomcrypt/src/headers/ -DLOCALOPTIONS_H_EXISTS -I. -I./src -DDROPBEAR_SERVER -DDBMULTI_dropbear -DDBMULTI_dropbearkey -DDBMULTI_scp -DDROPBEAR_MULTI -c src/encauth/gcm/gcm_memory.c -o src/encauth/gcm/gcm_memory.o
aarch64-linux-gnu-gcc -c -D_FORTIFY_SOURCE=2 -fstack-protector-strong -Wundef -fno-strict-overflow -Wno-pointer-sign -Os -W -Wall  -I. -I../libtomcrypt/src/headers/ -I./../libtomcrypt/src/headers/ -I../ -I./../src -Wno-deprecated -I./src/../libtomcrypt/src/headers/ -DLOCALOPTIONS_H_EXISTS -I. -I./src -DDROPBEAR_SERVER -DDBMULTI_dropbear -DDBMULTI_dropbearkey -DDBMULTI_scp -DDROPBEAR_MULTI -I./ -Wall -Wsign-compare -Wextra -Wshadow -Wdeclaration-after-statement -Wbad-function-cast -Wcast-align -Wstrict-prototypes -Wpointer-arith -Wsystem-headers -O3 -funroll-loops -fomit-frame-pointer bn_mp_grow.c -o bn_mp_grow.o
aarch64-linux-gnu-gcc -Isrc/headers/ -I./src/headers/ -I../ -I./../src -DLTC_SOURCE -I../libtommath/ -I./../libtommath/ -D_FORTIFY_SOURCE=2 -fstack-protector-strong -Wundef -fno-strict-overflow -Wno-pointer-sign -Os -W -Wall  -I./src/../libtomcrypt/src/headers/ -DLOCALOPTIONS_H_EXISTS -I. -I./src -DDROPBEAR_SERVER -DDBMULTI_dropbear -DDBMULTI_dropbearkey -DDBMULTI_scp -DDROPBEAR_MULTI -c src/encauth/gcm/gcm_mult_h.c -o src/encauth/gcm/gcm_mult_h.o
aarch64-linux-gnu-gcc -c -D_FORTIFY_SOURCE=2 -fstack-protector-strong -Wundef -fno-strict-overflow -Wno-pointer-sign -Os -W -Wall  -I. -I../libtomcrypt/src/headers/ -I./../libtomcrypt/src/headers/ -I../ -I./../src -Wno-deprecated -I./src/../libtomcrypt/src/headers/ -DLOCALOPTIONS_H_EXISTS -I. -I./src -DDROPBEAR_SERVER -DDBMULTI_dropbear -DDBMULTI_dropbearkey -DDBMULTI_scp -DDROPBEAR_MULTI -I./ -Wall -Wsign-compare -Wextra -Wshadow -Wdeclaration-after-statement -Wbad-function-cast -Wcast-align -Wstrict-prototypes -Wpointer-arith -Wsystem-headers -O3 -funroll-loops -fomit-frame-pointer bn_mp_incr.c -o bn_mp_incr.o
aarch64-linux-gnu-gcc -Isrc/headers/ -I./src/headers/ -I../ -I./../src -DLTC_SOURCE -I../libtommath/ -I./../libtommath/ -D_FORTIFY_SOURCE=2 -fstack-protector-strong -Wundef -fno-strict-overflow -Wno-pointer-sign -Os -W -Wall  -I./src/../libtomcrypt/src/headers/ -DLOCALOPTIONS_H_EXISTS -I. -I./src -DDROPBEAR_SERVER -DDBMULTI_dropbear -DDBMULTI_dropbearkey -DDBMULTI_scp -DDROPBEAR_MULTI -c src/encauth/gcm/gcm_process.c -o src/encauth/gcm/gcm_process.o
aarch64-linux-gnu-gcc -c -D_FORTIFY_SOURCE=2 -fstack-protector-strong -Wundef -fno-strict-overflow -Wno-pointer-sign -Os -W -Wall  -I. -I../libtomcrypt/src/headers/ -I./../libtomcrypt/src/headers/ -I../ -I./../src -Wno-deprecated -I./src/../libtomcrypt/src/headers/ -DLOCALOPTIONS_H_EXISTS -I. -I./src -DDROPBEAR_SERVER -DDBMULTI_dropbear -DDBMULTI_dropbearkey -DDBMULTI_scp -DDROPBEAR_MULTI -I./ -Wall -Wsign-compare -Wextra -Wshadow -Wdeclaration-after-statement -Wbad-function-cast -Wcast-align -Wstrict-prototypes -Wpointer-arith -Wsystem-headers -O3 -funroll-loops -fomit-frame-pointer bn_mp_init.c -o bn_mp_init.o
aarch64-linux-gnu-gcc -Isrc/headers/ -I./src/headers/ -I../ -I./../src -DLTC_SOURCE -I../libtommath/ -I./../libtommath/ -D_FORTIFY_SOURCE=2 -fstack-protector-strong -Wundef -fno-strict-overflow -Wno-pointer-sign -Os -W -Wall  -I./src/../libtomcrypt/src/headers/ -DLOCALOPTIONS_H_EXISTS -I. -I./src -DDROPBEAR_SERVER -DDBMULTI_dropbear -DDBMULTI_dropbearkey -DDBMULTI_scp -DDROPBEAR_MULTI -c src/encauth/gcm/gcm_reset.c -o src/encauth/gcm/gcm_reset.o
In file included from tommath.h:9,
                 from tommath_private.h:7,
                 from bn_mp_grow.c:1:
/usr/lib/gcc-cross/aarch64-linux-gnu/15/include/limits.h:200:10: warning: ‘__STDC_VERSION_LIMITS_H__’ redefined
  200 | # define __STDC_VERSION_LIMITS_H__      202311L
      |          ^~~~~~~~~~~~~~~~~~~~~~~~~
In file included from /usr/lib/gcc-cross/aarch64-linux-gnu/15/include/limits.h:210,
                 from /usr/lib/gcc-cross/aarch64-linux-gnu/15/include/syslimits.h:9,
                 from /usr/lib/gcc-cross/aarch64-linux-gnu/15/include/limits.h:34:
/usr/aarch64-linux-gnu/include/limits.h:192:11: note: this is the location of the previous definition
  192 | #  define __STDC_VERSION_LIMITS_H__ 202311L
      |           ^~~~~~~~~~~~~~~~~~~~~~~~~
aarch64-linux-gnu-gcc -c -D_FORTIFY_SOURCE=2 -fstack-protector-strong -Wundef -fno-strict-overflow -Wno-pointer-sign -Os -W -Wall  -I. -I../libtomcrypt/src/headers/ -I./../libtomcrypt/src/headers/ -I../ -I./../src -Wno-deprecated -I./src/../libtomcrypt/src/headers/ -DLOCALOPTIONS_H_EXISTS -I. -I./src -DDROPBEAR_SERVER -DDBMULTI_dropbear -DDBMULTI_dropbearkey -DDBMULTI_scp -DDROPBEAR_MULTI -I./ -Wall -Wsign-compare -Wextra -Wshadow -Wdeclaration-after-statement -Wbad-function-cast -Wcast-align -Wstrict-prototypes -Wpointer-arith -Wsystem-headers -O3 -funroll-loops -fomit-frame-pointer bn_mp_init_copy.c -o bn_mp_init_copy.o
aarch64-linux-gnu-gcc -c -D_FORTIFY_SOURCE=2 -fstack-protector-strong -Wundef -fno-strict-overflow -Wno-pointer-sign -Os -W -Wall  -I. -I../libtomcrypt/src/headers/ -I./../libtomcrypt/src/headers/ -I../ -I./../src -Wno-deprecated -I./src/../libtomcrypt/src/headers/ -DLOCALOPTIONS_H_EXISTS -I. -I./src -DDROPBEAR_SERVER -DDBMULTI_dropbear -DDBMULTI_dropbearkey -DDBMULTI_scp -DDROPBEAR_MULTI -I./ -Wall -Wsign-compare -Wextra -Wshadow -Wdeclaration-after-statement -Wbad-function-cast -Wcast-align -Wstrict-prototypes -Wpointer-arith -Wsystem-headers -O3 -funroll-loops -fomit-frame-pointer bn_mp_init_i32.c -o bn_mp_init_i32.o
In file included from tommath.h:9,
                 from tommath_private.h:7,
                 from bn_mp_incr.c:1:
/usr/lib/gcc-cross/aarch64-linux-gnu/15/include/limits.h:200:10: warning: ‘__STDC_VERSION_LIMITS_H__’ redefined
  200 | # define __STDC_VERSION_LIMITS_H__      202311L
      |          ^~~~~~~~~~~~~~~~~~~~~~~~~
In file included from /usr/lib/gcc-cross/aarch64-linux-gnu/15/include/limits.h:210,
                 from /usr/lib/gcc-cross/aarch64-linux-gnu/15/include/syslimits.h:9,
                 from /usr/lib/gcc-cross/aarch64-linux-gnu/15/include/limits.h:34:
/usr/aarch64-linux-gnu/include/limits.h:192:11: note: this is the location of the previous definition
  192 | #  define __STDC_VERSION_LIMITS_H__ 202311L
      |           ^~~~~~~~~~~~~~~~~~~~~~~~~
aarch64-linux-gnu-gcc -Isrc/headers/ -I./src/headers/ -I../ -I./../src -DLTC_SOURCE -I../libtommath/ -I./../libtommath/ -D_FORTIFY_SOURCE=2 -fstack-protector-strong -Wundef -fno-strict-overflow -Wno-pointer-sign -Os -W -Wall  -I./src/../libtomcrypt/src/headers/ -DLOCALOPTIONS_H_EXISTS -I. -I./src -DDROPBEAR_SERVER -DDBMULTI_dropbear -DDBMULTI_dropbearkey -DDBMULTI_scp -DDROPBEAR_MULTI -c src/encauth/gcm/gcm_test.c -o src/encauth/gcm/gcm_test.o
In file included from tommath.h:9,
                 from tommath_private.h:7,
                 from bn_mp_init_copy.c:1:
/usr/lib/gcc-cross/aarch64-linux-gnu/15/include/limits.h:200:10: warning: ‘__STDC_VERSION_LIMITS_H__’ redefined
  200 | # define __STDC_VERSION_LIMITS_H__      202311L
      |          ^~~~~~~~~~~~~~~~~~~~~~~~~
In file included from /usr/lib/gcc-cross/aarch64-linux-gnu/15/include/limits.h:210,
                 from /usr/lib/gcc-cross/aarch64-linux-gnu/15/include/syslimits.h:9,
                 from /usr/lib/gcc-cross/aarch64-linux-gnu/15/include/limits.h:34:
/usr/aarch64-linux-gnu/include/limits.h:192:11: note: this is the location of the previous definition
  192 | #  define __STDC_VERSION_LIMITS_H__ 202311L
      |           ^~~~~~~~~~~~~~~~~~~~~~~~~
In file included from tommath.h:9,
                 from tommath_private.h:7,
                 from bn_mp_init.c:1:
/usr/lib/gcc-cross/aarch64-linux-gnu/15/include/limits.h:200:10: warning: ‘__STDC_VERSION_LIMITS_H__’ redefined
  200 | # define __STDC_VERSION_LIMITS_H__      202311L
      |          ^~~~~~~~~~~~~~~~~~~~~~~~~
aarch64-linux-gnu-gcc -c -D_FORTIFY_SOURCE=2 -fstack-protector-strong -Wundef -fno-strict-overflow -Wno-pointer-sign -Os -W -Wall  -I. -I../libtomcrypt/src/headers/ -I./../libtomcrypt/src/headers/ -I../ -I./../src -Wno-deprecated -I./src/../libtomcrypt/src/headers/ -DLOCALOPTIONS_H_EXISTS -I. -I./src -DDROPBEAR_SERVER -DDBMULTI_dropbear -DDBMULTI_dropbearkey -DDBMULTI_scp -DDROPBEAR_MULTI -I./ -Wall -Wsign-compare -Wextra -Wshadow -Wdeclaration-after-statement -Wbad-function-cast -Wcast-align -Wstrict-prototypes -Wpointer-arith -Wsystem-headers -O3 -funroll-loops -fomit-frame-pointer bn_mp_init_i64.c -o bn_mp_init_i64.o
aarch64-linux-gnu-gcc -Isrc/headers/ -I./src/headers/ -I../ -I./../src -DLTC_SOURCE -I../libtommath/ -I./../libtommath/ -D_FORTIFY_SOURCE=2 -fstack-protector-strong -Wundef -fno-strict-overflow -Wno-pointer-sign -Os -W -Wall  -I./src/../libtomcrypt/src/headers/ -DLOCALOPTIONS_H_EXISTS -I. -I./src -DDROPBEAR_SERVER -DDBMULTI_dropbear -DDBMULTI_dropbearkey -DDBMULTI_scp -DDROPBEAR_MULTI -c src/encauth/ocb/ocb_decrypt.c -o src/encauth/ocb/ocb_decrypt.o
In file included from /usr/lib/gcc-cross/aarch64-linux-gnu/15/include/limits.h:210,
                 from /usr/lib/gcc-cross/aarch64-linux-gnu/15/include/syslimits.h:9,
                 from /usr/lib/gcc-cross/aarch64-linux-gnu/15/include/limits.h:34:
/usr/aarch64-linux-gnu/include/limits.h:192:11: note: this is the location of the previous definition
  192 | #  define __STDC_VERSION_LIMITS_H__ 202311L
      |           ^~~~~~~~~~~~~~~~~~~~~~~~~
aarch64-linux-gnu-gcc -c -D_FORTIFY_SOURCE=2 -fstack-protector-strong -Wundef -fno-strict-overflow -Wno-pointer-sign -Os -W -Wall  -I. -I../libtomcrypt/src/headers/ -I./../libtomcrypt/src/headers/ -I../ -I./../src -Wno-deprecated -I./src/../libtomcrypt/src/headers/ -DLOCALOPTIONS_H_EXISTS -I. -I./src -DDROPBEAR_SERVER -DDBMULTI_dropbear -DDBMULTI_dropbearkey -DDBMULTI_scp -DDROPBEAR_MULTI -I./ -Wall -Wsign-compare -Wextra -Wshadow -Wdeclaration-after-statement -Wbad-function-cast -Wcast-align -Wstrict-prototypes -Wpointer-arith -Wsystem-headers -O3 -funroll-loops -fomit-frame-pointer bn_mp_init_l.c -o bn_mp_init_l.o
In file included from tommath.h:9,
                 from tommath_private.h:7,
                 from bn_mp_init_i32.c:1:
/usr/lib/gcc-cross/aarch64-linux-gnu/15/include/limits.h:200:10: warning: ‘__STDC_VERSION_LIMITS_H__’ redefined
  200 | # define __STDC_VERSION_LIMITS_H__      202311L
      |          ^~~~~~~~~~~~~~~~~~~~~~~~~
aarch64-linux-gnu-gcc -Isrc/headers/ -I./src/headers/ -I../ -I./../src -DLTC_SOURCE -I../libtommath/ -I./../libtommath/ -D_FORTIFY_SOURCE=2 -fstack-protector-strong -Wundef -fno-strict-overflow -Wno-pointer-sign -Os -W -Wall  -I./src/../libtomcrypt/src/headers/ -DLOCALOPTIONS_H_EXISTS -I. -I./src -DDROPBEAR_SERVER -DDBMULTI_dropbear -DDBMULTI_dropbearkey -DDBMULTI_scp -DDROPBEAR_MULTI -c src/encauth/ocb/ocb_decrypt_verify_memory.c -o src/encauth/ocb/ocb_decrypt_verify_memory.o
In file included from /usr/lib/gcc-cross/aarch64-linux-gnu/15/include/limits.h:210,
                 from /usr/lib/gcc-cross/aarch64-linux-gnu/15/include/syslimits.h:9,
                 from /usr/lib/gcc-cross/aarch64-linux-gnu/15/include/limits.h:34:
/usr/aarch64-linux-gnu/include/limits.h:192:11: note: this is the location of the previous definition
  192 | #  define __STDC_VERSION_LIMITS_H__ 202311L
      |           ^~~~~~~~~~~~~~~~~~~~~~~~~
In file included from tommath.h:9,
                 from tommath_private.h:7,
                 from bn_mp_init_i64.c:1:
/usr/lib/gcc-cross/aarch64-linux-gnu/15/include/limits.h:200:10: warning: ‘__STDC_VERSION_LIMITS_H__’ redefined
  200 | # define __STDC_VERSION_LIMITS_H__      202311L
      |          ^~~~~~~~~~~~~~~~~~~~~~~~~
In file included from /usr/lib/gcc-cross/aarch64-linux-gnu/15/include/limits.h:210,
                 from /usr/lib/gcc-cross/aarch64-linux-gnu/15/include/syslimits.h:9,
                 from /usr/lib/gcc-cross/aarch64-linux-gnu/15/include/limits.h:34:
/usr/aarch64-linux-gnu/include/limits.h:192:11: note: this is the location of the previous definition
  192 | #  define __STDC_VERSION_LIMITS_H__ 202311L
      |           ^~~~~~~~~~~~~~~~~~~~~~~~~
aarch64-linux-gnu-gcc -c -D_FORTIFY_SOURCE=2 -fstack-protector-strong -Wundef -fno-strict-overflow -Wno-pointer-sign -Os -W -Wall  -I. -I../libtomcrypt/src/headers/ -I./../libtomcrypt/src/headers/ -I../ -I./../src -Wno-deprecated -I./src/../libtomcrypt/src/headers/ -DLOCALOPTIONS_H_EXISTS -I. -I./src -DDROPBEAR_SERVER -DDBMULTI_dropbear -DDBMULTI_dropbearkey -DDBMULTI_scp -DDROPBEAR_MULTI -I./ -Wall -Wsign-compare -Wextra -Wshadow -Wdeclaration-after-statement -Wbad-function-cast -Wcast-align -Wstrict-prototypes -Wpointer-arith -Wsystem-headers -O3 -funroll-loops -fomit-frame-pointer bn_mp_init_ll.c -o bn_mp_init_ll.o
aarch64-linux-gnu-gcc -c -D_FORTIFY_SOURCE=2 -fstack-protector-strong -Wundef -fno-strict-overflow -Wno-pointer-sign -Os -W -Wall  -I. -I../libtomcrypt/src/headers/ -I./../libtomcrypt/src/headers/ -I../ -I./../src -Wno-deprecated -I./src/../libtomcrypt/src/headers/ -DLOCALOPTIONS_H_EXISTS -I. -I./src -DDROPBEAR_SERVER -DDBMULTI_dropbear -DDBMULTI_dropbearkey -DDBMULTI_scp -DDROPBEAR_MULTI -I./ -Wall -Wsign-compare -Wextra -Wshadow -Wdeclaration-after-statement -Wbad-function-cast -Wcast-align -Wstrict-prototypes -Wpointer-arith -Wsystem-headers -O3 -funroll-loops -fomit-frame-pointer bn_mp_init_multi.c -o bn_mp_init_multi.o
aarch64-linux-gnu-gcc -Isrc/headers/ -I./src/headers/ -I../ -I./../src -DLTC_SOURCE -I../libtommath/ -I./../libtommath/ -D_FORTIFY_SOURCE=2 -fstack-protector-strong -Wundef -fno-strict-overflow -Wno-pointer-sign -Os -W -Wall  -I./src/../libtomcrypt/src/headers/ -DLOCALOPTIONS_H_EXISTS -I. -I./src -DDROPBEAR_SERVER -DDBMULTI_dropbear -DDBMULTI_dropbearkey -DDBMULTI_scp -DDROPBEAR_MULTI -c src/encauth/ocb/ocb_done_decrypt.c -o src/encauth/ocb/ocb_done_decrypt.o
In file included from tommath.h:9,
                 from tommath_private.h:7,
                 from bn_mp_init_ll.c:1:
/usr/lib/gcc-cross/aarch64-linux-gnu/15/include/limits.h:200:10: warning: ‘__STDC_VERSION_LIMITS_H__’ redefined
  200 | # define __STDC_VERSION_LIMITS_H__      202311L
      |          ^~~~~~~~~~~~~~~~~~~~~~~~~
In file included from /usr/lib/gcc-cross/aarch64-linux-gnu/15/include/limits.h:210,
                 from /usr/lib/gcc-cross/aarch64-linux-gnu/15/include/syslimits.h:9,
                 from /usr/lib/gcc-cross/aarch64-linux-gnu/15/include/limits.h:34:
/usr/aarch64-linux-gnu/include/limits.h:192:11: note: this is the location of the previous definition
  192 | #  define __STDC_VERSION_LIMITS_H__ 202311L
      |           ^~~~~~~~~~~~~~~~~~~~~~~~~
In file included from tommath.h:9,
                 from tommath_private.h:7,
                 from bn_mp_init_l.c:1:
/usr/lib/gcc-cross/aarch64-linux-gnu/15/include/limits.h:200:10: warning: ‘__STDC_VERSION_LIMITS_H__’ redefined
  200 | # define __STDC_VERSION_LIMITS_H__      202311L
      |          ^~~~~~~~~~~~~~~~~~~~~~~~~
aarch64-linux-gnu-gcc -c -D_FORTIFY_SOURCE=2 -fstack-protector-strong -Wundef -fno-strict-overflow -Wno-pointer-sign -Os -W -Wall  -I. -I../libtomcrypt/src/headers/ -I./../libtomcrypt/src/headers/ -I../ -I./../src -Wno-deprecated -I./src/../libtomcrypt/src/headers/ -DLOCALOPTIONS_H_EXISTS -I. -I./src -DDROPBEAR_SERVER -DDBMULTI_dropbear -DDBMULTI_dropbearkey -DDBMULTI_scp -DDROPBEAR_MULTI -I./ -Wall -Wsign-compare -Wextra -Wshadow -Wdeclaration-after-statement -Wbad-function-cast -Wcast-align -Wstrict-prototypes -Wpointer-arith -Wsystem-headers -O3 -funroll-loops -fomit-frame-pointer bn_mp_init_set.c -o bn_mp_init_set.o
In file included from tommath.h:9,
                 from tommath_private.h:7,
                 from bn_mp_init_multi.c:1:
/usr/lib/gcc-cross/aarch64-linux-gnu/15/include/limits.h:200:10: warning: ‘__STDC_VERSION_LIMITS_H__’ redefined
  200 | # define __STDC_VERSION_LIMITS_H__      202311L
      |          ^~~~~~~~~~~~~~~~~~~~~~~~~
In file included from /usr/lib/gcc-cross/aarch64-linux-gnu/15/include/limits.h:210,
                 from /usr/lib/gcc-cross/aarch64-linux-gnu/15/include/syslimits.h:9,
                 from /usr/lib/gcc-cross/aarch64-linux-gnu/15/include/limits.h:34:
/usr/aarch64-linux-gnu/include/limits.h:192:11: note: this is the location of the previous definition
  192 | #  define __STDC_VERSION_LIMITS_H__ 202311L
      |           ^~~~~~~~~~~~~~~~~~~~~~~~~
In file included from /usr/lib/gcc-cross/aarch64-linux-gnu/15/include/limits.h:210,
                 from /usr/lib/gcc-cross/aarch64-linux-gnu/15/include/syslimits.h:9,
                 from /usr/lib/gcc-cross/aarch64-linux-gnu/15/include/limits.h:34:
/usr/aarch64-linux-gnu/include/limits.h:192:11: note: this is the location of the previous definition
  192 | #  define __STDC_VERSION_LIMITS_H__ 202311L
      |           ^~~~~~~~~~~~~~~~~~~~~~~~~
aarch64-linux-gnu-gcc -c -D_FORTIFY_SOURCE=2 -fstack-protector-strong -Wundef -fno-strict-overflow -Wno-pointer-sign -Os -W -Wall  -I. -I../libtomcrypt/src/headers/ -I./../libtomcrypt/src/headers/ -I../ -I./../src -Wno-deprecated -I./src/../libtomcrypt/src/headers/ -DLOCALOPTIONS_H_EXISTS -I. -I./src -DDROPBEAR_SERVER -DDBMULTI_dropbear -DDBMULTI_dropbearkey -DDBMULTI_scp -DDROPBEAR_MULTI -I./ -Wall -Wsign-compare -Wextra -Wshadow -Wdeclaration-after-statement -Wbad-function-cast -Wcast-align -Wstrict-prototypes -Wpointer-arith -Wsystem-headers -O3 -funroll-loops -fomit-frame-pointer bn_mp_init_size.c -o bn_mp_init_size.o
aarch64-linux-gnu-gcc -Isrc/headers/ -I./src/headers/ -I../ -I./../src -DLTC_SOURCE -I../libtommath/ -I./../libtommath/ -D_FORTIFY_SOURCE=2 -fstack-protector-strong -Wundef -fno-strict-overflow -Wno-pointer-sign -Os -W -Wall  -I./src/../libtomcrypt/src/headers/ -DLOCALOPTIONS_H_EXISTS -I. -I./src -DDROPBEAR_SERVER -DDBMULTI_dropbear -DDBMULTI_dropbearkey -DDBMULTI_scp -DDROPBEAR_MULTI -c src/encauth/ocb/ocb_done_encrypt.c -o src/encauth/ocb/ocb_done_encrypt.o
aarch64-linux-gnu-gcc -Isrc/headers/ -I./src/headers/ -I../ -I./../src -DLTC_SOURCE -I../libtommath/ -I./../libtommath/ -D_FORTIFY_SOURCE=2 -fstack-protector-strong -Wundef -fno-strict-overflow -Wno-pointer-sign -Os -W -Wall  -I./src/../libtomcrypt/src/headers/ -DLOCALOPTIONS_H_EXISTS -I. -I./src -DDROPBEAR_SERVER -DDBMULTI_dropbear -DDBMULTI_dropbearkey -DDBMULTI_scp -DDROPBEAR_MULTI -c src/encauth/ocb/ocb_encrypt.c -o src/encauth/ocb/ocb_encrypt.o
aarch64-linux-gnu-gcc -c -D_FORTIFY_SOURCE=2 -fstack-protector-strong -Wundef -fno-strict-overflow -Wno-pointer-sign -Os -W -Wall  -I. -I../libtomcrypt/src/headers/ -I./../libtomcrypt/src/headers/ -I../ -I./../src -Wno-deprecated -I./src/../libtomcrypt/src/headers/ -DLOCALOPTIONS_H_EXISTS -I. -I./src -DDROPBEAR_SERVER -DDBMULTI_dropbear -DDBMULTI_dropbearkey -DDBMULTI_scp -DDROPBEAR_MULTI -I./ -Wall -Wsign-compare -Wextra -Wshadow -Wdeclaration-after-statement -Wbad-function-cast -Wcast-align -Wstrict-prototypes -Wpointer-arith -Wsystem-headers -O3 -funroll-loops -fomit-frame-pointer bn_mp_init_u32.c -o bn_mp_init_u32.o
aarch64-linux-gnu-gcc -c -D_FORTIFY_SOURCE=2 -fstack-protector-strong -Wundef -fno-strict-overflow -Wno-pointer-sign -Os -W -Wall  -I. -I../libtomcrypt/src/headers/ -I./../libtomcrypt/src/headers/ -I../ -I./../src -Wno-deprecated -I./src/../libtomcrypt/src/headers/ -DLOCALOPTIONS_H_EXISTS -I. -I./src -DDROPBEAR_SERVER -DDBMULTI_dropbear -DDBMULTI_dropbearkey -DDBMULTI_scp -DDROPBEAR_MULTI -I./ -Wall -Wsign-compare -Wextra -Wshadow -Wdeclaration-after-statement -Wbad-function-cast -Wcast-align -Wstrict-prototypes -Wpointer-arith -Wsystem-headers -O3 -funroll-loops -fomit-frame-pointer bn_mp_init_u64.c -o bn_mp_init_u64.o
aarch64-linux-gnu-gcc -Isrc/headers/ -I./src/headers/ -I../ -I./../src -DLTC_SOURCE -I../libtommath/ -I./../libtommath/ -D_FORTIFY_SOURCE=2 -fstack-protector-strong -Wundef -fno-strict-overflow -Wno-pointer-sign -Os -W -Wall  -I./src/../libtomcrypt/src/headers/ -DLOCALOPTIONS_H_EXISTS -I. -I./src -DDROPBEAR_SERVER -DDBMULTI_dropbear -DDBMULTI_dropbearkey -DDBMULTI_scp -DDROPBEAR_MULTI -c src/encauth/ocb/ocb_encrypt_authenticate_memory.c -o src/encauth/ocb/ocb_encrypt_authenticate_memory.o
aarch64-linux-gnu-gcc -c -D_FORTIFY_SOURCE=2 -fstack-protector-strong -Wundef -fno-strict-overflow -Wno-pointer-sign -Os -W -Wall  -I. -I../libtomcrypt/src/headers/ -I./../libtomcrypt/src/headers/ -I../ -I./../src -Wno-deprecated -I./src/../libtomcrypt/src/headers/ -DLOCALOPTIONS_H_EXISTS -I. -I./src -DDROPBEAR_SERVER -DDBMULTI_dropbear -DDBMULTI_dropbearkey -DDBMULTI_scp -DDROPBEAR_MULTI -I./ -Wall -Wsign-compare -Wextra -Wshadow -Wdeclaration-after-statement -Wbad-function-cast -Wcast-align -Wstrict-prototypes -Wpointer-arith -Wsystem-headers -O3 -funroll-loops -fomit-frame-pointer bn_mp_init_ul.c -o bn_mp_init_ul.o
In file included from tommath.h:9,
                 from tommath_private.h:7,
                 from bn_mp_init_size.c:1:
/usr/lib/gcc-cross/aarch64-linux-gnu/15/include/limits.h:200:10: warning: ‘__STDC_VERSION_LIMITS_H__’ redefined
  200 | # define __STDC_VERSION_LIMITS_H__      202311L
      |          ^~~~~~~~~~~~~~~~~~~~~~~~~
In file included from /usr/lib/gcc-cross/aarch64-linux-gnu/15/include/limits.h:210,
                 from /usr/lib/gcc-cross/aarch64-linux-gnu/15/include/syslimits.h:9,
                 from /usr/lib/gcc-cross/aarch64-linux-gnu/15/include/limits.h:34:
/usr/aarch64-linux-gnu/include/limits.h:192:11: note: this is the location of the previous definition
  192 | #  define __STDC_VERSION_LIMITS_H__ 202311L
      |           ^~~~~~~~~~~~~~~~~~~~~~~~~
In file included from tommath.h:9,
                 from tommath_private.h:7,
                 from bn_mp_init_set.c:1:
/usr/lib/gcc-cross/aarch64-linux-gnu/15/include/limits.h:200:10: warning: ‘__STDC_VERSION_LIMITS_H__’ redefined
  200 | # define __STDC_VERSION_LIMITS_H__      202311L
      |          ^~~~~~~~~~~~~~~~~~~~~~~~~
In file included from tommath.h:9,
                 from tommath_private.h:7,
                 from bn_mp_init_u64.c:1:
/usr/lib/gcc-cross/aarch64-linux-gnu/15/include/limits.h:200:10: warning: ‘__STDC_VERSION_LIMITS_H__’ redefined
  200 | # define __STDC_VERSION_LIMITS_H__      202311L
      |          ^~~~~~~~~~~~~~~~~~~~~~~~~
aarch64-linux-gnu-gcc -c -D_FORTIFY_SOURCE=2 -fstack-protector-strong -Wundef -fno-strict-overflow -Wno-pointer-sign -Os -W -Wall  -I. -I../libtomcrypt/src/headers/ -I./../libtomcrypt/src/headers/ -I../ -I./../src -Wno-deprecated -I./src/../libtomcrypt/src/headers/ -DLOCALOPTIONS_H_EXISTS -I. -I./src -DDROPBEAR_SERVER -DDBMULTI_dropbear -DDBMULTI_dropbearkey -DDBMULTI_scp -DDROPBEAR_MULTI -I./ -Wall -Wsign-compare -Wextra -Wshadow -Wdeclaration-after-statement -Wbad-function-cast -Wcast-align -Wstrict-prototypes -Wpointer-arith -Wsystem-headers -O3 -funroll-loops -fomit-frame-pointer bn_mp_init_ull.c -o bn_mp_init_ull.o
In file included from tommath.h:9,
                 from tommath_private.h:7,
                 from bn_mp_init_u32.c:1:
/usr/lib/gcc-cross/aarch64-linux-gnu/15/include/limits.h:200:10: warning: ‘__STDC_VERSION_LIMITS_H__’ redefined
  200 | # define __STDC_VERSION_LIMITS_H__      202311L
      |          ^~~~~~~~~~~~~~~~~~~~~~~~~
In file included from tommath.h:9,
                 from tommath_private.h:7,
                 from bn_mp_init_ul.c:1:
/usr/lib/gcc-cross/aarch64-linux-gnu/15/include/limits.h:200:10: warning: ‘__STDC_VERSION_LIMITS_H__’ redefined
  200 | # define __STDC_VERSION_LIMITS_H__      202311L
      |          ^~~~~~~~~~~~~~~~~~~~~~~~~
In file included from /usr/lib/gcc-cross/aarch64-linux-gnu/15/include/limits.h:210,
                 from /usr/lib/gcc-cross/aarch64-linux-gnu/15/include/syslimits.h:9,
                 from /usr/lib/gcc-cross/aarch64-linux-gnu/15/include/limits.h:34:
/usr/aarch64-linux-gnu/include/limits.h:192:11: note: this is the location of the previous definition
  192 | #  define __STDC_VERSION_LIMITS_H__ 202311L
      |           ^~~~~~~~~~~~~~~~~~~~~~~~~
In file included from /usr/lib/gcc-cross/aarch64-linux-gnu/15/include/limits.h:210,
                 from /usr/lib/gcc-cross/aarch64-linux-gnu/15/include/syslimits.h:9,
                 from /usr/lib/gcc-cross/aarch64-linux-gnu/15/include/limits.h:34:
/usr/aarch64-linux-gnu/include/limits.h:192:11: note: this is the location of the previous definition
  192 | #  define __STDC_VERSION_LIMITS_H__ 202311L
      |           ^~~~~~~~~~~~~~~~~~~~~~~~~
In file included from /usr/lib/gcc-cross/aarch64-linux-gnu/15/include/limits.h:210,
                 from /usr/lib/gcc-cross/aarch64-linux-gnu/15/include/syslimits.h:9,
                 from /usr/lib/gcc-cross/aarch64-linux-gnu/15/include/limits.h:34:
/usr/aarch64-linux-gnu/include/limits.h:192:11: note: this is the location of the previous definition
  192 | #  define __STDC_VERSION_LIMITS_H__ 202311L
      |           ^~~~~~~~~~~~~~~~~~~~~~~~~
In file included from /usr/lib/gcc-cross/aarch64-linux-gnu/15/include/limits.h:210,
                 from /usr/lib/gcc-cross/aarch64-linux-gnu/15/include/syslimits.h:9,
                 from /usr/lib/gcc-cross/aarch64-linux-gnu/15/include/limits.h:34:
/usr/aarch64-linux-gnu/include/limits.h:192:11: note: this is the location of the previous definition
  192 | #  define __STDC_VERSION_LIMITS_H__ 202311L
      |           ^~~~~~~~~~~~~~~~~~~~~~~~~
aarch64-linux-gnu-gcc -Isrc/headers/ -I./src/headers/ -I../ -I./../src -DLTC_SOURCE -I../libtommath/ -I./../libtommath/ -D_FORTIFY_SOURCE=2 -fstack-protector-strong -Wundef -fno-strict-overflow -Wno-pointer-sign -Os -W -Wall  -I./src/../libtomcrypt/src/headers/ -DLOCALOPTIONS_H_EXISTS -I. -I./src -DDROPBEAR_SERVER -DDBMULTI_dropbear -DDBMULTI_dropbearkey -DDBMULTI_scp -DDROPBEAR_MULTI -c src/encauth/ocb/ocb_init.c -o src/encauth/ocb/ocb_init.o
In file included from tommath.h:9,
                 from tommath_private.h:7,
                 from bn_mp_init_ull.c:1:
/usr/lib/gcc-cross/aarch64-linux-gnu/15/include/limits.h:200:10: warning: ‘__STDC_VERSION_LIMITS_H__’ redefined
  200 | # define __STDC_VERSION_LIMITS_H__      202311L
      |          ^~~~~~~~~~~~~~~~~~~~~~~~~
In file included from /usr/lib/gcc-cross/aarch64-linux-gnu/15/include/limits.h:210,
                 from /usr/lib/gcc-cross/aarch64-linux-gnu/15/include/syslimits.h:9,
                 from /usr/lib/gcc-cross/aarch64-linux-gnu/15/include/limits.h:34:
/usr/aarch64-linux-gnu/include/limits.h:192:11: note: this is the location of the previous definition
  192 | #  define __STDC_VERSION_LIMITS_H__ 202311L
      |           ^~~~~~~~~~~~~~~~~~~~~~~~~
aarch64-linux-gnu-gcc -c -D_FORTIFY_SOURCE=2 -fstack-protector-strong -Wundef -fno-strict-overflow -Wno-pointer-sign -Os -W -Wall  -I. -I../libtomcrypt/src/headers/ -I./../libtomcrypt/src/headers/ -I../ -I./../src -Wno-deprecated -I./src/../libtomcrypt/src/headers/ -DLOCALOPTIONS_H_EXISTS -I. -I./src -DDROPBEAR_SERVER -DDBMULTI_dropbear -DDBMULTI_dropbearkey -DDBMULTI_scp -DDROPBEAR_MULTI -I./ -Wall -Wsign-compare -Wextra -Wshadow -Wdeclaration-after-statement -Wbad-function-cast -Wcast-align -Wstrict-prototypes -Wpointer-arith -Wsystem-headers -O3 -funroll-loops -fomit-frame-pointer bn_mp_invmod.c -o bn_mp_invmod.o
aarch64-linux-gnu-gcc -c -D_FORTIFY_SOURCE=2 -fstack-protector-strong -Wundef -fno-strict-overflow -Wno-pointer-sign -Os -W -Wall  -I. -I../libtomcrypt/src/headers/ -I./../libtomcrypt/src/headers/ -I../ -I./../src -Wno-deprecated -I./src/../libtomcrypt/src/headers/ -DLOCALOPTIONS_H_EXISTS -I. -I./src -DDROPBEAR_SERVER -DDBMULTI_dropbear -DDBMULTI_dropbearkey -DDBMULTI_scp -DDROPBEAR_MULTI -I./ -Wall -Wsign-compare -Wextra -Wshadow -Wdeclaration-after-statement -Wbad-function-cast -Wcast-align -Wstrict-prototypes -Wpointer-arith -Wsystem-headers -O3 -funroll-loops -fomit-frame-pointer bn_mp_is_square.c -o bn_mp_is_square.o
aarch64-linux-gnu-gcc -Isrc/headers/ -I./src/headers/ -I../ -I./../src -DLTC_SOURCE -I../libtommath/ -I./../libtommath/ -D_FORTIFY_SOURCE=2 -fstack-protector-strong -Wundef -fno-strict-overflow -Wno-pointer-sign -Os -W -Wall  -I./src/../libtomcrypt/src/headers/ -DLOCALOPTIONS_H_EXISTS -I. -I./src -DDROPBEAR_SERVER -DDBMULTI_dropbear -DDBMULTI_dropbearkey -DDBMULTI_scp -DDROPBEAR_MULTI -c src/encauth/ocb/ocb_ntz.c -o src/encauth/ocb/ocb_ntz.o
aarch64-linux-gnu-gcc -c -D_FORTIFY_SOURCE=2 -fstack-protector-strong -Wundef -fno-strict-overflow -Wno-pointer-sign -Os -W -Wall  -I. -I../libtomcrypt/src/headers/ -I./../libtomcrypt/src/headers/ -I../ -I./../src -Wno-deprecated -I./src/../libtomcrypt/src/headers/ -DLOCALOPTIONS_H_EXISTS -I. -I./src -DDROPBEAR_SERVER -DDBMULTI_dropbear -DDBMULTI_dropbearkey -DDBMULTI_scp -DDROPBEAR_MULTI -I./ -Wall -Wsign-compare -Wextra -Wshadow -Wdeclaration-after-statement -Wbad-function-cast -Wcast-align -Wstrict-prototypes -Wpointer-arith -Wsystem-headers -O3 -funroll-loops -fomit-frame-pointer bn_mp_iseven.c -o bn_mp_iseven.o
aarch64-linux-gnu-gcc -c -D_FORTIFY_SOURCE=2 -fstack-protector-strong -Wundef -fno-strict-overflow -Wno-pointer-sign -Os -W -Wall  -I. -I../libtomcrypt/src/headers/ -I./../libtomcrypt/src/headers/ -I../ -I./../src -Wno-deprecated -I./src/../libtomcrypt/src/headers/ -DLOCALOPTIONS_H_EXISTS -I. -I./src -DDROPBEAR_SERVER -DDBMULTI_dropbear -DDBMULTI_dropbearkey -DDBMULTI_scp -DDROPBEAR_MULTI -I./ -Wall -Wsign-compare -Wextra -Wshadow -Wdeclaration-after-statement -Wbad-function-cast -Wcast-align -Wstrict-prototypes -Wpointer-arith -Wsystem-headers -O3 -funroll-loops -fomit-frame-pointer bn_mp_isodd.c -o bn_mp_isodd.o
aarch64-linux-gnu-gcc -Isrc/headers/ -I./src/headers/ -I../ -I./../src -DLTC_SOURCE -I../libtommath/ -I./../libtommath/ -D_FORTIFY_SOURCE=2 -fstack-protector-strong -Wundef -fno-strict-overflow -Wno-pointer-sign -Os -W -Wall  -I./src/../libtomcrypt/src/headers/ -DLOCALOPTIONS_H_EXISTS -I. -I./src -DDROPBEAR_SERVER -DDBMULTI_dropbear -DDBMULTI_dropbearkey -DDBMULTI_scp -DDROPBEAR_MULTI -c src/encauth/ocb/ocb_shift_xor.c -o src/encauth/ocb/ocb_shift_xor.o
aarch64-linux-gnu-gcc -c -D_FORTIFY_SOURCE=2 -fstack-protector-strong -Wundef -fno-strict-overflow -Wno-pointer-sign -Os -W -Wall  -I. -I../libtomcrypt/src/headers/ -I./../libtomcrypt/src/headers/ -I../ -I./../src -Wno-deprecated -I./src/../libtomcrypt/src/headers/ -DLOCALOPTIONS_H_EXISTS -I. -I./src -DDROPBEAR_SERVER -DDBMULTI_dropbear -DDBMULTI_dropbearkey -DDBMULTI_scp -DDROPBEAR_MULTI -I./ -Wall -Wsign-compare -Wextra -Wshadow -Wdeclaration-after-statement -Wbad-function-cast -Wcast-align -Wstrict-prototypes -Wpointer-arith -Wsystem-headers -O3 -funroll-loops -fomit-frame-pointer bn_mp_kronecker.c -o bn_mp_kronecker.o
In file included from tommath.h:9,
                 from tommath_private.h:7,
                 from bn_mp_is_square.c:1:
/usr/lib/gcc-cross/aarch64-linux-gnu/15/include/limits.h:200:10: warning: ‘__STDC_VERSION_LIMITS_H__’ redefined
  200 | # define __STDC_VERSION_LIMITS_H__      202311L
      |          ^~~~~~~~~~~~~~~~~~~~~~~~~
In file included from /usr/lib/gcc-cross/aarch64-linux-gnu/15/include/limits.h:210,
                 from /usr/lib/gcc-cross/aarch64-linux-gnu/15/include/syslimits.h:9,
                 from /usr/lib/gcc-cross/aarch64-linux-gnu/15/include/limits.h:34:
/usr/aarch64-linux-gnu/include/limits.h:192:11: note: this is the location of the previous definition
  192 | #  define __STDC_VERSION_LIMITS_H__ 202311L
      |           ^~~~~~~~~~~~~~~~~~~~~~~~~
aarch64-linux-gnu-gcc -Isrc/headers/ -I./src/headers/ -I../ -I./../src -DLTC_SOURCE -I../libtommath/ -I./../libtommath/ -D_FORTIFY_SOURCE=2 -fstack-protector-strong -Wundef -fno-strict-overflow -Wno-pointer-sign -Os -W -Wall  -I./src/../libtomcrypt/src/headers/ -DLOCALOPTIONS_H_EXISTS -I. -I./src -DDROPBEAR_SERVER -DDBMULTI_dropbear -DDBMULTI_dropbearkey -DDBMULTI_scp -DDROPBEAR_MULTI -c src/encauth/ocb/ocb_test.c -o src/encauth/ocb/ocb_test.o
aarch64-linux-gnu-gcc -c -D_FORTIFY_SOURCE=2 -fstack-protector-strong -Wundef -fno-strict-overflow -Wno-pointer-sign -Os -W -Wall  -I. -I../libtomcrypt/src/headers/ -I./../libtomcrypt/src/headers/ -I../ -I./../src -Wno-deprecated -I./src/../libtomcrypt/src/headers/ -DLOCALOPTIONS_H_EXISTS -I. -I./src -DDROPBEAR_SERVER -DDBMULTI_dropbear -DDBMULTI_dropbearkey -DDBMULTI_scp -DDROPBEAR_MULTI -I./ -Wall -Wsign-compare -Wextra -Wshadow -Wdeclaration-after-statement -Wbad-function-cast -Wcast-align -Wstrict-prototypes -Wpointer-arith -Wsystem-headers -O3 -funroll-loops -fomit-frame-pointer bn_mp_lcm.c -o bn_mp_lcm.o
In file included from tommath.h:9,
                 from tommath_private.h:7,
                 from bn_mp_invmod.c:1:
/usr/lib/gcc-cross/aarch64-linux-gnu/15/include/limits.h:200:10: warning: ‘__STDC_VERSION_LIMITS_H__’ redefined
  200 | # define __STDC_VERSION_LIMITS_H__      202311L
      |          ^~~~~~~~~~~~~~~~~~~~~~~~~
aarch64-linux-gnu-gcc -c -D_FORTIFY_SOURCE=2 -fstack-protector-strong -Wundef -fno-strict-overflow -Wno-pointer-sign -Os -W -Wall  -I. -I../libtomcrypt/src/headers/ -I./../libtomcrypt/src/headers/ -I../ -I./../src -Wno-deprecated -I./src/../libtomcrypt/src/headers/ -DLOCALOPTIONS_H_EXISTS -I. -I./src -DDROPBEAR_SERVER -DDBMULTI_dropbear -DDBMULTI_dropbearkey -DDBMULTI_scp -DDROPBEAR_MULTI -I./ -Wall -Wsign-compare -Wextra -Wshadow -Wdeclaration-after-statement -Wbad-function-cast -Wcast-align -Wstrict-prototypes -Wpointer-arith -Wsystem-headers -O3 -funroll-loops -fomit-frame-pointer bn_mp_log_u32.c -o bn_mp_log_u32.o
In file included from tommath.h:9,
                 from tommath_private.h:7,
                 from bn_mp_isodd.c:1:
/usr/lib/gcc-cross/aarch64-linux-gnu/15/include/limits.h:200:10: warning: ‘__STDC_VERSION_LIMITS_H__’ redefined
  200 | # define __STDC_VERSION_LIMITS_H__      202311L
      |          ^~~~~~~~~~~~~~~~~~~~~~~~~
In file included from /usr/lib/gcc-cross/aarch64-linux-gnu/15/include/limits.h:210,
                 from /usr/lib/gcc-cross/aarch64-linux-gnu/15/include/syslimits.h:9,
                 from /usr/lib/gcc-cross/aarch64-linux-gnu/15/include/limits.h:34:
/usr/aarch64-linux-gnu/include/limits.h:192:11: note: this is the location of the previous definition
  192 | #  define __STDC_VERSION_LIMITS_H__ 202311L
      |           ^~~~~~~~~~~~~~~~~~~~~~~~~
In file included from tommath.h:9,
                 from tommath_private.h:7,
                 from bn_mp_iseven.c:1:
/usr/lib/gcc-cross/aarch64-linux-gnu/15/include/limits.h:200:10: warning: ‘__STDC_VERSION_LIMITS_H__’ redefined
  200 | # define __STDC_VERSION_LIMITS_H__      202311L
      |          ^~~~~~~~~~~~~~~~~~~~~~~~~
In file included from /usr/lib/gcc-cross/aarch64-linux-gnu/15/include/limits.h:210,
                 from /usr/lib/gcc-cross/aarch64-linux-gnu/15/include/syslimits.h:9,
                 from /usr/lib/gcc-cross/aarch64-linux-gnu/15/include/limits.h:34:
/usr/aarch64-linux-gnu/include/limits.h:192:11: note: this is the location of the previous definition
  192 | #  define __STDC_VERSION_LIMITS_H__ 202311L
      |           ^~~~~~~~~~~~~~~~~~~~~~~~~
aarch64-linux-gnu-gcc -Isrc/headers/ -I./src/headers/ -I../ -I./../src -DLTC_SOURCE -I../libtommath/ -I./../libtommath/ -D_FORTIFY_SOURCE=2 -fstack-protector-strong -Wundef -fno-strict-overflow -Wno-pointer-sign -Os -W -Wall  -I./src/../libtomcrypt/src/headers/ -DLOCALOPTIONS_H_EXISTS -I. -I./src -DDROPBEAR_SERVER -DDBMULTI_dropbear -DDBMULTI_dropbearkey -DDBMULTI_scp -DDROPBEAR_MULTI -c src/encauth/ocb/s_ocb_done.c -o src/encauth/ocb/s_ocb_done.o
In file included from /usr/lib/gcc-cross/aarch64-linux-gnu/15/include/limits.h:210,
                 from /usr/lib/gcc-cross/aarch64-linux-gnu/15/include/syslimits.h:9,
                 from /usr/lib/gcc-cross/aarch64-linux-gnu/15/include/limits.h:34:
/usr/aarch64-linux-gnu/include/limits.h:192:11: note: this is the location of the previous definition
  192 | #  define __STDC_VERSION_LIMITS_H__ 202311L
      |           ^~~~~~~~~~~~~~~~~~~~~~~~~
In file included from tommath.h:9,
                 from tommath_private.h:7,
                 from bn_mp_kronecker.c:1:
/usr/lib/gcc-cross/aarch64-linux-gnu/15/include/limits.h:200:10: warning: ‘__STDC_VERSION_LIMITS_H__’ redefined
  200 | # define __STDC_VERSION_LIMITS_H__      202311L
      |          ^~~~~~~~~~~~~~~~~~~~~~~~~
In file included from /usr/lib/gcc-cross/aarch64-linux-gnu/15/include/limits.h:210,
                 from /usr/lib/gcc-cross/aarch64-linux-gnu/15/include/syslimits.h:9,
                 from /usr/lib/gcc-cross/aarch64-linux-gnu/15/include/limits.h:34:
/usr/aarch64-linux-gnu/include/limits.h:192:11: note: this is the location of the previous definition
  192 | #  define __STDC_VERSION_LIMITS_H__ 202311L
      |           ^~~~~~~~~~~~~~~~~~~~~~~~~
aarch64-linux-gnu-gcc -Isrc/headers/ -I./src/headers/ -I../ -I./../src -DLTC_SOURCE -I../libtommath/ -I./../libtommath/ -D_FORTIFY_SOURCE=2 -fstack-protector-strong -Wundef -fno-strict-overflow -Wno-pointer-sign -Os -W -Wall  -I./src/../libtomcrypt/src/headers/ -DLOCALOPTIONS_H_EXISTS -I. -I./src -DDROPBEAR_SERVER -DDBMULTI_dropbear -DDBMULTI_dropbearkey -DDBMULTI_scp -DDROPBEAR_MULTI -c src/encauth/ocb3/ocb3_add_aad.c -o src/encauth/ocb3/ocb3_add_aad.o
In file included from tommath.h:9,
                 from tommath_private.h:7,
                 from bn_mp_log_u32.c:1:
/usr/lib/gcc-cross/aarch64-linux-gnu/15/include/limits.h:200:10: warning: ‘__STDC_VERSION_LIMITS_H__’ redefined
  200 | # define __STDC_VERSION_LIMITS_H__      202311L
      |          ^~~~~~~~~~~~~~~~~~~~~~~~~
In file included from /usr/lib/gcc-cross/aarch64-linux-gnu/15/include/limits.h:210,
                 from /usr/lib/gcc-cross/aarch64-linux-gnu/15/include/syslimits.h:9,
                 from /usr/lib/gcc-cross/aarch64-linux-gnu/15/include/limits.h:34:
/usr/aarch64-linux-gnu/include/limits.h:192:11: note: this is the location of the previous definition
  192 | #  define __STDC_VERSION_LIMITS_H__ 202311L
      |           ^~~~~~~~~~~~~~~~~~~~~~~~~
In file included from tommath.h:9,
                 from tommath_private.h:7,
                 from bn_mp_lcm.c:1:
/usr/lib/gcc-cross/aarch64-linux-gnu/15/include/limits.h:200:10: warning: ‘__STDC_VERSION_LIMITS_H__’ redefined
  200 | # define __STDC_VERSION_LIMITS_H__      202311L
      |          ^~~~~~~~~~~~~~~~~~~~~~~~~
aarch64-linux-gnu-gcc -Isrc/headers/ -I./src/headers/ -I../ -I./../src -DLTC_SOURCE -I../libtommath/ -I./../libtommath/ -D_FORTIFY_SOURCE=2 -fstack-protector-strong -Wundef -fno-strict-overflow -Wno-pointer-sign -Os -W -Wall  -I./src/../libtomcrypt/src/headers/ -DLOCALOPTIONS_H_EXISTS -I. -I./src -DDROPBEAR_SERVER -DDBMULTI_dropbear -DDBMULTI_dropbearkey -DDBMULTI_scp -DDROPBEAR_MULTI -c src/encauth/ocb3/ocb3_decrypt.c -o src/encauth/ocb3/ocb3_decrypt.o
In file included from /usr/lib/gcc-cross/aarch64-linux-gnu/15/include/limits.h:210,
                 from /usr/lib/gcc-cross/aarch64-linux-gnu/15/include/syslimits.h:9,
                 from /usr/lib/gcc-cross/aarch64-linux-gnu/15/include/limits.h:34:
/usr/aarch64-linux-gnu/include/limits.h:192:11: note: this is the location of the previous definition
  192 | #  define __STDC_VERSION_LIMITS_H__ 202311L
      |           ^~~~~~~~~~~~~~~~~~~~~~~~~
aarch64-linux-gnu-gcc -c -D_FORTIFY_SOURCE=2 -fstack-protector-strong -Wundef -fno-strict-overflow -Wno-pointer-sign -Os -W -Wall  -I. -I../libtomcrypt/src/headers/ -I./../libtomcrypt/src/headers/ -I../ -I./../src -Wno-deprecated -I./src/../libtomcrypt/src/headers/ -DLOCALOPTIONS_H_EXISTS -I. -I./src -DDROPBEAR_SERVER -DDBMULTI_dropbear -DDBMULTI_dropbearkey -DDBMULTI_scp -DDROPBEAR_MULTI -I./ -Wall -Wsign-compare -Wextra -Wshadow -Wdeclaration-after-statement -Wbad-function-cast -Wcast-align -Wstrict-prototypes -Wpointer-arith -Wsystem-headers -O3 -funroll-loops -fomit-frame-pointer bn_mp_lshd.c -o bn_mp_lshd.o
aarch64-linux-gnu-gcc -Isrc/headers/ -I./src/headers/ -I../ -I./../src -DLTC_SOURCE -I../libtommath/ -I./../libtommath/ -D_FORTIFY_SOURCE=2 -fstack-protector-strong -Wundef -fno-strict-overflow -Wno-pointer-sign -Os -W -Wall  -I./src/../libtomcrypt/src/headers/ -DLOCALOPTIONS_H_EXISTS -I. -I./src -DDROPBEAR_SERVER -DDBMULTI_dropbear -DDBMULTI_dropbearkey -DDBMULTI_scp -DDROPBEAR_MULTI -c src/encauth/ocb3/ocb3_decrypt_last.c -o src/encauth/ocb3/ocb3_decrypt_last.o
aarch64-linux-gnu-gcc -Isrc/headers/ -I./src/headers/ -I../ -I./../src -DLTC_SOURCE -I../libtommath/ -I./../libtommath/ -D_FORTIFY_SOURCE=2 -fstack-protector-strong -Wundef -fno-strict-overflow -Wno-pointer-sign -Os -W -Wall  -I./src/../libtomcrypt/src/headers/ -DLOCALOPTIONS_H_EXISTS -I. -I./src -DDROPBEAR_SERVER -DDBMULTI_dropbear -DDBMULTI_dropbearkey -DDBMULTI_scp -DDROPBEAR_MULTI -c src/encauth/ocb3/ocb3_decrypt_verify_memory.c -o src/encauth/ocb3/ocb3_decrypt_verify_memory.o
aarch64-linux-gnu-gcc -Isrc/headers/ -I./src/headers/ -I../ -I./../src -DLTC_SOURCE -I../libtommath/ -I./../libtommath/ -D_FORTIFY_SOURCE=2 -fstack-protector-strong -Wundef -fno-strict-overflow -Wno-pointer-sign -Os -W -Wall  -I./src/../libtomcrypt/src/headers/ -DLOCALOPTIONS_H_EXISTS -I. -I./src -DDROPBEAR_SERVER -DDBMULTI_dropbear -DDBMULTI_dropbearkey -DDBMULTI_scp -DDROPBEAR_MULTI -c src/encauth/ocb3/ocb3_done.c -o src/encauth/ocb3/ocb3_done.o
aarch64-linux-gnu-gcc -Isrc/headers/ -I./src/headers/ -I../ -I./../src -DLTC_SOURCE -I../libtommath/ -I./../libtommath/ -D_FORTIFY_SOURCE=2 -fstack-protector-strong -Wundef -fno-strict-overflow -Wno-pointer-sign -Os -W -Wall  -I./src/../libtomcrypt/src/headers/ -DLOCALOPTIONS_H_EXISTS -I. -I./src -DDROPBEAR_SERVER -DDBMULTI_dropbear -DDBMULTI_dropbearkey -DDBMULTI_scp -DDROPBEAR_MULTI -c src/encauth/ocb3/ocb3_encrypt.c -o src/encauth/ocb3/ocb3_encrypt.o
In file included from tommath.h:9,
                 from tommath_private.h:7,
                 from bn_mp_lshd.c:1:
/usr/lib/gcc-cross/aarch64-linux-gnu/15/include/limits.h:200:10: warning: ‘__STDC_VERSION_LIMITS_H__’ redefined
  200 | # define __STDC_VERSION_LIMITS_H__      202311L
      |          ^~~~~~~~~~~~~~~~~~~~~~~~~
In file included from /usr/lib/gcc-cross/aarch64-linux-gnu/15/include/limits.h:210,
                 from /usr/lib/gcc-cross/aarch64-linux-gnu/15/include/syslimits.h:9,
                 from /usr/lib/gcc-cross/aarch64-linux-gnu/15/include/limits.h:34:
/usr/aarch64-linux-gnu/include/limits.h:192:11: note: this is the location of the previous definition
  192 | #  define __STDC_VERSION_LIMITS_H__ 202311L
      |           ^~~~~~~~~~~~~~~~~~~~~~~~~
aarch64-linux-gnu-gcc -c -D_FORTIFY_SOURCE=2 -fstack-protector-strong -Wundef -fno-strict-overflow -Wno-pointer-sign -Os -W -Wall  -I. -I../libtomcrypt/src/headers/ -I./../libtomcrypt/src/headers/ -I../ -I./../src -Wno-deprecated -I./src/../libtomcrypt/src/headers/ -DLOCALOPTIONS_H_EXISTS -I. -I./src -DDROPBEAR_SERVER -DDBMULTI_dropbear -DDBMULTI_dropbearkey -DDBMULTI_scp -DDROPBEAR_MULTI -I./ -Wall -Wsign-compare -Wextra -Wshadow -Wdeclaration-after-statement -Wbad-function-cast -Wcast-align -Wstrict-prototypes -Wpointer-arith -Wsystem-headers -O3 -funroll-loops -fomit-frame-pointer bn_mp_mod.c -o bn_mp_mod.o
aarch64-linux-gnu-gcc -Isrc/headers/ -I./src/headers/ -I../ -I./../src -DLTC_SOURCE -I../libtommath/ -I./../libtommath/ -D_FORTIFY_SOURCE=2 -fstack-protector-strong -Wundef -fno-strict-overflow -Wno-pointer-sign -Os -W -Wall  -I./src/../libtomcrypt/src/headers/ -DLOCALOPTIONS_H_EXISTS -I. -I./src -DDROPBEAR_SERVER -DDBMULTI_dropbear -DDBMULTI_dropbearkey -DDBMULTI_scp -DDROPBEAR_MULTI -c src/encauth/ocb3/ocb3_encrypt_authenticate_memory.c -o src/encauth/ocb3/ocb3_encrypt_authenticate_memory.o
aarch64-linux-gnu-gcc -Isrc/headers/ -I./src/headers/ -I../ -I./../src -DLTC_SOURCE -I../libtommath/ -I./../libtommath/ -D_FORTIFY_SOURCE=2 -fstack-protector-strong -Wundef -fno-strict-overflow -Wno-pointer-sign -Os -W -Wall  -I./src/../libtomcrypt/src/headers/ -DLOCALOPTIONS_H_EXISTS -I. -I./src -DDROPBEAR_SERVER -DDBMULTI_dropbear -DDBMULTI_dropbearkey -DDBMULTI_scp -DDROPBEAR_MULTI -c src/encauth/ocb3/ocb3_encrypt_last.c -o src/encauth/ocb3/ocb3_encrypt_last.o
aarch64-linux-gnu-gcc -c -D_FORTIFY_SOURCE=2 -fstack-protector-strong -Wundef -fno-strict-overflow -Wno-pointer-sign -Os -W -Wall  -I. -I../libtomcrypt/src/headers/ -I./../libtomcrypt/src/headers/ -I../ -I./../src -Wno-deprecated -I./src/../libtomcrypt/src/headers/ -DLOCALOPTIONS_H_EXISTS -I. -I./src -DDROPBEAR_SERVER -DDBMULTI_dropbear -DDBMULTI_dropbearkey -DDBMULTI_scp -DDROPBEAR_MULTI -I./ -Wall -Wsign-compare -Wextra -Wshadow -Wdeclaration-after-statement -Wbad-function-cast -Wcast-align -Wstrict-prototypes -Wpointer-arith -Wsystem-headers -O3 -funroll-loops -fomit-frame-pointer bn_mp_mod_2d.c -o bn_mp_mod_2d.o
In file included from tommath.h:9,
                 from tommath_private.h:7,
                 from bn_mp_mod.c:1:
/usr/lib/gcc-cross/aarch64-linux-gnu/15/include/limits.h:200:10: warning: ‘__STDC_VERSION_LIMITS_H__’ redefined
  200 | # define __STDC_VERSION_LIMITS_H__      202311L
      |          ^~~~~~~~~~~~~~~~~~~~~~~~~
aarch64-linux-gnu-gcc -Isrc/headers/ -I./src/headers/ -I../ -I./../src -DLTC_SOURCE -I../libtommath/ -I./../libtommath/ -D_FORTIFY_SOURCE=2 -fstack-protector-strong -Wundef -fno-strict-overflow -Wno-pointer-sign -Os -W -Wall  -I./src/../libtomcrypt/src/headers/ -DLOCALOPTIONS_H_EXISTS -I. -I./src -DDROPBEAR_SERVER -DDBMULTI_dropbear -DDBMULTI_dropbearkey -DDBMULTI_scp -DDROPBEAR_MULTI -c src/encauth/ocb3/ocb3_init.c -o src/encauth/ocb3/ocb3_init.o
In file included from /usr/lib/gcc-cross/aarch64-linux-gnu/15/include/limits.h:210,
                 from /usr/lib/gcc-cross/aarch64-linux-gnu/15/include/syslimits.h:9,
                 from /usr/lib/gcc-cross/aarch64-linux-gnu/15/include/limits.h:34:
/usr/aarch64-linux-gnu/include/limits.h:192:11: note: this is the location of the previous definition
  192 | #  define __STDC_VERSION_LIMITS_H__ 202311L
      |           ^~~~~~~~~~~~~~~~~~~~~~~~~
aarch64-linux-gnu-gcc -Isrc/headers/ -I./src/headers/ -I../ -I./../src -DLTC_SOURCE -I../libtommath/ -I./../libtommath/ -D_FORTIFY_SOURCE=2 -fstack-protector-strong -Wundef -fno-strict-overflow -Wno-pointer-sign -Os -W -Wall  -I./src/../libtomcrypt/src/headers/ -DLOCALOPTIONS_H_EXISTS -I. -I./src -DDROPBEAR_SERVER -DDBMULTI_dropbear -DDBMULTI_dropbearkey -DDBMULTI_scp -DDROPBEAR_MULTI -c src/encauth/ocb3/ocb3_int_ntz.c -o src/encauth/ocb3/ocb3_int_ntz.o
In file included from tommath.h:9,
                 from tommath_private.h:7,
                 from bn_mp_mod_2d.c:1:
/usr/lib/gcc-cross/aarch64-linux-gnu/15/include/limits.h:200:10: warning: ‘__STDC_VERSION_LIMITS_H__’ redefined
  200 | # define __STDC_VERSION_LIMITS_H__      202311L
      |          ^~~~~~~~~~~~~~~~~~~~~~~~~
In file included from /usr/lib/gcc-cross/aarch64-linux-gnu/15/include/limits.h:210,
                 from /usr/lib/gcc-cross/aarch64-linux-gnu/15/include/syslimits.h:9,
                 from /usr/lib/gcc-cross/aarch64-linux-gnu/15/include/limits.h:34:
/usr/aarch64-linux-gnu/include/limits.h:192:11: note: this is the location of the previous definition
  192 | #  define __STDC_VERSION_LIMITS_H__ 202311L
      |           ^~~~~~~~~~~~~~~~~~~~~~~~~
aarch64-linux-gnu-gcc -c -D_FORTIFY_SOURCE=2 -fstack-protector-strong -Wundef -fno-strict-overflow -Wno-pointer-sign -Os -W -Wall  -I. -I../libtomcrypt/src/headers/ -I./../libtomcrypt/src/headers/ -I../ -I./../src -Wno-deprecated -I./src/../libtomcrypt/src/headers/ -DLOCALOPTIONS_H_EXISTS -I. -I./src -DDROPBEAR_SERVER -DDBMULTI_dropbear -DDBMULTI_dropbearkey -DDBMULTI_scp -DDROPBEAR_MULTI -I./ -Wall -Wsign-compare -Wextra -Wshadow -Wdeclaration-after-statement -Wbad-function-cast -Wcast-align -Wstrict-prototypes -Wpointer-arith -Wsystem-headers -O3 -funroll-loops -fomit-frame-pointer bn_mp_mod_d.c -o bn_mp_mod_d.o
aarch64-linux-gnu-gcc -Isrc/headers/ -I./src/headers/ -I../ -I./../src -DLTC_SOURCE -I../libtommath/ -I./../libtommath/ -D_FORTIFY_SOURCE=2 -fstack-protector-strong -Wundef -fno-strict-overflow -Wno-pointer-sign -Os -W -Wall  -I./src/../libtomcrypt/src/headers/ -DLOCALOPTIONS_H_EXISTS -I. -I./src -DDROPBEAR_SERVER -DDBMULTI_dropbear -DDBMULTI_dropbearkey -DDBMULTI_scp -DDROPBEAR_MULTI -c src/encauth/ocb3/ocb3_int_xor_blocks.c -o src/encauth/ocb3/ocb3_int_xor_blocks.o
aarch64-linux-gnu-gcc -c -D_FORTIFY_SOURCE=2 -fstack-protector-strong -Wundef -fno-strict-overflow -Wno-pointer-sign -Os -W -Wall  -I. -I../libtomcrypt/src/headers/ -I./../libtomcrypt/src/headers/ -I../ -I./../src -Wno-deprecated -I./src/../libtomcrypt/src/headers/ -DLOCALOPTIONS_H_EXISTS -I. -I./src -DDROPBEAR_SERVER -DDBMULTI_dropbear -DDBMULTI_dropbearkey -DDBMULTI_scp -DDROPBEAR_MULTI -I./ -Wall -Wsign-compare -Wextra -Wshadow -Wdeclaration-after-statement -Wbad-function-cast -Wcast-align -Wstrict-prototypes -Wpointer-arith -Wsystem-headers -O3 -funroll-loops -fomit-frame-pointer bn_mp_montgomery_calc_normalization.c -o bn_mp_montgomery_calc_normalization.o
aarch64-linux-gnu-gcc -Isrc/headers/ -I./src/headers/ -I../ -I./../src -DLTC_SOURCE -I../libtommath/ -I./../libtommath/ -D_FORTIFY_SOURCE=2 -fstack-protector-strong -Wundef -fno-strict-overflow -Wno-pointer-sign -Os -W -Wall  -I./src/../libtomcrypt/src/headers/ -DLOCALOPTIONS_H_EXISTS -I. -I./src -DDROPBEAR_SERVER -DDBMULTI_dropbear -DDBMULTI_dropbearkey -DDBMULTI_scp -DDROPBEAR_MULTI -c src/encauth/ocb3/ocb3_test.c -o src/encauth/ocb3/ocb3_test.o
aarch64-linux-gnu-gcc -c -D_FORTIFY_SOURCE=2 -fstack-protector-strong -Wundef -fno-strict-overflow -Wno-pointer-sign -Os -W -Wall  -I. -I../libtomcrypt/src/headers/ -I./../libtomcrypt/src/headers/ -I../ -I./../src -Wno-deprecated -I./src/../libtomcrypt/src/headers/ -DLOCALOPTIONS_H_EXISTS -I. -I./src -DDROPBEAR_SERVER -DDBMULTI_dropbear -DDBMULTI_dropbearkey -DDBMULTI_scp -DDROPBEAR_MULTI -I./ -Wall -Wsign-compare -Wextra -Wshadow -Wdeclaration-after-statement -Wbad-function-cast -Wcast-align -Wstrict-prototypes -Wpointer-arith -Wsystem-headers -O3 -funroll-loops -fomit-frame-pointer bn_mp_montgomery_reduce.c -o bn_mp_montgomery_reduce.o
aarch64-linux-gnu-gcc -Isrc/headers/ -I./src/headers/ -I../ -I./../src -DLTC_SOURCE -I../libtommath/ -I./../libtommath/ -D_FORTIFY_SOURCE=2 -fstack-protector-strong -Wundef -fno-strict-overflow -Wno-pointer-sign -Os -W -Wall  -I./src/../libtomcrypt/src/headers/ -DLOCALOPTIONS_H_EXISTS -I. -I./src -DDROPBEAR_SERVER -DDBMULTI_dropbear -DDBMULTI_dropbearkey -DDBMULTI_scp -DDROPBEAR_MULTI -c src/hashes/blake2b.c -o src/hashes/blake2b.o
aarch64-linux-gnu-gcc -Isrc/headers/ -I./src/headers/ -I../ -I./../src -DLTC_SOURCE -I../libtommath/ -I./../libtommath/ -D_FORTIFY_SOURCE=2 -fstack-protector-strong -Wundef -fno-strict-overflow -Wno-pointer-sign -Os -W -Wall  -I./src/../libtomcrypt/src/headers/ -DLOCALOPTIONS_H_EXISTS -I. -I./src -DDROPBEAR_SERVER -DDBMULTI_dropbear -DDBMULTI_dropbearkey -DDBMULTI_scp -DDROPBEAR_MULTI -c src/hashes/blake2s.c -o src/hashes/blake2s.o
aarch64-linux-gnu-gcc -c -D_FORTIFY_SOURCE=2 -fstack-protector-strong -Wundef -fno-strict-overflow -Wno-pointer-sign -Os -W -Wall  -I. -I../libtomcrypt/src/headers/ -I./../libtomcrypt/src/headers/ -I../ -I./../src -Wno-deprecated -I./src/../libtomcrypt/src/headers/ -DLOCALOPTIONS_H_EXISTS -I. -I./src -DDROPBEAR_SERVER -DDBMULTI_dropbear -DDBMULTI_dropbearkey -DDBMULTI_scp -DDROPBEAR_MULTI -I./ -Wall -Wsign-compare -Wextra -Wshadow -Wdeclaration-after-statement -Wbad-function-cast -Wcast-align -Wstrict-prototypes -Wpointer-arith -Wsystem-headers -O3 -funroll-loops -fomit-frame-pointer bn_mp_montgomery_setup.c -o bn_mp_montgomery_setup.o
aarch64-linux-gnu-gcc -c -D_FORTIFY_SOURCE=2 -fstack-protector-strong -Wundef -fno-strict-overflow -Wno-pointer-sign -Os -W -Wall  -I. -I../libtomcrypt/src/headers/ -I./../libtomcrypt/src/headers/ -I../ -I./../src -Wno-deprecated -I./src/../libtomcrypt/src/headers/ -DLOCALOPTIONS_H_EXISTS -I. -I./src -DDROPBEAR_SERVER -DDBMULTI_dropbear -DDBMULTI_dropbearkey -DDBMULTI_scp -DDROPBEAR_MULTI -I./ -Wall -Wsign-compare -Wextra -Wshadow -Wdeclaration-after-statement -Wbad-function-cast -Wcast-align -Wstrict-prototypes -Wpointer-arith -Wsystem-headers -O3 -funroll-loops -fomit-frame-pointer bn_mp_mul.c -o bn_mp_mul.o
In file included from tommath.h:9,
                 from tommath_private.h:7,
                 from bn_mp_montgomery_reduce.c:1:
/usr/lib/gcc-cross/aarch64-linux-gnu/15/include/limits.h:200:10: warning: ‘__STDC_VERSION_LIMITS_H__’ redefined
  200 | # define __STDC_VERSION_LIMITS_H__      202311L
      |          ^~~~~~~~~~~~~~~~~~~~~~~~~
In file included from tommath.h:9,
                 from tommath_private.h:7,
                 from bn_mp_mod_d.c:1:
/usr/lib/gcc-cross/aarch64-linux-gnu/15/include/limits.h:200:10: warning: ‘__STDC_VERSION_LIMITS_H__’ redefined
  200 | # define __STDC_VERSION_LIMITS_H__      202311L
      |          ^~~~~~~~~~~~~~~~~~~~~~~~~
In file included from /usr/lib/gcc-cross/aarch64-linux-gnu/15/include/limits.h:210,
                 from /usr/lib/gcc-cross/aarch64-linux-gnu/15/include/syslimits.h:9,
                 from /usr/lib/gcc-cross/aarch64-linux-gnu/15/include/limits.h:34:
/usr/aarch64-linux-gnu/include/limits.h:192:11: note: this is the location of the previous definition
  192 | #  define __STDC_VERSION_LIMITS_H__ 202311L
      |           ^~~~~~~~~~~~~~~~~~~~~~~~~
aarch64-linux-gnu-gcc -Isrc/headers/ -I./src/headers/ -I../ -I./../src -DLTC_SOURCE -I../libtommath/ -I./../libtommath/ -D_FORTIFY_SOURCE=2 -fstack-protector-strong -Wundef -fno-strict-overflow -Wno-pointer-sign -Os -W -Wall  -I./src/../libtomcrypt/src/headers/ -DLOCALOPTIONS_H_EXISTS -I. -I./src -DDROPBEAR_SERVER -DDBMULTI_dropbear -DDBMULTI_dropbearkey -DDBMULTI_scp -DDROPBEAR_MULTI -c src/hashes/chc/chc.c -o src/hashes/chc/chc.o
In file included from tommath.h:9,
                 from tommath_private.h:7,
                 from bn_mp_montgomery_calc_normalization.c:1:
/usr/lib/gcc-cross/aarch64-linux-gnu/15/include/limits.h:200:10: warning: ‘__STDC_VERSION_LIMITS_H__’ redefined
  200 | # define __STDC_VERSION_LIMITS_H__      202311L
      |          ^~~~~~~~~~~~~~~~~~~~~~~~~
In file included from /usr/lib/gcc-cross/aarch64-linux-gnu/15/include/limits.h:210,
                 from /usr/lib/gcc-cross/aarch64-linux-gnu/15/include/syslimits.h:9,
                 from /usr/lib/gcc-cross/aarch64-linux-gnu/15/include/limits.h:34:
/usr/aarch64-linux-gnu/include/limits.h:192:11: note: this is the location of the previous definition
  192 | #  define __STDC_VERSION_LIMITS_H__ 202311L
      |           ^~~~~~~~~~~~~~~~~~~~~~~~~
In file included from /usr/lib/gcc-cross/aarch64-linux-gnu/15/include/limits.h:210,
                 from /usr/lib/gcc-cross/aarch64-linux-gnu/15/include/syslimits.h:9,
                 from /usr/lib/gcc-cross/aarch64-linux-gnu/15/include/limits.h:34:
/usr/aarch64-linux-gnu/include/limits.h:192:11: note: this is the location of the previous definition
  192 | #  define __STDC_VERSION_LIMITS_H__ 202311L
      |           ^~~~~~~~~~~~~~~~~~~~~~~~~
aarch64-linux-gnu-gcc -Isrc/headers/ -I./src/headers/ -I../ -I./../src -DLTC_SOURCE -I../libtommath/ -I./../libtommath/ -D_FORTIFY_SOURCE=2 -fstack-protector-strong -Wundef -fno-strict-overflow -Wno-pointer-sign -Os -W -Wall  -I./src/../libtomcrypt/src/headers/ -DLOCALOPTIONS_H_EXISTS -I. -I./src -DDROPBEAR_SERVER -DDBMULTI_dropbear -DDBMULTI_dropbearkey -DDBMULTI_scp -DDROPBEAR_MULTI -c src/hashes/helper/hash_file.c -o src/hashes/helper/hash_file.o
In file included from tommath.h:9,
                 from tommath_private.h:7,
                 from bn_mp_montgomery_setup.c:1:
/usr/lib/gcc-cross/aarch64-linux-gnu/15/include/limits.h:200:10: warning: ‘__STDC_VERSION_LIMITS_H__’ redefined
  200 | # define __STDC_VERSION_LIMITS_H__      202311L
      |          ^~~~~~~~~~~~~~~~~~~~~~~~~
In file included from /usr/lib/gcc-cross/aarch64-linux-gnu/15/include/limits.h:210,
                 from /usr/lib/gcc-cross/aarch64-linux-gnu/15/include/syslimits.h:9,
                 from /usr/lib/gcc-cross/aarch64-linux-gnu/15/include/limits.h:34:
/usr/aarch64-linux-gnu/include/limits.h:192:11: note: this is the location of the previous definition
  192 | #  define __STDC_VERSION_LIMITS_H__ 202311L
      |           ^~~~~~~~~~~~~~~~~~~~~~~~~
aarch64-linux-gnu-gcc -c -D_FORTIFY_SOURCE=2 -fstack-protector-strong -Wundef -fno-strict-overflow -Wno-pointer-sign -Os -W -Wall  -I. -I../libtomcrypt/src/headers/ -I./../libtomcrypt/src/headers/ -I../ -I./../src -Wno-deprecated -I./src/../libtomcrypt/src/headers/ -DLOCALOPTIONS_H_EXISTS -I. -I./src -DDROPBEAR_SERVER -DDBMULTI_dropbear -DDBMULTI_dropbearkey -DDBMULTI_scp -DDROPBEAR_MULTI -I./ -Wall -Wsign-compare -Wextra -Wshadow -Wdeclaration-after-statement -Wbad-function-cast -Wcast-align -Wstrict-prototypes -Wpointer-arith -Wsystem-headers -O3 -funroll-loops -fomit-frame-pointer bn_mp_mul_2.c -o bn_mp_mul_2.o
In file included from tommath.h:9,
                 from tommath_private.h:7,
                 from bn_mp_mul.c:1:
/usr/lib/gcc-cross/aarch64-linux-gnu/15/include/limits.h:200:10: warning: ‘__STDC_VERSION_LIMITS_H__’ redefined
  200 | # define __STDC_VERSION_LIMITS_H__      202311L
      |          ^~~~~~~~~~~~~~~~~~~~~~~~~
In file included from /usr/lib/gcc-cross/aarch64-linux-gnu/15/include/limits.h:210,
                 from /usr/lib/gcc-cross/aarch64-linux-gnu/15/include/syslimits.h:9,
                 from /usr/lib/gcc-cross/aarch64-linux-gnu/15/include/limits.h:34:
/usr/aarch64-linux-gnu/include/limits.h:192:11: note: this is the location of the previous definition
  192 | #  define __STDC_VERSION_LIMITS_H__ 202311L
      |           ^~~~~~~~~~~~~~~~~~~~~~~~~
In file included from tommath.h:9,
                 from tommath_private.h:7,
                 from bn_mp_mul_2.c:1:
/usr/lib/gcc-cross/aarch64-linux-gnu/15/include/limits.h:200:10: warning: ‘__STDC_VERSION_LIMITS_H__’ redefined
  200 | # define __STDC_VERSION_LIMITS_H__      202311L
      |          ^~~~~~~~~~~~~~~~~~~~~~~~~
aarch64-linux-gnu-gcc -Isrc/headers/ -I./src/headers/ -I../ -I./../src -DLTC_SOURCE -I../libtommath/ -I./../libtommath/ -D_FORTIFY_SOURCE=2 -fstack-protector-strong -Wundef -fno-strict-overflow -Wno-pointer-sign -Os -W -Wall  -I./src/../libtomcrypt/src/headers/ -DLOCALOPTIONS_H_EXISTS -I. -I./src -DDROPBEAR_SERVER -DDBMULTI_dropbear -DDBMULTI_dropbearkey -DDBMULTI_scp -DDROPBEAR_MULTI -c src/hashes/helper/hash_filehandle.c -o src/hashes/helper/hash_filehandle.o
In file included from /usr/lib/gcc-cross/aarch64-linux-gnu/15/include/limits.h:210,
                 from /usr/lib/gcc-cross/aarch64-linux-gnu/15/include/syslimits.h:9,
                 from /usr/lib/gcc-cross/aarch64-linux-gnu/15/include/limits.h:34:
/usr/aarch64-linux-gnu/include/limits.h:192:11: note: this is the location of the previous definition
  192 | #  define __STDC_VERSION_LIMITS_H__ 202311L
      |           ^~~~~~~~~~~~~~~~~~~~~~~~~
aarch64-linux-gnu-gcc -Isrc/headers/ -I./src/headers/ -I../ -I./../src -DLTC_SOURCE -I../libtommath/ -I./../libtommath/ -D_FORTIFY_SOURCE=2 -fstack-protector-strong -Wundef -fno-strict-overflow -Wno-pointer-sign -Os -W -Wall  -I./src/../libtomcrypt/src/headers/ -DLOCALOPTIONS_H_EXISTS -I. -I./src -DDROPBEAR_SERVER -DDBMULTI_dropbear -DDBMULTI_dropbearkey -DDBMULTI_scp -DDROPBEAR_MULTI -c src/hashes/helper/hash_memory.c -o src/hashes/helper/hash_memory.o
aarch64-linux-gnu-gcc -Isrc/headers/ -I./src/headers/ -I../ -I./../src -DLTC_SOURCE -I../libtommath/ -I./../libtommath/ -D_FORTIFY_SOURCE=2 -fstack-protector-strong -Wundef -fno-strict-overflow -Wno-pointer-sign -Os -W -Wall  -I./src/../libtomcrypt/src/headers/ -DLOCALOPTIONS_H_EXISTS -I. -I./src -DDROPBEAR_SERVER -DDBMULTI_dropbear -DDBMULTI_dropbearkey -DDBMULTI_scp -DDROPBEAR_MULTI -c src/hashes/helper/hash_memory_multi.c -o src/hashes/helper/hash_memory_multi.o
aarch64-linux-gnu-gcc -Isrc/headers/ -I./src/headers/ -I../ -I./../src -DLTC_SOURCE -I../libtommath/ -I./../libtommath/ -D_FORTIFY_SOURCE=2 -fstack-protector-strong -Wundef -fno-strict-overflow -Wno-pointer-sign -Os -W -Wall  -I./src/../libtomcrypt/src/headers/ -DLOCALOPTIONS_H_EXISTS -I. -I./src -DDROPBEAR_SERVER -DDBMULTI_dropbear -DDBMULTI_dropbearkey -DDBMULTI_scp -DDROPBEAR_MULTI -c src/hashes/md2.c -o src/hashes/md2.o
aarch64-linux-gnu-gcc -c -D_FORTIFY_SOURCE=2 -fstack-protector-strong -Wundef -fno-strict-overflow -Wno-pointer-sign -Os -W -Wall  -I. -I../libtomcrypt/src/headers/ -I./../libtomcrypt/src/headers/ -I../ -I./../src -Wno-deprecated -I./src/../libtomcrypt/src/headers/ -DLOCALOPTIONS_H_EXISTS -I. -I./src -DDROPBEAR_SERVER -DDBMULTI_dropbear -DDBMULTI_dropbearkey -DDBMULTI_scp -DDROPBEAR_MULTI -I./ -Wall -Wsign-compare -Wextra -Wshadow -Wdeclaration-after-statement -Wbad-function-cast -Wcast-align -Wstrict-prototypes -Wpointer-arith -Wsystem-headers -O3 -funroll-loops -fomit-frame-pointer bn_mp_mul_2d.c -o bn_mp_mul_2d.o
aarch64-linux-gnu-gcc -Isrc/headers/ -I./src/headers/ -I../ -I./../src -DLTC_SOURCE -I../libtommath/ -I./../libtommath/ -D_FORTIFY_SOURCE=2 -fstack-protector-strong -Wundef -fno-strict-overflow -Wno-pointer-sign -Os -W -Wall  -I./src/../libtomcrypt/src/headers/ -DLOCALOPTIONS_H_EXISTS -I. -I./src -DDROPBEAR_SERVER -DDBMULTI_dropbear -DDBMULTI_dropbearkey -DDBMULTI_scp -DDROPBEAR_MULTI -c src/hashes/md4.c -o src/hashes/md4.o
aarch64-linux-gnu-gcc -c -D_FORTIFY_SOURCE=2 -fstack-protector-strong -Wundef -fno-strict-overflow -Wno-pointer-sign -Os -W -Wall  -I. -I../libtomcrypt/src/headers/ -I./../libtomcrypt/src/headers/ -I../ -I./../src -Wno-deprecated -I./src/../libtomcrypt/src/headers/ -DLOCALOPTIONS_H_EXISTS -I. -I./src -DDROPBEAR_SERVER -DDBMULTI_dropbear -DDBMULTI_dropbearkey -DDBMULTI_scp -DDROPBEAR_MULTI -I./ -Wall -Wsign-compare -Wextra -Wshadow -Wdeclaration-after-statement -Wbad-function-cast -Wcast-align -Wstrict-prototypes -Wpointer-arith -Wsystem-headers -O3 -funroll-loops -fomit-frame-pointer bn_mp_mul_d.c -o bn_mp_mul_d.o
aarch64-linux-gnu-gcc -Isrc/headers/ -I./src/headers/ -I../ -I./../src -DLTC_SOURCE -I../libtommath/ -I./../libtommath/ -D_FORTIFY_SOURCE=2 -fstack-protector-strong -Wundef -fno-strict-overflow -Wno-pointer-sign -Os -W -Wall  -I./src/../libtomcrypt/src/headers/ -DLOCALOPTIONS_H_EXISTS -I. -I./src -DDROPBEAR_SERVER -DDBMULTI_dropbear -DDBMULTI_dropbearkey -DDBMULTI_scp -DDROPBEAR_MULTI -c src/hashes/md5.c -o src/hashes/md5.o
In file included from tommath.h:9,
                 from tommath_private.h:7,
                 from bn_mp_mul_2d.c:1:
/usr/lib/gcc-cross/aarch64-linux-gnu/15/include/limits.h:200:10: warning: ‘__STDC_VERSION_LIMITS_H__’ redefined
  200 | # define __STDC_VERSION_LIMITS_H__      202311L
      |          ^~~~~~~~~~~~~~~~~~~~~~~~~
In file included from /usr/lib/gcc-cross/aarch64-linux-gnu/15/include/limits.h:210,
                 from /usr/lib/gcc-cross/aarch64-linux-gnu/15/include/syslimits.h:9,
                 from /usr/lib/gcc-cross/aarch64-linux-gnu/15/include/limits.h:34:
/usr/aarch64-linux-gnu/include/limits.h:192:11: note: this is the location of the previous definition
  192 | #  define __STDC_VERSION_LIMITS_H__ 202311L
      |           ^~~~~~~~~~~~~~~~~~~~~~~~~
aarch64-linux-gnu-gcc -c -D_FORTIFY_SOURCE=2 -fstack-protector-strong -Wundef -fno-strict-overflow -Wno-pointer-sign -Os -W -Wall  -I. -I../libtomcrypt/src/headers/ -I./../libtomcrypt/src/headers/ -I../ -I./../src -Wno-deprecated -I./src/../libtomcrypt/src/headers/ -DLOCALOPTIONS_H_EXISTS -I. -I./src -DDROPBEAR_SERVER -DDBMULTI_dropbear -DDBMULTI_dropbearkey -DDBMULTI_scp -DDROPBEAR_MULTI -I./ -Wall -Wsign-compare -Wextra -Wshadow -Wdeclaration-after-statement -Wbad-function-cast -Wcast-align -Wstrict-prototypes -Wpointer-arith -Wsystem-headers -O3 -funroll-loops -fomit-frame-pointer bn_mp_mulmod.c -o bn_mp_mulmod.o
aarch64-linux-gnu-gcc -Isrc/headers/ -I./src/headers/ -I../ -I./../src -DLTC_SOURCE -I../libtommath/ -I./../libtommath/ -D_FORTIFY_SOURCE=2 -fstack-protector-strong -Wundef -fno-strict-overflow -Wno-pointer-sign -Os -W -Wall  -I./src/../libtomcrypt/src/headers/ -DLOCALOPTIONS_H_EXISTS -I. -I./src -DDROPBEAR_SERVER -DDBMULTI_dropbear -DDBMULTI_dropbearkey -DDBMULTI_scp -DDROPBEAR_MULTI -c src/hashes/rmd128.c -o src/hashes/rmd128.o
In file included from tommath.h:9,
                 from tommath_private.h:7,
                 from bn_mp_mul_d.c:1:
/usr/lib/gcc-cross/aarch64-linux-gnu/15/include/limits.h:200:10: warning: ‘__STDC_VERSION_LIMITS_H__’ redefined
  200 | # define __STDC_VERSION_LIMITS_H__      202311L
      |          ^~~~~~~~~~~~~~~~~~~~~~~~~
In file included from /usr/lib/gcc-cross/aarch64-linux-gnu/15/include/limits.h:210,
                 from /usr/lib/gcc-cross/aarch64-linux-gnu/15/include/syslimits.h:9,
                 from /usr/lib/gcc-cross/aarch64-linux-gnu/15/include/limits.h:34:
/usr/aarch64-linux-gnu/include/limits.h:192:11: note: this is the location of the previous definition
  192 | #  define __STDC_VERSION_LIMITS_H__ 202311L
      |           ^~~~~~~~~~~~~~~~~~~~~~~~~
aarch64-linux-gnu-gcc -Isrc/headers/ -I./src/headers/ -I../ -I./../src -DLTC_SOURCE -I../libtommath/ -I./../libtommath/ -D_FORTIFY_SOURCE=2 -fstack-protector-strong -Wundef -fno-strict-overflow -Wno-pointer-sign -Os -W -Wall  -I./src/../libtomcrypt/src/headers/ -DLOCALOPTIONS_H_EXISTS -I. -I./src -DDROPBEAR_SERVER -DDBMULTI_dropbear -DDBMULTI_dropbearkey -DDBMULTI_scp -DDROPBEAR_MULTI -c src/hashes/rmd160.c -o src/hashes/rmd160.o
aarch64-linux-gnu-gcc -c -D_FORTIFY_SOURCE=2 -fstack-protector-strong -Wundef -fno-strict-overflow -Wno-pointer-sign -Os -W -Wall  -I. -I../libtomcrypt/src/headers/ -I./../libtomcrypt/src/headers/ -I../ -I./../src -Wno-deprecated -I./src/../libtomcrypt/src/headers/ -DLOCALOPTIONS_H_EXISTS -I. -I./src -DDROPBEAR_SERVER -DDBMULTI_dropbear -DDBMULTI_dropbearkey -DDBMULTI_scp -DDROPBEAR_MULTI -I./ -Wall -Wsign-compare -Wextra -Wshadow -Wdeclaration-after-statement -Wbad-function-cast -Wcast-align -Wstrict-prototypes -Wpointer-arith -Wsystem-headers -O3 -funroll-loops -fomit-frame-pointer bn_mp_neg.c -o bn_mp_neg.o
aarch64-linux-gnu-gcc -Isrc/headers/ -I./src/headers/ -I../ -I./../src -DLTC_SOURCE -I../libtommath/ -I./../libtommath/ -D_FORTIFY_SOURCE=2 -fstack-protector-strong -Wundef -fno-strict-overflow -Wno-pointer-sign -Os -W -Wall  -I./src/../libtomcrypt/src/headers/ -DLOCALOPTIONS_H_EXISTS -I. -I./src -DDROPBEAR_SERVER -DDBMULTI_dropbear -DDBMULTI_dropbearkey -DDBMULTI_scp -DDROPBEAR_MULTI -c src/hashes/rmd256.c -o src/hashes/rmd256.o
In file included from tommath.h:9,
                 from tommath_private.h:7,
                 from bn_mp_mulmod.c:1:
/usr/lib/gcc-cross/aarch64-linux-gnu/15/include/limits.h:200:10: warning: ‘__STDC_VERSION_LIMITS_H__’ redefined
  200 | # define __STDC_VERSION_LIMITS_H__      202311L
      |          ^~~~~~~~~~~~~~~~~~~~~~~~~
aarch64-linux-gnu-gcc -Isrc/headers/ -I./src/headers/ -I../ -I./../src -DLTC_SOURCE -I../libtommath/ -I./../libtommath/ -D_FORTIFY_SOURCE=2 -fstack-protector-strong -Wundef -fno-strict-overflow -Wno-pointer-sign -Os -W -Wall  -I./src/../libtomcrypt/src/headers/ -DLOCALOPTIONS_H_EXISTS -I. -I./src -DDROPBEAR_SERVER -DDBMULTI_dropbear -DDBMULTI_dropbearkey -DDBMULTI_scp -DDROPBEAR_MULTI -c src/hashes/rmd320.c -o src/hashes/rmd320.o
In file included from tommath.h:9,
                 from tommath_private.h:7,
                 from bn_mp_neg.c:1:
/usr/lib/gcc-cross/aarch64-linux-gnu/15/include/limits.h:200:10: warning: ‘__STDC_VERSION_LIMITS_H__’ redefined
  200 | # define __STDC_VERSION_LIMITS_H__      202311L
      |          ^~~~~~~~~~~~~~~~~~~~~~~~~
In file included from /usr/lib/gcc-cross/aarch64-linux-gnu/15/include/limits.h:210,
                 from /usr/lib/gcc-cross/aarch64-linux-gnu/15/include/syslimits.h:9,
                 from /usr/lib/gcc-cross/aarch64-linux-gnu/15/include/limits.h:34:
/usr/aarch64-linux-gnu/include/limits.h:192:11: note: this is the location of the previous definition
  192 | #  define __STDC_VERSION_LIMITS_H__ 202311L
      |           ^~~~~~~~~~~~~~~~~~~~~~~~~
aarch64-linux-gnu-gcc -Isrc/headers/ -I./src/headers/ -I../ -I./../src -DLTC_SOURCE -I../libtommath/ -I./../libtommath/ -D_FORTIFY_SOURCE=2 -fstack-protector-strong -Wundef -fno-strict-overflow -Wno-pointer-sign -Os -W -Wall  -I./src/../libtomcrypt/src/headers/ -DLOCALOPTIONS_H_EXISTS -I. -I./src -DDROPBEAR_SERVER -DDBMULTI_dropbear -DDBMULTI_dropbearkey -DDBMULTI_scp -DDROPBEAR_MULTI -c src/hashes/sha1.c -o src/hashes/sha1.o
In file included from /usr/lib/gcc-cross/aarch64-linux-gnu/15/include/limits.h:210,
                 from /usr/lib/gcc-cross/aarch64-linux-gnu/15/include/syslimits.h:9,
                 from /usr/lib/gcc-cross/aarch64-linux-gnu/15/include/limits.h:34:
/usr/aarch64-linux-gnu/include/limits.h:192:11: note: this is the location of the previous definition
  192 | #  define __STDC_VERSION_LIMITS_H__ 202311L
      |           ^~~~~~~~~~~~~~~~~~~~~~~~~
aarch64-linux-gnu-gcc -Isrc/headers/ -I./src/headers/ -I../ -I./../src -DLTC_SOURCE -I../libtommath/ -I./../libtommath/ -D_FORTIFY_SOURCE=2 -fstack-protector-strong -Wundef -fno-strict-overflow -Wno-pointer-sign -Os -W -Wall  -I./src/../libtomcrypt/src/headers/ -DLOCALOPTIONS_H_EXISTS -I. -I./src -DDROPBEAR_SERVER -DDBMULTI_dropbear -DDBMULTI_dropbearkey -DDBMULTI_scp -DDROPBEAR_MULTI -c src/hashes/sha2/sha224.c -o src/hashes/sha2/sha224.o
aarch64-linux-gnu-gcc -Isrc/headers/ -I./src/headers/ -I../ -I./../src -DLTC_SOURCE -I../libtommath/ -I./../libtommath/ -D_FORTIFY_SOURCE=2 -fstack-protector-strong -Wundef -fno-strict-overflow -Wno-pointer-sign -Os -W -Wall  -I./src/../libtomcrypt/src/headers/ -DLOCALOPTIONS_H_EXISTS -I. -I./src -DDROPBEAR_SERVER -DDBMULTI_dropbear -DDBMULTI_dropbearkey -DDBMULTI_scp -DDROPBEAR_MULTI -c src/hashes/sha2/sha256.c -o src/hashes/sha2/sha256.o
aarch64-linux-gnu-gcc -Isrc/headers/ -I./src/headers/ -I../ -I./../src -DLTC_SOURCE -I../libtommath/ -I./../libtommath/ -D_FORTIFY_SOURCE=2 -fstack-protector-strong -Wundef -fno-strict-overflow -Wno-pointer-sign -Os -W -Wall  -I./src/../libtomcrypt/src/headers/ -DLOCALOPTIONS_H_EXISTS -I. -I./src -DDROPBEAR_SERVER -DDBMULTI_dropbear -DDBMULTI_dropbearkey -DDBMULTI_scp -DDROPBEAR_MULTI -c src/hashes/sha2/sha384.c -o src/hashes/sha2/sha384.o
aarch64-linux-gnu-gcc -c -D_FORTIFY_SOURCE=2 -fstack-protector-strong -Wundef -fno-strict-overflow -Wno-pointer-sign -Os -W -Wall  -I. -I../libtomcrypt/src/headers/ -I./../libtomcrypt/src/headers/ -I../ -I./../src -Wno-deprecated -I./src/../libtomcrypt/src/headers/ -DLOCALOPTIONS_H_EXISTS -I. -I./src -DDROPBEAR_SERVER -DDBMULTI_dropbear -DDBMULTI_dropbearkey -DDBMULTI_scp -DDROPBEAR_MULTI -I./ -Wall -Wsign-compare -Wextra -Wshadow -Wdeclaration-after-statement -Wbad-function-cast -Wcast-align -Wstrict-prototypes -Wpointer-arith -Wsystem-headers -O3 -funroll-loops -fomit-frame-pointer bn_mp_or.c -o bn_mp_or.o
aarch64-linux-gnu-gcc -Isrc/headers/ -I./src/headers/ -I../ -I./../src -DLTC_SOURCE -I../libtommath/ -I./../libtommath/ -D_FORTIFY_SOURCE=2 -fstack-protector-strong -Wundef -fno-strict-overflow -Wno-pointer-sign -Os -W -Wall  -I./src/../libtomcrypt/src/headers/ -DLOCALOPTIONS_H_EXISTS -I. -I./src -DDROPBEAR_SERVER -DDBMULTI_dropbear -DDBMULTI_dropbearkey -DDBMULTI_scp -DDROPBEAR_MULTI -c src/hashes/sha2/sha512.c -o src/hashes/sha2/sha512.o
In file included from tommath.h:9,
                 from tommath_private.h:7,
                 from bn_mp_or.c:1:
/usr/lib/gcc-cross/aarch64-linux-gnu/15/include/limits.h:200:10: warning: ‘__STDC_VERSION_LIMITS_H__’ redefined
  200 | # define __STDC_VERSION_LIMITS_H__      202311L
      |          ^~~~~~~~~~~~~~~~~~~~~~~~~
In file included from /usr/lib/gcc-cross/aarch64-linux-gnu/15/include/limits.h:210,
                 from /usr/lib/gcc-cross/aarch64-linux-gnu/15/include/syslimits.h:9,
                 from /usr/lib/gcc-cross/aarch64-linux-gnu/15/include/limits.h:34:
/usr/aarch64-linux-gnu/include/limits.h:192:11: note: this is the location of the previous definition
  192 | #  define __STDC_VERSION_LIMITS_H__ 202311L
      |           ^~~~~~~~~~~~~~~~~~~~~~~~~
aarch64-linux-gnu-gcc -c -D_FORTIFY_SOURCE=2 -fstack-protector-strong -Wundef -fno-strict-overflow -Wno-pointer-sign -Os -W -Wall  -I. -I../libtomcrypt/src/headers/ -I./../libtomcrypt/src/headers/ -I../ -I./../src -Wno-deprecated -I./src/../libtomcrypt/src/headers/ -DLOCALOPTIONS_H_EXISTS -I. -I./src -DDROPBEAR_SERVER -DDBMULTI_dropbear -DDBMULTI_dropbearkey -DDBMULTI_scp -DDROPBEAR_MULTI -I./ -Wall -Wsign-compare -Wextra -Wshadow -Wdeclaration-after-statement -Wbad-function-cast -Wcast-align -Wstrict-prototypes -Wpointer-arith -Wsystem-headers -O3 -funroll-loops -fomit-frame-pointer bn_mp_pack.c -o bn_mp_pack.o
aarch64-linux-gnu-gcc -Isrc/headers/ -I./src/headers/ -I../ -I./../src -DLTC_SOURCE -I../libtommath/ -I./../libtommath/ -D_FORTIFY_SOURCE=2 -fstack-protector-strong -Wundef -fno-strict-overflow -Wno-pointer-sign -Os -W -Wall  -I./src/../libtomcrypt/src/headers/ -DLOCALOPTIONS_H_EXISTS -I. -I./src -DDROPBEAR_SERVER -DDBMULTI_dropbear -DDBMULTI_dropbearkey -DDBMULTI_scp -DDROPBEAR_MULTI -c src/hashes/sha2/sha512_224.c -o src/hashes/sha2/sha512_224.o
aarch64-linux-gnu-gcc -c -D_FORTIFY_SOURCE=2 -fstack-protector-strong -Wundef -fno-strict-overflow -Wno-pointer-sign -Os -W -Wall  -I. -I../libtomcrypt/src/headers/ -I./../libtomcrypt/src/headers/ -I../ -I./../src -Wno-deprecated -I./src/../libtomcrypt/src/headers/ -DLOCALOPTIONS_H_EXISTS -I. -I./src -DDROPBEAR_SERVER -DDBMULTI_dropbear -DDBMULTI_dropbearkey -DDBMULTI_scp -DDROPBEAR_MULTI -I./ -Wall -Wsign-compare -Wextra -Wshadow -Wdeclaration-after-statement -Wbad-function-cast -Wcast-align -Wstrict-prototypes -Wpointer-arith -Wsystem-headers -O3 -funroll-loops -fomit-frame-pointer bn_mp_pack_count.c -o bn_mp_pack_count.o
aarch64-linux-gnu-gcc -Isrc/headers/ -I./src/headers/ -I../ -I./../src -DLTC_SOURCE -I../libtommath/ -I./../libtommath/ -D_FORTIFY_SOURCE=2 -fstack-protector-strong -Wundef -fno-strict-overflow -Wno-pointer-sign -Os -W -Wall  -I./src/../libtomcrypt/src/headers/ -DLOCALOPTIONS_H_EXISTS -I. -I./src -DDROPBEAR_SERVER -DDBMULTI_dropbear -DDBMULTI_dropbearkey -DDBMULTI_scp -DDROPBEAR_MULTI -c src/hashes/sha2/sha512_256.c -o src/hashes/sha2/sha512_256.o
aarch64-linux-gnu-gcc -Isrc/headers/ -I./src/headers/ -I../ -I./../src -DLTC_SOURCE -I../libtommath/ -I./../libtommath/ -D_FORTIFY_SOURCE=2 -fstack-protector-strong -Wundef -fno-strict-overflow -Wno-pointer-sign -Os -W -Wall  -I./src/../libtomcrypt/src/headers/ -DLOCALOPTIONS_H_EXISTS -I. -I./src -DDROPBEAR_SERVER -DDBMULTI_dropbear -DDBMULTI_dropbearkey -DDBMULTI_scp -DDROPBEAR_MULTI -c src/hashes/sha3.c -o src/hashes/sha3.o
aarch64-linux-gnu-gcc -c -D_FORTIFY_SOURCE=2 -fstack-protector-strong -Wundef -fno-strict-overflow -Wno-pointer-sign -Os -W -Wall  -I. -I../libtomcrypt/src/headers/ -I./../libtomcrypt/src/headers/ -I../ -I./../src -Wno-deprecated -I./src/../libtomcrypt/src/headers/ -DLOCALOPTIONS_H_EXISTS -I. -I./src -DDROPBEAR_SERVER -DDBMULTI_dropbear -DDBMULTI_dropbearkey -DDBMULTI_scp -DDROPBEAR_MULTI -I./ -Wall -Wsign-compare -Wextra -Wshadow -Wdeclaration-after-statement -Wbad-function-cast -Wcast-align -Wstrict-prototypes -Wpointer-arith -Wsystem-headers -O3 -funroll-loops -fomit-frame-pointer bn_mp_prime_fermat.c -o bn_mp_prime_fermat.o
aarch64-linux-gnu-gcc -Isrc/headers/ -I./src/headers/ -I../ -I./../src -DLTC_SOURCE -I../libtommath/ -I./../libtommath/ -D_FORTIFY_SOURCE=2 -fstack-protector-strong -Wundef -fno-strict-overflow -Wno-pointer-sign -Os -W -Wall  -I./src/../libtomcrypt/src/headers/ -DLOCALOPTIONS_H_EXISTS -I. -I./src -DDROPBEAR_SERVER -DDBMULTI_dropbear -DDBMULTI_dropbearkey -DDBMULTI_scp -DDROPBEAR_MULTI -c src/hashes/sha3_test.c -o src/hashes/sha3_test.o
In file included from tommath.h:9,
                 from tommath_private.h:7,
                 from bn_mp_pack.c:1:
/usr/lib/gcc-cross/aarch64-linux-gnu/15/include/limits.h:200:10: warning: ‘__STDC_VERSION_LIMITS_H__’ redefined
  200 | # define __STDC_VERSION_LIMITS_H__      202311L
      |          ^~~~~~~~~~~~~~~~~~~~~~~~~
In file included from /usr/lib/gcc-cross/aarch64-linux-gnu/15/include/limits.h:210,
                 from /usr/lib/gcc-cross/aarch64-linux-gnu/15/include/syslimits.h:9,
                 from /usr/lib/gcc-cross/aarch64-linux-gnu/15/include/limits.h:34:
/usr/aarch64-linux-gnu/include/limits.h:192:11: note: this is the location of the previous definition
  192 | #  define __STDC_VERSION_LIMITS_H__ 202311L
      |           ^~~~~~~~~~~~~~~~~~~~~~~~~
In file included from tommath.h:9,
                 from tommath_private.h:7,
                 from bn_mp_pack_count.c:1:
/usr/lib/gcc-cross/aarch64-linux-gnu/15/include/limits.h:200:10: warning: ‘__STDC_VERSION_LIMITS_H__’ redefined
  200 | # define __STDC_VERSION_LIMITS_H__      202311L
      |          ^~~~~~~~~~~~~~~~~~~~~~~~~
aarch64-linux-gnu-gcc -Isrc/headers/ -I./src/headers/ -I../ -I./../src -DLTC_SOURCE -I../libtommath/ -I./../libtommath/ -D_FORTIFY_SOURCE=2 -fstack-protector-strong -Wundef -fno-strict-overflow -Wno-pointer-sign -Os -W -Wall  -I./src/../libtomcrypt/src/headers/ -DLOCALOPTIONS_H_EXISTS -I. -I./src -DDROPBEAR_SERVER -DDBMULTI_dropbear -DDBMULTI_dropbearkey -DDBMULTI_scp -DDROPBEAR_MULTI -c src/hashes/tiger.c -o src/hashes/tiger.o
In file included from /usr/lib/gcc-cross/aarch64-linux-gnu/15/include/limits.h:210,
                 from /usr/lib/gcc-cross/aarch64-linux-gnu/15/include/syslimits.h:9,
                 from /usr/lib/gcc-cross/aarch64-linux-gnu/15/include/limits.h:34:
/usr/aarch64-linux-gnu/include/limits.h:192:11: note: this is the location of the previous definition
  192 | #  define __STDC_VERSION_LIMITS_H__ 202311L
      |           ^~~~~~~~~~~~~~~~~~~~~~~~~
In file included from tommath.h:9,
                 from tommath_private.h:7,
                 from bn_mp_prime_fermat.c:1:
/usr/lib/gcc-cross/aarch64-linux-gnu/15/include/limits.h:200:10: warning: ‘__STDC_VERSION_LIMITS_H__’ redefined
  200 | # define __STDC_VERSION_LIMITS_H__      202311L
      |          ^~~~~~~~~~~~~~~~~~~~~~~~~
In file included from /usr/lib/gcc-cross/aarch64-linux-gnu/15/include/limits.h:210,
                 from /usr/lib/gcc-cross/aarch64-linux-gnu/15/include/syslimits.h:9,
                 from /usr/lib/gcc-cross/aarch64-linux-gnu/15/include/limits.h:34:
/usr/aarch64-linux-gnu/include/limits.h:192:11: note: this is the location of the previous definition
  192 | #  define __STDC_VERSION_LIMITS_H__ 202311L
      |           ^~~~~~~~~~~~~~~~~~~~~~~~~
aarch64-linux-gnu-gcc -Isrc/headers/ -I./src/headers/ -I../ -I./../src -DLTC_SOURCE -I../libtommath/ -I./../libtommath/ -D_FORTIFY_SOURCE=2 -fstack-protector-strong -Wundef -fno-strict-overflow -Wno-pointer-sign -Os -W -Wall  -I./src/../libtomcrypt/src/headers/ -DLOCALOPTIONS_H_EXISTS -I. -I./src -DDROPBEAR_SERVER -DDBMULTI_dropbear -DDBMULTI_dropbearkey -DDBMULTI_scp -DDROPBEAR_MULTI -c src/hashes/whirl/whirl.c -o src/hashes/whirl/whirl.o
aarch64-linux-gnu-gcc -c -D_FORTIFY_SOURCE=2 -fstack-protector-strong -Wundef -fno-strict-overflow -Wno-pointer-sign -Os -W -Wall  -I. -I../libtomcrypt/src/headers/ -I./../libtomcrypt/src/headers/ -I../ -I./../src -Wno-deprecated -I./src/../libtomcrypt/src/headers/ -DLOCALOPTIONS_H_EXISTS -I. -I./src -DDROPBEAR_SERVER -DDBMULTI_dropbear -DDBMULTI_dropbearkey -DDBMULTI_scp -DDROPBEAR_MULTI -I./ -Wall -Wsign-compare -Wextra -Wshadow -Wdeclaration-after-statement -Wbad-function-cast -Wcast-align -Wstrict-prototypes -Wpointer-arith -Wsystem-headers -O3 -funroll-loops -fomit-frame-pointer bn_mp_prime_frobenius_underwood.c -o bn_mp_prime_frobenius_underwood.o
aarch64-linux-gnu-gcc -Isrc/headers/ -I./src/headers/ -I../ -I./../src -DLTC_SOURCE -I../libtommath/ -I./../libtommath/ -D_FORTIFY_SOURCE=2 -fstack-protector-strong -Wundef -fno-strict-overflow -Wno-pointer-sign -Os -W -Wall  -I./src/../libtomcrypt/src/headers/ -DLOCALOPTIONS_H_EXISTS -I. -I./src -DDROPBEAR_SERVER -DDBMULTI_dropbear -DDBMULTI_dropbearkey -DDBMULTI_scp -DDROPBEAR_MULTI -c src/mac/blake2/blake2bmac.c -o src/mac/blake2/blake2bmac.o
In file included from tommath.h:9,
                 from tommath_private.h:7,
                 from bn_mp_prime_frobenius_underwood.c:1:
/usr/lib/gcc-cross/aarch64-linux-gnu/15/include/limits.h:200:10: warning: ‘__STDC_VERSION_LIMITS_H__’ redefined
  200 | # define __STDC_VERSION_LIMITS_H__      202311L
      |          ^~~~~~~~~~~~~~~~~~~~~~~~~
In file included from /usr/lib/gcc-cross/aarch64-linux-gnu/15/include/limits.h:210,
                 from /usr/lib/gcc-cross/aarch64-linux-gnu/15/include/syslimits.h:9,
                 from /usr/lib/gcc-cross/aarch64-linux-gnu/15/include/limits.h:34:
/usr/aarch64-linux-gnu/include/limits.h:192:11: note: this is the location of the previous definition
  192 | #  define __STDC_VERSION_LIMITS_H__ 202311L
      |           ^~~~~~~~~~~~~~~~~~~~~~~~~
aarch64-linux-gnu-gcc -c -D_FORTIFY_SOURCE=2 -fstack-protector-strong -Wundef -fno-strict-overflow -Wno-pointer-sign -Os -W -Wall  -I. -I../libtomcrypt/src/headers/ -I./../libtomcrypt/src/headers/ -I../ -I./../src -Wno-deprecated -I./src/../libtomcrypt/src/headers/ -DLOCALOPTIONS_H_EXISTS -I. -I./src -DDROPBEAR_SERVER -DDBMULTI_dropbear -DDBMULTI_dropbearkey -DDBMULTI_scp -DDROPBEAR_MULTI -I./ -Wall -Wsign-compare -Wextra -Wshadow -Wdeclaration-after-statement -Wbad-function-cast -Wcast-align -Wstrict-prototypes -Wpointer-arith -Wsystem-headers -O3 -funroll-loops -fomit-frame-pointer bn_mp_prime_is_prime.c -o bn_mp_prime_is_prime.o
aarch64-linux-gnu-gcc -c -D_FORTIFY_SOURCE=2 -fstack-protector-strong -Wundef -fno-strict-overflow -Wno-pointer-sign -Os -W -Wall  -I. -I../libtomcrypt/src/headers/ -I./../libtomcrypt/src/headers/ -I../ -I./../src -Wno-deprecated -I./src/../libtomcrypt/src/headers/ -DLOCALOPTIONS_H_EXISTS -I. -I./src -DDROPBEAR_SERVER -DDBMULTI_dropbear -DDBMULTI_dropbearkey -DDBMULTI_scp -DDROPBEAR_MULTI -I./ -Wall -Wsign-compare -Wextra -Wshadow -Wdeclaration-after-statement -Wbad-function-cast -Wcast-align -Wstrict-prototypes -Wpointer-arith -Wsystem-headers -O3 -funroll-loops -fomit-frame-pointer bn_mp_prime_miller_rabin.c -o bn_mp_prime_miller_rabin.o
aarch64-linux-gnu-gcc -Isrc/headers/ -I./src/headers/ -I../ -I./../src -DLTC_SOURCE -I../libtommath/ -I./../libtommath/ -D_FORTIFY_SOURCE=2 -fstack-protector-strong -Wundef -fno-strict-overflow -Wno-pointer-sign -Os -W -Wall  -I./src/../libtomcrypt/src/headers/ -DLOCALOPTIONS_H_EXISTS -I. -I./src -DDROPBEAR_SERVER -DDBMULTI_dropbear -DDBMULTI_dropbearkey -DDBMULTI_scp -DDROPBEAR_MULTI -c src/mac/blake2/blake2bmac_file.c -o src/mac/blake2/blake2bmac_file.o
aarch64-linux-gnu-gcc -c -D_FORTIFY_SOURCE=2 -fstack-protector-strong -Wundef -fno-strict-overflow -Wno-pointer-sign -Os -W -Wall  -I. -I../libtomcrypt/src/headers/ -I./../libtomcrypt/src/headers/ -I../ -I./../src -Wno-deprecated -I./src/../libtomcrypt/src/headers/ -DLOCALOPTIONS_H_EXISTS -I. -I./src -DDROPBEAR_SERVER -DDBMULTI_dropbear -DDBMULTI_dropbearkey -DDBMULTI_scp -DDROPBEAR_MULTI -I./ -Wall -Wsign-compare -Wextra -Wshadow -Wdeclaration-after-statement -Wbad-function-cast -Wcast-align -Wstrict-prototypes -Wpointer-arith -Wsystem-headers -O3 -funroll-loops -fomit-frame-pointer bn_mp_prime_next_prime.c -o bn_mp_prime_next_prime.o
aarch64-linux-gnu-gcc -Isrc/headers/ -I./src/headers/ -I../ -I./../src -DLTC_SOURCE -I../libtommath/ -I./../libtommath/ -D_FORTIFY_SOURCE=2 -fstack-protector-strong -Wundef -fno-strict-overflow -Wno-pointer-sign -Os -W -Wall  -I./src/../libtomcrypt/src/headers/ -DLOCALOPTIONS_H_EXISTS -I. -I./src -DDROPBEAR_SERVER -DDBMULTI_dropbear -DDBMULTI_dropbearkey -DDBMULTI_scp -DDROPBEAR_MULTI -c src/mac/blake2/blake2bmac_memory.c -o src/mac/blake2/blake2bmac_memory.o
In file included from tommath.h:9,
                 from tommath_private.h:7,
                 from bn_mp_prime_is_prime.c:1:
/usr/lib/gcc-cross/aarch64-linux-gnu/15/include/limits.h:200:10: warning: ‘__STDC_VERSION_LIMITS_H__’ redefined
  200 | # define __STDC_VERSION_LIMITS_H__      202311L
      |          ^~~~~~~~~~~~~~~~~~~~~~~~~
In file included from /usr/lib/gcc-cross/aarch64-linux-gnu/15/include/limits.h:210,
                 from /usr/lib/gcc-cross/aarch64-linux-gnu/15/include/syslimits.h:9,
                 from /usr/lib/gcc-cross/aarch64-linux-gnu/15/include/limits.h:34:
/usr/aarch64-linux-gnu/include/limits.h:192:11: note: this is the location of the previous definition
  192 | #  define __STDC_VERSION_LIMITS_H__ 202311L
      |           ^~~~~~~~~~~~~~~~~~~~~~~~~
In file included from tommath.h:9,
                 from tommath_private.h:7,
                 from bn_mp_prime_miller_rabin.c:1:
/usr/lib/gcc-cross/aarch64-linux-gnu/15/include/limits.h:200:10: warning: ‘__STDC_VERSION_LIMITS_H__’ redefined
  200 | # define __STDC_VERSION_LIMITS_H__      202311L
      |          ^~~~~~~~~~~~~~~~~~~~~~~~~
In file included from /usr/lib/gcc-cross/aarch64-linux-gnu/15/include/limits.h:210,
                 from /usr/lib/gcc-cross/aarch64-linux-gnu/15/include/syslimits.h:9,
                 from /usr/lib/gcc-cross/aarch64-linux-gnu/15/include/limits.h:34:
/usr/aarch64-linux-gnu/include/limits.h:192:11: note: this is the location of the previous definition
  192 | #  define __STDC_VERSION_LIMITS_H__ 202311L
      |           ^~~~~~~~~~~~~~~~~~~~~~~~~
aarch64-linux-gnu-gcc -Isrc/headers/ -I./src/headers/ -I../ -I./../src -DLTC_SOURCE -I../libtommath/ -I./../libtommath/ -D_FORTIFY_SOURCE=2 -fstack-protector-strong -Wundef -fno-strict-overflow -Wno-pointer-sign -Os -W -Wall  -I./src/../libtomcrypt/src/headers/ -DLOCALOPTIONS_H_EXISTS -I. -I./src -DDROPBEAR_SERVER -DDBMULTI_dropbear -DDBMULTI_dropbearkey -DDBMULTI_scp -DDROPBEAR_MULTI -c src/mac/blake2/blake2bmac_memory_multi.c -o src/mac/blake2/blake2bmac_memory_multi.o
aarch64-linux-gnu-gcc -c -D_FORTIFY_SOURCE=2 -fstack-protector-strong -Wundef -fno-strict-overflow -Wno-pointer-sign -Os -W -Wall  -I. -I../libtomcrypt/src/headers/ -I./../libtomcrypt/src/headers/ -I../ -I./../src -Wno-deprecated -I./src/../libtomcrypt/src/headers/ -DLOCALOPTIONS_H_EXISTS -I. -I./src -DDROPBEAR_SERVER -DDBMULTI_dropbear -DDBMULTI_dropbearkey -DDBMULTI_scp -DDROPBEAR_MULTI -I./ -Wall -Wsign-compare -Wextra -Wshadow -Wdeclaration-after-statement -Wbad-function-cast -Wcast-align -Wstrict-prototypes -Wpointer-arith -Wsystem-headers -O3 -funroll-loops -fomit-frame-pointer bn_mp_prime_rabin_miller_trials.c -o bn_mp_prime_rabin_miller_trials.o
In file included from tommath.h:9,
                 from tommath_private.h:7,
                 from bn_mp_prime_next_prime.c:1:
/usr/lib/gcc-cross/aarch64-linux-gnu/15/include/limits.h:200:10: warning: ‘__STDC_VERSION_LIMITS_H__’ redefined
  200 | # define __STDC_VERSION_LIMITS_H__      202311L
      |          ^~~~~~~~~~~~~~~~~~~~~~~~~
In file included from /usr/lib/gcc-cross/aarch64-linux-gnu/15/include/limits.h:210,
                 from /usr/lib/gcc-cross/aarch64-linux-gnu/15/include/syslimits.h:9,
                 from /usr/lib/gcc-cross/aarch64-linux-gnu/15/include/limits.h:34:
/usr/aarch64-linux-gnu/include/limits.h:192:11: note: this is the location of the previous definition
  192 | #  define __STDC_VERSION_LIMITS_H__ 202311L
      |           ^~~~~~~~~~~~~~~~~~~~~~~~~
aarch64-linux-gnu-gcc -Isrc/headers/ -I./src/headers/ -I../ -I./../src -DLTC_SOURCE -I../libtommath/ -I./../libtommath/ -D_FORTIFY_SOURCE=2 -fstack-protector-strong -Wundef -fno-strict-overflow -Wno-pointer-sign -Os -W -Wall  -I./src/../libtomcrypt/src/headers/ -DLOCALOPTIONS_H_EXISTS -I. -I./src -DDROPBEAR_SERVER -DDBMULTI_dropbear -DDBMULTI_dropbearkey -DDBMULTI_scp -DDROPBEAR_MULTI -c src/mac/blake2/blake2bmac_test.c -o src/mac/blake2/blake2bmac_test.o
aarch64-linux-gnu-gcc -c -D_FORTIFY_SOURCE=2 -fstack-protector-strong -Wundef -fno-strict-overflow -Wno-pointer-sign -Os -W -Wall  -I. -I../libtomcrypt/src/headers/ -I./../libtomcrypt/src/headers/ -I../ -I./../src -Wno-deprecated -I./src/../libtomcrypt/src/headers/ -DLOCALOPTIONS_H_EXISTS -I. -I./src -DDROPBEAR_SERVER -DDBMULTI_dropbear -DDBMULTI_dropbearkey -DDBMULTI_scp -DDROPBEAR_MULTI -I./ -Wall -Wsign-compare -Wextra -Wshadow -Wdeclaration-after-statement -Wbad-function-cast -Wcast-align -Wstrict-prototypes -Wpointer-arith -Wsystem-headers -O3 -funroll-loops -fomit-frame-pointer bn_mp_prime_rand.c -o bn_mp_prime_rand.o
aarch64-linux-gnu-gcc -Isrc/headers/ -I./src/headers/ -I../ -I./../src -DLTC_SOURCE -I../libtommath/ -I./../libtommath/ -D_FORTIFY_SOURCE=2 -fstack-protector-strong -Wundef -fno-strict-overflow -Wno-pointer-sign -Os -W -Wall  -I./src/../libtomcrypt/src/headers/ -DLOCALOPTIONS_H_EXISTS -I. -I./src -DDROPBEAR_SERVER -DDBMULTI_dropbear -DDBMULTI_dropbearkey -DDBMULTI_scp -DDROPBEAR_MULTI -c src/mac/blake2/blake2smac.c -o src/mac/blake2/blake2smac.o
In file included from tommath.h:9,
                 from tommath_private.h:7,
                 from bn_mp_prime_rabin_miller_trials.c:1:
/usr/lib/gcc-cross/aarch64-linux-gnu/15/include/limits.h:200:10: warning: ‘__STDC_VERSION_LIMITS_H__’ redefined
  200 | # define __STDC_VERSION_LIMITS_H__      202311L
      |          ^~~~~~~~~~~~~~~~~~~~~~~~~
In file included from /usr/lib/gcc-cross/aarch64-linux-gnu/15/include/limits.h:210,
                 from /usr/lib/gcc-cross/aarch64-linux-gnu/15/include/syslimits.h:9,
                 from /usr/lib/gcc-cross/aarch64-linux-gnu/15/include/limits.h:34:
/usr/aarch64-linux-gnu/include/limits.h:192:11: note: this is the location of the previous definition
  192 | #  define __STDC_VERSION_LIMITS_H__ 202311L
      |           ^~~~~~~~~~~~~~~~~~~~~~~~~
aarch64-linux-gnu-gcc -c -D_FORTIFY_SOURCE=2 -fstack-protector-strong -Wundef -fno-strict-overflow -Wno-pointer-sign -Os -W -Wall  -I. -I../libtomcrypt/src/headers/ -I./../libtomcrypt/src/headers/ -I../ -I./../src -Wno-deprecated -I./src/../libtomcrypt/src/headers/ -DLOCALOPTIONS_H_EXISTS -I. -I./src -DDROPBEAR_SERVER -DDBMULTI_dropbear -DDBMULTI_dropbearkey -DDBMULTI_scp -DDROPBEAR_MULTI -I./ -Wall -Wsign-compare -Wextra -Wshadow -Wdeclaration-after-statement -Wbad-function-cast -Wcast-align -Wstrict-prototypes -Wpointer-arith -Wsystem-headers -O3 -funroll-loops -fomit-frame-pointer bn_mp_prime_strong_lucas_selfridge.c -o bn_mp_prime_strong_lucas_selfridge.o
aarch64-linux-gnu-gcc -Isrc/headers/ -I./src/headers/ -I../ -I./../src -DLTC_SOURCE -I../libtommath/ -I./../libtommath/ -D_FORTIFY_SOURCE=2 -fstack-protector-strong -Wundef -fno-strict-overflow -Wno-pointer-sign -Os -W -Wall  -I./src/../libtomcrypt/src/headers/ -DLOCALOPTIONS_H_EXISTS -I. -I./src -DDROPBEAR_SERVER -DDBMULTI_dropbear -DDBMULTI_dropbearkey -DDBMULTI_scp -DDROPBEAR_MULTI -c src/mac/blake2/blake2smac_file.c -o src/mac/blake2/blake2smac_file.o
In file included from tommath.h:9,
                 from tommath_private.h:7,
                 from bn_mp_prime_rand.c:1:
/usr/lib/gcc-cross/aarch64-linux-gnu/15/include/limits.h:200:10: warning: ‘__STDC_VERSION_LIMITS_H__’ redefined
  200 | # define __STDC_VERSION_LIMITS_H__      202311L
      |          ^~~~~~~~~~~~~~~~~~~~~~~~~
In file included from /usr/lib/gcc-cross/aarch64-linux-gnu/15/include/limits.h:210,
                 from /usr/lib/gcc-cross/aarch64-linux-gnu/15/include/syslimits.h:9,
                 from /usr/lib/gcc-cross/aarch64-linux-gnu/15/include/limits.h:34:
/usr/aarch64-linux-gnu/include/limits.h:192:11: note: this is the location of the previous definition
  192 | #  define __STDC_VERSION_LIMITS_H__ 202311L
      |           ^~~~~~~~~~~~~~~~~~~~~~~~~
aarch64-linux-gnu-gcc -Isrc/headers/ -I./src/headers/ -I../ -I./../src -DLTC_SOURCE -I../libtommath/ -I./../libtommath/ -D_FORTIFY_SOURCE=2 -fstack-protector-strong -Wundef -fno-strict-overflow -Wno-pointer-sign -Os -W -Wall  -I./src/../libtomcrypt/src/headers/ -DLOCALOPTIONS_H_EXISTS -I. -I./src -DDROPBEAR_SERVER -DDBMULTI_dropbear -DDBMULTI_dropbearkey -DDBMULTI_scp -DDROPBEAR_MULTI -c src/mac/blake2/blake2smac_memory.c -o src/mac/blake2/blake2smac_memory.o
In file included from tommath.h:9,
                 from tommath_private.h:7,
                 from bn_mp_prime_strong_lucas_selfridge.c:1:
/usr/lib/gcc-cross/aarch64-linux-gnu/15/include/limits.h:200:10: warning: ‘__STDC_VERSION_LIMITS_H__’ redefined
  200 | # define __STDC_VERSION_LIMITS_H__      202311L
      |          ^~~~~~~~~~~~~~~~~~~~~~~~~
In file included from /usr/lib/gcc-cross/aarch64-linux-gnu/15/include/limits.h:210,
                 from /usr/lib/gcc-cross/aarch64-linux-gnu/15/include/syslimits.h:9,
                 from /usr/lib/gcc-cross/aarch64-linux-gnu/15/include/limits.h:34:
/usr/aarch64-linux-gnu/include/limits.h:192:11: note: this is the location of the previous definition
  192 | #  define __STDC_VERSION_LIMITS_H__ 202311L
      |           ^~~~~~~~~~~~~~~~~~~~~~~~~
aarch64-linux-gnu-gcc -c -D_FORTIFY_SOURCE=2 -fstack-protector-strong -Wundef -fno-strict-overflow -Wno-pointer-sign -Os -W -Wall  -I. -I../libtomcrypt/src/headers/ -I./../libtomcrypt/src/headers/ -I../ -I./../src -Wno-deprecated -I./src/../libtomcrypt/src/headers/ -DLOCALOPTIONS_H_EXISTS -I. -I./src -DDROPBEAR_SERVER -DDBMULTI_dropbear -DDBMULTI_dropbearkey -DDBMULTI_scp -DDROPBEAR_MULTI -I./ -Wall -Wsign-compare -Wextra -Wshadow -Wdeclaration-after-statement -Wbad-function-cast -Wcast-align -Wstrict-prototypes -Wpointer-arith -Wsystem-headers -O3 -funroll-loops -fomit-frame-pointer bn_mp_radix_size.c -o bn_mp_radix_size.o
aarch64-linux-gnu-gcc -Isrc/headers/ -I./src/headers/ -I../ -I./../src -DLTC_SOURCE -I../libtommath/ -I./../libtommath/ -D_FORTIFY_SOURCE=2 -fstack-protector-strong -Wundef -fno-strict-overflow -Wno-pointer-sign -Os -W -Wall  -I./src/../libtomcrypt/src/headers/ -DLOCALOPTIONS_H_EXISTS -I. -I./src -DDROPBEAR_SERVER -DDBMULTI_dropbear -DDBMULTI_dropbearkey -DDBMULTI_scp -DDROPBEAR_MULTI -c src/mac/blake2/blake2smac_memory_multi.c -o src/mac/blake2/blake2smac_memory_multi.o
aarch64-linux-gnu-gcc -c -D_FORTIFY_SOURCE=2 -fstack-protector-strong -Wundef -fno-strict-overflow -Wno-pointer-sign -Os -W -Wall  -I. -I../libtomcrypt/src/headers/ -I./../libtomcrypt/src/headers/ -I../ -I./../src -Wno-deprecated -I./src/../libtomcrypt/src/headers/ -DLOCALOPTIONS_H_EXISTS -I. -I./src -DDROPBEAR_SERVER -DDBMULTI_dropbear -DDBMULTI_dropbearkey -DDBMULTI_scp -DDROPBEAR_MULTI -I./ -Wall -Wsign-compare -Wextra -Wshadow -Wdeclaration-after-statement -Wbad-function-cast -Wcast-align -Wstrict-prototypes -Wpointer-arith -Wsystem-headers -O3 -funroll-loops -fomit-frame-pointer bn_mp_radix_smap.c -o bn_mp_radix_smap.o
aarch64-linux-gnu-gcc -Isrc/headers/ -I./src/headers/ -I../ -I./../src -DLTC_SOURCE -I../libtommath/ -I./../libtommath/ -D_FORTIFY_SOURCE=2 -fstack-protector-strong -Wundef -fno-strict-overflow -Wno-pointer-sign -Os -W -Wall  -I./src/../libtomcrypt/src/headers/ -DLOCALOPTIONS_H_EXISTS -I. -I./src -DDROPBEAR_SERVER -DDBMULTI_dropbear -DDBMULTI_dropbearkey -DDBMULTI_scp -DDROPBEAR_MULTI -c src/mac/blake2/blake2smac_test.c -o src/mac/blake2/blake2smac_test.o
In file included from tommath.h:9,
                 from tommath_private.h:7,
                 from bn_mp_radix_size.c:1:
/usr/lib/gcc-cross/aarch64-linux-gnu/15/include/limits.h:200:10: warning: ‘__STDC_VERSION_LIMITS_H__’ redefined
  200 | # define __STDC_VERSION_LIMITS_H__      202311L
      |          ^~~~~~~~~~~~~~~~~~~~~~~~~
In file included from /usr/lib/gcc-cross/aarch64-linux-gnu/15/include/limits.h:210,
                 from /usr/lib/gcc-cross/aarch64-linux-gnu/15/include/syslimits.h:9,
                 from /usr/lib/gcc-cross/aarch64-linux-gnu/15/include/limits.h:34:
/usr/aarch64-linux-gnu/include/limits.h:192:11: note: this is the location of the previous definition
  192 | #  define __STDC_VERSION_LIMITS_H__ 202311L
      |           ^~~~~~~~~~~~~~~~~~~~~~~~~
In file included from tommath.h:9,
                 from tommath_private.h:7,
                 from bn_mp_radix_smap.c:1:
/usr/lib/gcc-cross/aarch64-linux-gnu/15/include/limits.h:200:10: warning: ‘__STDC_VERSION_LIMITS_H__’ redefined
  200 | # define __STDC_VERSION_LIMITS_H__      202311L
      |          ^~~~~~~~~~~~~~~~~~~~~~~~~
In file included from /usr/lib/gcc-cross/aarch64-linux-gnu/15/include/limits.h:210,
                 from /usr/lib/gcc-cross/aarch64-linux-gnu/15/include/syslimits.h:9,
                 from /usr/lib/gcc-cross/aarch64-linux-gnu/15/include/limits.h:34:
/usr/aarch64-linux-gnu/include/limits.h:192:11: note: this is the location of the previous definition
  192 | #  define __STDC_VERSION_LIMITS_H__ 202311L
      |           ^~~~~~~~~~~~~~~~~~~~~~~~~
aarch64-linux-gnu-gcc -c -D_FORTIFY_SOURCE=2 -fstack-protector-strong -Wundef -fno-strict-overflow -Wno-pointer-sign -Os -W -Wall  -I. -I../libtomcrypt/src/headers/ -I./../libtomcrypt/src/headers/ -I../ -I./../src -Wno-deprecated -I./src/../libtomcrypt/src/headers/ -DLOCALOPTIONS_H_EXISTS -I. -I./src -DDROPBEAR_SERVER -DDBMULTI_dropbear -DDBMULTI_dropbearkey -DDBMULTI_scp -DDROPBEAR_MULTI -I./ -Wall -Wsign-compare -Wextra -Wshadow -Wdeclaration-after-statement -Wbad-function-cast -Wcast-align -Wstrict-prototypes -Wpointer-arith -Wsystem-headers -O3 -funroll-loops -fomit-frame-pointer bn_mp_rand.c -o bn_mp_rand.o
aarch64-linux-gnu-gcc -Isrc/headers/ -I./src/headers/ -I../ -I./../src -DLTC_SOURCE -I../libtommath/ -I./../libtommath/ -D_FORTIFY_SOURCE=2 -fstack-protector-strong -Wundef -fno-strict-overflow -Wno-pointer-sign -Os -W -Wall  -I./src/../libtomcrypt/src/headers/ -DLOCALOPTIONS_H_EXISTS -I. -I./src -DDROPBEAR_SERVER -DDBMULTI_dropbear -DDBMULTI_dropbearkey -DDBMULTI_scp -DDROPBEAR_MULTI -c src/mac/f9/f9_done.c -o src/mac/f9/f9_done.o
aarch64-linux-gnu-gcc -Isrc/headers/ -I./src/headers/ -I../ -I./../src -DLTC_SOURCE -I../libtommath/ -I./../libtommath/ -D_FORTIFY_SOURCE=2 -fstack-protector-strong -Wundef -fno-strict-overflow -Wno-pointer-sign -Os -W -Wall  -I./src/../libtomcrypt/src/headers/ -DLOCALOPTIONS_H_EXISTS -I. -I./src -DDROPBEAR_SERVER -DDBMULTI_dropbear -DDBMULTI_dropbearkey -DDBMULTI_scp -DDROPBEAR_MULTI -c src/mac/f9/f9_file.c -o src/mac/f9/f9_file.o
aarch64-linux-gnu-gcc -c -D_FORTIFY_SOURCE=2 -fstack-protector-strong -Wundef -fno-strict-overflow -Wno-pointer-sign -Os -W -Wall  -I. -I../libtomcrypt/src/headers/ -I./../libtomcrypt/src/headers/ -I../ -I./../src -Wno-deprecated -I./src/../libtomcrypt/src/headers/ -DLOCALOPTIONS_H_EXISTS -I. -I./src -DDROPBEAR_SERVER -DDBMULTI_dropbear -DDBMULTI_dropbearkey -DDBMULTI_scp -DDROPBEAR_MULTI -I./ -Wall -Wsign-compare -Wextra -Wshadow -Wdeclaration-after-statement -Wbad-function-cast -Wcast-align -Wstrict-prototypes -Wpointer-arith -Wsystem-headers -O3 -funroll-loops -fomit-frame-pointer bn_mp_read_radix.c -o bn_mp_read_radix.o
In file included from tommath.h:9,
                 from tommath_private.h:7,
                 from bn_mp_rand.c:1:
/usr/lib/gcc-cross/aarch64-linux-gnu/15/include/limits.h:200:10: warning: ‘__STDC_VERSION_LIMITS_H__’ redefined
  200 | # define __STDC_VERSION_LIMITS_H__      202311L
      |          ^~~~~~~~~~~~~~~~~~~~~~~~~
In file included from /usr/lib/gcc-cross/aarch64-linux-gnu/15/include/limits.h:210,
                 from /usr/lib/gcc-cross/aarch64-linux-gnu/15/include/syslimits.h:9,
                 from /usr/lib/gcc-cross/aarch64-linux-gnu/15/include/limits.h:34:
/usr/aarch64-linux-gnu/include/limits.h:192:11: note: this is the location of the previous definition
  192 | #  define __STDC_VERSION_LIMITS_H__ 202311L
      |           ^~~~~~~~~~~~~~~~~~~~~~~~~
aarch64-linux-gnu-gcc -Isrc/headers/ -I./src/headers/ -I../ -I./../src -DLTC_SOURCE -I../libtommath/ -I./../libtommath/ -D_FORTIFY_SOURCE=2 -fstack-protector-strong -Wundef -fno-strict-overflow -Wno-pointer-sign -Os -W -Wall  -I./src/../libtomcrypt/src/headers/ -DLOCALOPTIONS_H_EXISTS -I. -I./src -DDROPBEAR_SERVER -DDBMULTI_dropbear -DDBMULTI_dropbearkey -DDBMULTI_scp -DDROPBEAR_MULTI -c src/mac/f9/f9_init.c -o src/mac/f9/f9_init.o
aarch64-linux-gnu-gcc -c -D_FORTIFY_SOURCE=2 -fstack-protector-strong -Wundef -fno-strict-overflow -Wno-pointer-sign -Os -W -Wall  -I. -I../libtomcrypt/src/headers/ -I./../libtomcrypt/src/headers/ -I../ -I./../src -Wno-deprecated -I./src/../libtomcrypt/src/headers/ -DLOCALOPTIONS_H_EXISTS -I. -I./src -DDROPBEAR_SERVER -DDBMULTI_dropbear -DDBMULTI_dropbearkey -DDBMULTI_scp -DDROPBEAR_MULTI -I./ -Wall -Wsign-compare -Wextra -Wshadow -Wdeclaration-after-statement -Wbad-function-cast -Wcast-align -Wstrict-prototypes -Wpointer-arith -Wsystem-headers -O3 -funroll-loops -fomit-frame-pointer bn_mp_reduce.c -o bn_mp_reduce.o
In file included from tommath.h:9,
                 from tommath_private.h:7,
                 from bn_mp_read_radix.c:1:
/usr/lib/gcc-cross/aarch64-linux-gnu/15/include/limits.h:200:10: warning: ‘__STDC_VERSION_LIMITS_H__’ redefined
  200 | # define __STDC_VERSION_LIMITS_H__      202311L
      |          ^~~~~~~~~~~~~~~~~~~~~~~~~
In file included from /usr/lib/gcc-cross/aarch64-linux-gnu/15/include/limits.h:210,
                 from /usr/lib/gcc-cross/aarch64-linux-gnu/15/include/syslimits.h:9,
                 from /usr/lib/gcc-cross/aarch64-linux-gnu/15/include/limits.h:34:
/usr/aarch64-linux-gnu/include/limits.h:192:11: note: this is the location of the previous definition
  192 | #  define __STDC_VERSION_LIMITS_H__ 202311L
      |           ^~~~~~~~~~~~~~~~~~~~~~~~~
aarch64-linux-gnu-gcc -c -D_FORTIFY_SOURCE=2 -fstack-protector-strong -Wundef -fno-strict-overflow -Wno-pointer-sign -Os -W -Wall  -I. -I../libtomcrypt/src/headers/ -I./../libtomcrypt/src/headers/ -I../ -I./../src -Wno-deprecated -I./src/../libtomcrypt/src/headers/ -DLOCALOPTIONS_H_EXISTS -I. -I./src -DDROPBEAR_SERVER -DDBMULTI_dropbear -DDBMULTI_dropbearkey -DDBMULTI_scp -DDROPBEAR_MULTI -I./ -Wall -Wsign-compare -Wextra -Wshadow -Wdeclaration-after-statement -Wbad-function-cast -Wcast-align -Wstrict-prototypes -Wpointer-arith -Wsystem-headers -O3 -funroll-loops -fomit-frame-pointer bn_mp_reduce_2k.c -o bn_mp_reduce_2k.o
aarch64-linux-gnu-gcc -c -D_FORTIFY_SOURCE=2 -fstack-protector-strong -Wundef -fno-strict-overflow -Wno-pointer-sign -Os -W -Wall  -I. -I../libtomcrypt/src/headers/ -I./../libtomcrypt/src/headers/ -I../ -I./../src -Wno-deprecated -I./src/../libtomcrypt/src/headers/ -DLOCALOPTIONS_H_EXISTS -I. -I./src -DDROPBEAR_SERVER -DDBMULTI_dropbear -DDBMULTI_dropbearkey -DDBMULTI_scp -DDROPBEAR_MULTI -I./ -Wall -Wsign-compare -Wextra -Wshadow -Wdeclaration-after-statement -Wbad-function-cast -Wcast-align -Wstrict-prototypes -Wpointer-arith -Wsystem-headers -O3 -funroll-loops -fomit-frame-pointer bn_mp_reduce_2k_l.c -o bn_mp_reduce_2k_l.o
aarch64-linux-gnu-gcc -Isrc/headers/ -I./src/headers/ -I../ -I./../src -DLTC_SOURCE -I../libtommath/ -I./../libtommath/ -D_FORTIFY_SOURCE=2 -fstack-protector-strong -Wundef -fno-strict-overflow -Wno-pointer-sign -Os -W -Wall  -I./src/../libtomcrypt/src/headers/ -DLOCALOPTIONS_H_EXISTS -I. -I./src -DDROPBEAR_SERVER -DDBMULTI_dropbear -DDBMULTI_dropbearkey -DDBMULTI_scp -DDROPBEAR_MULTI -c src/mac/f9/f9_memory.c -o src/mac/f9/f9_memory.o
In file included from tommath.h:9,
                 from tommath_private.h:7,
                 from bn_mp_reduce.c:1:
/usr/lib/gcc-cross/aarch64-linux-gnu/15/include/limits.h:200:10: warning: ‘__STDC_VERSION_LIMITS_H__’ redefined
  200 | # define __STDC_VERSION_LIMITS_H__      202311L
      |          ^~~~~~~~~~~~~~~~~~~~~~~~~
In file included from /usr/lib/gcc-cross/aarch64-linux-gnu/15/include/limits.h:210,
                 from /usr/lib/gcc-cross/aarch64-linux-gnu/15/include/syslimits.h:9,
                 from /usr/lib/gcc-cross/aarch64-linux-gnu/15/include/limits.h:34:
/usr/aarch64-linux-gnu/include/limits.h:192:11: note: this is the location of the previous definition
  192 | #  define __STDC_VERSION_LIMITS_H__ 202311L
      |           ^~~~~~~~~~~~~~~~~~~~~~~~~
In file included from tommath.h:9,
                 from tommath_private.h:7,
                 from bn_mp_reduce_2k.c:1:
/usr/lib/gcc-cross/aarch64-linux-gnu/15/include/limits.h:200:10: warning: ‘__STDC_VERSION_LIMITS_H__’ redefined
  200 | # define __STDC_VERSION_LIMITS_H__      202311L
      |          ^~~~~~~~~~~~~~~~~~~~~~~~~
In file included from /usr/lib/gcc-cross/aarch64-linux-gnu/15/include/limits.h:210,
                 from /usr/lib/gcc-cross/aarch64-linux-gnu/15/include/syslimits.h:9,
                 from /usr/lib/gcc-cross/aarch64-linux-gnu/15/include/limits.h:34:
/usr/aarch64-linux-gnu/include/limits.h:192:11: note: this is the location of the previous definition
  192 | #  define __STDC_VERSION_LIMITS_H__ 202311L
      |           ^~~~~~~~~~~~~~~~~~~~~~~~~
aarch64-linux-gnu-gcc -Isrc/headers/ -I./src/headers/ -I../ -I./../src -DLTC_SOURCE -I../libtommath/ -I./../libtommath/ -D_FORTIFY_SOURCE=2 -fstack-protector-strong -Wundef -fno-strict-overflow -Wno-pointer-sign -Os -W -Wall  -I./src/../libtomcrypt/src/headers/ -DLOCALOPTIONS_H_EXISTS -I. -I./src -DDROPBEAR_SERVER -DDBMULTI_dropbear -DDBMULTI_dropbearkey -DDBMULTI_scp -DDROPBEAR_MULTI -c src/mac/f9/f9_memory_multi.c -o src/mac/f9/f9_memory_multi.o
In file included from tommath.h:9,
                 from tommath_private.h:7,
                 from bn_mp_reduce_2k_l.c:1:
/usr/lib/gcc-cross/aarch64-linux-gnu/15/include/limits.h:200:10: warning: ‘__STDC_VERSION_LIMITS_H__’ redefined
  200 | # define __STDC_VERSION_LIMITS_H__      202311L
      |          ^~~~~~~~~~~~~~~~~~~~~~~~~
In file included from /usr/lib/gcc-cross/aarch64-linux-gnu/15/include/limits.h:210,
                 from /usr/lib/gcc-cross/aarch64-linux-gnu/15/include/syslimits.h:9,
                 from /usr/lib/gcc-cross/aarch64-linux-gnu/15/include/limits.h:34:
/usr/aarch64-linux-gnu/include/limits.h:192:11: note: this is the location of the previous definition
  192 | #  define __STDC_VERSION_LIMITS_H__ 202311L
      |           ^~~~~~~~~~~~~~~~~~~~~~~~~
aarch64-linux-gnu-gcc -c -D_FORTIFY_SOURCE=2 -fstack-protector-strong -Wundef -fno-strict-overflow -Wno-pointer-sign -Os -W -Wall  -I. -I../libtomcrypt/src/headers/ -I./../libtomcrypt/src/headers/ -I../ -I./../src -Wno-deprecated -I./src/../libtomcrypt/src/headers/ -DLOCALOPTIONS_H_EXISTS -I. -I./src -DDROPBEAR_SERVER -DDBMULTI_dropbear -DDBMULTI_dropbearkey -DDBMULTI_scp -DDROPBEAR_MULTI -I./ -Wall -Wsign-compare -Wextra -Wshadow -Wdeclaration-after-statement -Wbad-function-cast -Wcast-align -Wstrict-prototypes -Wpointer-arith -Wsystem-headers -O3 -funroll-loops -fomit-frame-pointer bn_mp_reduce_2k_setup.c -o bn_mp_reduce_2k_setup.o
aarch64-linux-gnu-gcc -Isrc/headers/ -I./src/headers/ -I../ -I./../src -DLTC_SOURCE -I../libtommath/ -I./../libtommath/ -D_FORTIFY_SOURCE=2 -fstack-protector-strong -Wundef -fno-strict-overflow -Wno-pointer-sign -Os -W -Wall  -I./src/../libtomcrypt/src/headers/ -DLOCALOPTIONS_H_EXISTS -I. -I./src -DDROPBEAR_SERVER -DDBMULTI_dropbear -DDBMULTI_dropbearkey -DDBMULTI_scp -DDROPBEAR_MULTI -c src/mac/f9/f9_process.c -o src/mac/f9/f9_process.o
aarch64-linux-gnu-gcc -Isrc/headers/ -I./src/headers/ -I../ -I./../src -DLTC_SOURCE -I../libtommath/ -I./../libtommath/ -D_FORTIFY_SOURCE=2 -fstack-protector-strong -Wundef -fno-strict-overflow -Wno-pointer-sign -Os -W -Wall  -I./src/../libtomcrypt/src/headers/ -DLOCALOPTIONS_H_EXISTS -I. -I./src -DDROPBEAR_SERVER -DDBMULTI_dropbear -DDBMULTI_dropbearkey -DDBMULTI_scp -DDROPBEAR_MULTI -c src/mac/f9/f9_test.c -o src/mac/f9/f9_test.o
In file included from tommath.h:9,
                 from tommath_private.h:7,
                 from bn_mp_reduce_2k_setup.c:1:
/usr/lib/gcc-cross/aarch64-linux-gnu/15/include/limits.h:200:10: warning: ‘__STDC_VERSION_LIMITS_H__’ redefined
  200 | # define __STDC_VERSION_LIMITS_H__      202311L
      |          ^~~~~~~~~~~~~~~~~~~~~~~~~
aarch64-linux-gnu-gcc -Isrc/headers/ -I./src/headers/ -I../ -I./../src -DLTC_SOURCE -I../libtommath/ -I./../libtommath/ -D_FORTIFY_SOURCE=2 -fstack-protector-strong -Wundef -fno-strict-overflow -Wno-pointer-sign -Os -W -Wall  -I./src/../libtomcrypt/src/headers/ -DLOCALOPTIONS_H_EXISTS -I. -I./src -DDROPBEAR_SERVER -DDBMULTI_dropbear -DDBMULTI_dropbearkey -DDBMULTI_scp -DDROPBEAR_MULTI -c src/mac/hmac/hmac_done.c -o src/mac/hmac/hmac_done.o
In file included from /usr/lib/gcc-cross/aarch64-linux-gnu/15/include/limits.h:210,
                 from /usr/lib/gcc-cross/aarch64-linux-gnu/15/include/syslimits.h:9,
                 from /usr/lib/gcc-cross/aarch64-linux-gnu/15/include/limits.h:34:
/usr/aarch64-linux-gnu/include/limits.h:192:11: note: this is the location of the previous definition
  192 | #  define __STDC_VERSION_LIMITS_H__ 202311L
      |           ^~~~~~~~~~~~~~~~~~~~~~~~~
aarch64-linux-gnu-gcc -c -D_FORTIFY_SOURCE=2 -fstack-protector-strong -Wundef -fno-strict-overflow -Wno-pointer-sign -Os -W -Wall  -I. -I../libtomcrypt/src/headers/ -I./../libtomcrypt/src/headers/ -I../ -I./../src -Wno-deprecated -I./src/../libtomcrypt/src/headers/ -DLOCALOPTIONS_H_EXISTS -I. -I./src -DDROPBEAR_SERVER -DDBMULTI_dropbear -DDBMULTI_dropbearkey -DDBMULTI_scp -DDROPBEAR_MULTI -I./ -Wall -Wsign-compare -Wextra -Wshadow -Wdeclaration-after-statement -Wbad-function-cast -Wcast-align -Wstrict-prototypes -Wpointer-arith -Wsystem-headers -O3 -funroll-loops -fomit-frame-pointer bn_mp_reduce_2k_setup_l.c -o bn_mp_reduce_2k_setup_l.o
aarch64-linux-gnu-gcc -Isrc/headers/ -I./src/headers/ -I../ -I./../src -DLTC_SOURCE -I../libtommath/ -I./../libtommath/ -D_FORTIFY_SOURCE=2 -fstack-protector-strong -Wundef -fno-strict-overflow -Wno-pointer-sign -Os -W -Wall  -I./src/../libtomcrypt/src/headers/ -DLOCALOPTIONS_H_EXISTS -I. -I./src -DDROPBEAR_SERVER -DDBMULTI_dropbear -DDBMULTI_dropbearkey -DDBMULTI_scp -DDROPBEAR_MULTI -c src/mac/hmac/hmac_file.c -o src/mac/hmac/hmac_file.o
aarch64-linux-gnu-gcc -Isrc/headers/ -I./src/headers/ -I../ -I./../src -DLTC_SOURCE -I../libtommath/ -I./../libtommath/ -D_FORTIFY_SOURCE=2 -fstack-protector-strong -Wundef -fno-strict-overflow -Wno-pointer-sign -Os -W -Wall  -I./src/../libtomcrypt/src/headers/ -DLOCALOPTIONS_H_EXISTS -I. -I./src -DDROPBEAR_SERVER -DDBMULTI_dropbear -DDBMULTI_dropbearkey -DDBMULTI_scp -DDROPBEAR_MULTI -c src/mac/hmac/hmac_init.c -o src/mac/hmac/hmac_init.o
In file included from tommath.h:9,
                 from tommath_private.h:7,
                 from bn_mp_reduce_2k_setup_l.c:1:
/usr/lib/gcc-cross/aarch64-linux-gnu/15/include/limits.h:200:10: warning: ‘__STDC_VERSION_LIMITS_H__’ redefined
  200 | # define __STDC_VERSION_LIMITS_H__      202311L
      |          ^~~~~~~~~~~~~~~~~~~~~~~~~
In file included from /usr/lib/gcc-cross/aarch64-linux-gnu/15/include/limits.h:210,
                 from /usr/lib/gcc-cross/aarch64-linux-gnu/15/include/syslimits.h:9,
                 from /usr/lib/gcc-cross/aarch64-linux-gnu/15/include/limits.h:34:
/usr/aarch64-linux-gnu/include/limits.h:192:11: note: this is the location of the previous definition
  192 | #  define __STDC_VERSION_LIMITS_H__ 202311L
      |           ^~~~~~~~~~~~~~~~~~~~~~~~~
aarch64-linux-gnu-gcc -c -D_FORTIFY_SOURCE=2 -fstack-protector-strong -Wundef -fno-strict-overflow -Wno-pointer-sign -Os -W -Wall  -I. -I../libtomcrypt/src/headers/ -I./../libtomcrypt/src/headers/ -I../ -I./../src -Wno-deprecated -I./src/../libtomcrypt/src/headers/ -DLOCALOPTIONS_H_EXISTS -I. -I./src -DDROPBEAR_SERVER -DDBMULTI_dropbear -DDBMULTI_dropbearkey -DDBMULTI_scp -DDROPBEAR_MULTI -I./ -Wall -Wsign-compare -Wextra -Wshadow -Wdeclaration-after-statement -Wbad-function-cast -Wcast-align -Wstrict-prototypes -Wpointer-arith -Wsystem-headers -O3 -funroll-loops -fomit-frame-pointer bn_mp_reduce_is_2k.c -o bn_mp_reduce_is_2k.o
aarch64-linux-gnu-gcc -Isrc/headers/ -I./src/headers/ -I../ -I./../src -DLTC_SOURCE -I../libtommath/ -I./../libtommath/ -D_FORTIFY_SOURCE=2 -fstack-protector-strong -Wundef -fno-strict-overflow -Wno-pointer-sign -Os -W -Wall  -I./src/../libtomcrypt/src/headers/ -DLOCALOPTIONS_H_EXISTS -I. -I./src -DDROPBEAR_SERVER -DDBMULTI_dropbear -DDBMULTI_dropbearkey -DDBMULTI_scp -DDROPBEAR_MULTI -c src/mac/hmac/hmac_memory.c -o src/mac/hmac/hmac_memory.o
aarch64-linux-gnu-gcc -c -D_FORTIFY_SOURCE=2 -fstack-protector-strong -Wundef -fno-strict-overflow -Wno-pointer-sign -Os -W -Wall  -I. -I../libtomcrypt/src/headers/ -I./../libtomcrypt/src/headers/ -I../ -I./../src -Wno-deprecated -I./src/../libtomcrypt/src/headers/ -DLOCALOPTIONS_H_EXISTS -I. -I./src -DDROPBEAR_SERVER -DDBMULTI_dropbear -DDBMULTI_dropbearkey -DDBMULTI_scp -DDROPBEAR_MULTI -I./ -Wall -Wsign-compare -Wextra -Wshadow -Wdeclaration-after-statement -Wbad-function-cast -Wcast-align -Wstrict-prototypes -Wpointer-arith -Wsystem-headers -O3 -funroll-loops -fomit-frame-pointer bn_mp_reduce_is_2k_l.c -o bn_mp_reduce_is_2k_l.o
aarch64-linux-gnu-gcc -c -D_FORTIFY_SOURCE=2 -fstack-protector-strong -Wundef -fno-strict-overflow -Wno-pointer-sign -Os -W -Wall  -I. -I../libtomcrypt/src/headers/ -I./../libtomcrypt/src/headers/ -I../ -I./../src -Wno-deprecated -I./src/../libtomcrypt/src/headers/ -DLOCALOPTIONS_H_EXISTS -I. -I./src -DDROPBEAR_SERVER -DDBMULTI_dropbear -DDBMULTI_dropbearkey -DDBMULTI_scp -DDROPBEAR_MULTI -I./ -Wall -Wsign-compare -Wextra -Wshadow -Wdeclaration-after-statement -Wbad-function-cast -Wcast-align -Wstrict-prototypes -Wpointer-arith -Wsystem-headers -O3 -funroll-loops -fomit-frame-pointer bn_mp_reduce_setup.c -o bn_mp_reduce_setup.o
aarch64-linux-gnu-gcc -Isrc/headers/ -I./src/headers/ -I../ -I./../src -DLTC_SOURCE -I../libtommath/ -I./../libtommath/ -D_FORTIFY_SOURCE=2 -fstack-protector-strong -Wundef -fno-strict-overflow -Wno-pointer-sign -Os -W -Wall  -I./src/../libtomcrypt/src/headers/ -DLOCALOPTIONS_H_EXISTS -I. -I./src -DDROPBEAR_SERVER -DDBMULTI_dropbear -DDBMULTI_dropbearkey -DDBMULTI_scp -DDROPBEAR_MULTI -c src/mac/hmac/hmac_memory_multi.c -o src/mac/hmac/hmac_memory_multi.o
aarch64-linux-gnu-gcc -Isrc/headers/ -I./src/headers/ -I../ -I./../src -DLTC_SOURCE -I../libtommath/ -I./../libtommath/ -D_FORTIFY_SOURCE=2 -fstack-protector-strong -Wundef -fno-strict-overflow -Wno-pointer-sign -Os -W -Wall  -I./src/../libtomcrypt/src/headers/ -DLOCALOPTIONS_H_EXISTS -I. -I./src -DDROPBEAR_SERVER -DDBMULTI_dropbear -DDBMULTI_dropbearkey -DDBMULTI_scp -DDROPBEAR_MULTI -c src/mac/hmac/hmac_process.c -o src/mac/hmac/hmac_process.o
aarch64-linux-gnu-gcc -c -D_FORTIFY_SOURCE=2 -fstack-protector-strong -Wundef -fno-strict-overflow -Wno-pointer-sign -Os -W -Wall  -I. -I../libtomcrypt/src/headers/ -I./../libtomcrypt/src/headers/ -I../ -I./../src -Wno-deprecated -I./src/../libtomcrypt/src/headers/ -DLOCALOPTIONS_H_EXISTS -I. -I./src -DDROPBEAR_SERVER -DDBMULTI_dropbear -DDBMULTI_dropbearkey -DDBMULTI_scp -DDROPBEAR_MULTI -I./ -Wall -Wsign-compare -Wextra -Wshadow -Wdeclaration-after-statement -Wbad-function-cast -Wcast-align -Wstrict-prototypes -Wpointer-arith -Wsystem-headers -O3 -funroll-loops -fomit-frame-pointer bn_mp_root_u32.c -o bn_mp_root_u32.o
aarch64-linux-gnu-gcc -Isrc/headers/ -I./src/headers/ -I../ -I./../src -DLTC_SOURCE -I../libtommath/ -I./../libtommath/ -D_FORTIFY_SOURCE=2 -fstack-protector-strong -Wundef -fno-strict-overflow -Wno-pointer-sign -Os -W -Wall  -I./src/../libtomcrypt/src/headers/ -DLOCALOPTIONS_H_EXISTS -I. -I./src -DDROPBEAR_SERVER -DDBMULTI_dropbear -DDBMULTI_dropbearkey -DDBMULTI_scp -DDROPBEAR_MULTI -c src/mac/hmac/hmac_test.c -o src/mac/hmac/hmac_test.o
In file included from tommath.h:9,
                 from tommath_private.h:7,
                 from bn_mp_reduce_is_2k.c:1:
/usr/lib/gcc-cross/aarch64-linux-gnu/15/include/limits.h:200:10: warning: ‘__STDC_VERSION_LIMITS_H__’ redefined
  200 | # define __STDC_VERSION_LIMITS_H__      202311L
      |          ^~~~~~~~~~~~~~~~~~~~~~~~~
In file included from /usr/lib/gcc-cross/aarch64-linux-gnu/15/include/limits.h:210,
                 from /usr/lib/gcc-cross/aarch64-linux-gnu/15/include/syslimits.h:9,
                 from /usr/lib/gcc-cross/aarch64-linux-gnu/15/include/limits.h:34:
/usr/aarch64-linux-gnu/include/limits.h:192:11: note: this is the location of the previous definition
  192 | #  define __STDC_VERSION_LIMITS_H__ 202311L
      |           ^~~~~~~~~~~~~~~~~~~~~~~~~
In file included from tommath.h:9,
                 from tommath_private.h:7,
                 from bn_mp_reduce_is_2k_l.c:1:
/usr/lib/gcc-cross/aarch64-linux-gnu/15/include/limits.h:200:10: warning: ‘__STDC_VERSION_LIMITS_H__’ redefined
  200 | # define __STDC_VERSION_LIMITS_H__      202311L
      |          ^~~~~~~~~~~~~~~~~~~~~~~~~
In file included from /usr/lib/gcc-cross/aarch64-linux-gnu/15/include/limits.h:210,
                 from /usr/lib/gcc-cross/aarch64-linux-gnu/15/include/syslimits.h:9,
                 from /usr/lib/gcc-cross/aarch64-linux-gnu/15/include/limits.h:34:
/usr/aarch64-linux-gnu/include/limits.h:192:11: note: this is the location of the previous definition
  192 | #  define __STDC_VERSION_LIMITS_H__ 202311L
      |           ^~~~~~~~~~~~~~~~~~~~~~~~~
In file included from tommath.h:9,
                 from tommath_private.h:7,
                 from bn_mp_reduce_setup.c:1:
/usr/lib/gcc-cross/aarch64-linux-gnu/15/include/limits.h:200:10: warning: ‘__STDC_VERSION_LIMITS_H__’ redefined
  200 | # define __STDC_VERSION_LIMITS_H__      202311L
      |          ^~~~~~~~~~~~~~~~~~~~~~~~~
In file included from /usr/lib/gcc-cross/aarch64-linux-gnu/15/include/limits.h:210,
                 from /usr/lib/gcc-cross/aarch64-linux-gnu/15/include/syslimits.h:9,
                 from /usr/lib/gcc-cross/aarch64-linux-gnu/15/include/limits.h:34:
/usr/aarch64-linux-gnu/include/limits.h:192:11: note: this is the location of the previous definition
  192 | #  define __STDC_VERSION_LIMITS_H__ 202311L
      |           ^~~~~~~~~~~~~~~~~~~~~~~~~
In file included from tommath.h:9,
                 from tommath_private.h:7,
                 from bn_mp_root_u32.c:1:
/usr/lib/gcc-cross/aarch64-linux-gnu/15/include/limits.h:200:10: warning: ‘__STDC_VERSION_LIMITS_H__’ redefined
  200 | # define __STDC_VERSION_LIMITS_H__      202311L
      |          ^~~~~~~~~~~~~~~~~~~~~~~~~
In file included from /usr/lib/gcc-cross/aarch64-linux-gnu/15/include/limits.h:210,
                 from /usr/lib/gcc-cross/aarch64-linux-gnu/15/include/syslimits.h:9,
                 from /usr/lib/gcc-cross/aarch64-linux-gnu/15/include/limits.h:34:
/usr/aarch64-linux-gnu/include/limits.h:192:11: note: this is the location of the previous definition
  192 | #  define __STDC_VERSION_LIMITS_H__ 202311L
      |           ^~~~~~~~~~~~~~~~~~~~~~~~~
aarch64-linux-gnu-gcc -c -D_FORTIFY_SOURCE=2 -fstack-protector-strong -Wundef -fno-strict-overflow -Wno-pointer-sign -Os -W -Wall  -I. -I../libtomcrypt/src/headers/ -I./../libtomcrypt/src/headers/ -I../ -I./../src -Wno-deprecated -I./src/../libtomcrypt/src/headers/ -DLOCALOPTIONS_H_EXISTS -I. -I./src -DDROPBEAR_SERVER -DDBMULTI_dropbear -DDBMULTI_dropbearkey -DDBMULTI_scp -DDROPBEAR_MULTI -I./ -Wall -Wsign-compare -Wextra -Wshadow -Wdeclaration-after-statement -Wbad-function-cast -Wcast-align -Wstrict-prototypes -Wpointer-arith -Wsystem-headers -O3 -funroll-loops -fomit-frame-pointer bn_mp_rshd.c -o bn_mp_rshd.o
aarch64-linux-gnu-gcc -Isrc/headers/ -I./src/headers/ -I../ -I./../src -DLTC_SOURCE -I../libtommath/ -I./../libtommath/ -D_FORTIFY_SOURCE=2 -fstack-protector-strong -Wundef -fno-strict-overflow -Wno-pointer-sign -Os -W -Wall  -I./src/../libtomcrypt/src/headers/ -DLOCALOPTIONS_H_EXISTS -I. -I./src -DDROPBEAR_SERVER -DDBMULTI_dropbear -DDBMULTI_dropbearkey -DDBMULTI_scp -DDROPBEAR_MULTI -c src/mac/omac/omac_done.c -o src/mac/omac/omac_done.o
In file included from tommath.h:9,
                 from tommath_private.h:7,
                 from bn_mp_rshd.c:1:
/usr/lib/gcc-cross/aarch64-linux-gnu/15/include/limits.h:200:10: warning: ‘__STDC_VERSION_LIMITS_H__’ redefined
  200 | # define __STDC_VERSION_LIMITS_H__      202311L
      |          ^~~~~~~~~~~~~~~~~~~~~~~~~
In file included from /usr/lib/gcc-cross/aarch64-linux-gnu/15/include/limits.h:210,
                 from /usr/lib/gcc-cross/aarch64-linux-gnu/15/include/syslimits.h:9,
                 from /usr/lib/gcc-cross/aarch64-linux-gnu/15/include/limits.h:34:
/usr/aarch64-linux-gnu/include/limits.h:192:11: note: this is the location of the previous definition
  192 | #  define __STDC_VERSION_LIMITS_H__ 202311L
      |           ^~~~~~~~~~~~~~~~~~~~~~~~~
aarch64-linux-gnu-gcc -Isrc/headers/ -I./src/headers/ -I../ -I./../src -DLTC_SOURCE -I../libtommath/ -I./../libtommath/ -D_FORTIFY_SOURCE=2 -fstack-protector-strong -Wundef -fno-strict-overflow -Wno-pointer-sign -Os -W -Wall  -I./src/../libtomcrypt/src/headers/ -DLOCALOPTIONS_H_EXISTS -I. -I./src -DDROPBEAR_SERVER -DDBMULTI_dropbear -DDBMULTI_dropbearkey -DDBMULTI_scp -DDROPBEAR_MULTI -c src/mac/omac/omac_file.c -o src/mac/omac/omac_file.o
aarch64-linux-gnu-gcc -Isrc/headers/ -I./src/headers/ -I../ -I./../src -DLTC_SOURCE -I../libtommath/ -I./../libtommath/ -D_FORTIFY_SOURCE=2 -fstack-protector-strong -Wundef -fno-strict-overflow -Wno-pointer-sign -Os -W -Wall  -I./src/../libtomcrypt/src/headers/ -DLOCALOPTIONS_H_EXISTS -I. -I./src -DDROPBEAR_SERVER -DDBMULTI_dropbear -DDBMULTI_dropbearkey -DDBMULTI_scp -DDROPBEAR_MULTI -c src/mac/omac/omac_init.c -o src/mac/omac/omac_init.o
aarch64-linux-gnu-gcc -Isrc/headers/ -I./src/headers/ -I../ -I./../src -DLTC_SOURCE -I../libtommath/ -I./../libtommath/ -D_FORTIFY_SOURCE=2 -fstack-protector-strong -Wundef -fno-strict-overflow -Wno-pointer-sign -Os -W -Wall  -I./src/../libtomcrypt/src/headers/ -DLOCALOPTIONS_H_EXISTS -I. -I./src -DDROPBEAR_SERVER -DDBMULTI_dropbear -DDBMULTI_dropbearkey -DDBMULTI_scp -DDROPBEAR_MULTI -c src/mac/omac/omac_memory.c -o src/mac/omac/omac_memory.o
aarch64-linux-gnu-gcc -c -D_FORTIFY_SOURCE=2 -fstack-protector-strong -Wundef -fno-strict-overflow -Wno-pointer-sign -Os -W -Wall  -I. -I../libtomcrypt/src/headers/ -I./../libtomcrypt/src/headers/ -I../ -I./../src -Wno-deprecated -I./src/../libtomcrypt/src/headers/ -DLOCALOPTIONS_H_EXISTS -I. -I./src -DDROPBEAR_SERVER -DDBMULTI_dropbear -DDBMULTI_dropbearkey -DDBMULTI_scp -DDROPBEAR_MULTI -I./ -Wall -Wsign-compare -Wextra -Wshadow -Wdeclaration-after-statement -Wbad-function-cast -Wcast-align -Wstrict-prototypes -Wpointer-arith -Wsystem-headers -O3 -funroll-loops -fomit-frame-pointer bn_mp_sbin_size.c -o bn_mp_sbin_size.o
aarch64-linux-gnu-gcc -Isrc/headers/ -I./src/headers/ -I../ -I./../src -DLTC_SOURCE -I../libtommath/ -I./../libtommath/ -D_FORTIFY_SOURCE=2 -fstack-protector-strong -Wundef -fno-strict-overflow -Wno-pointer-sign -Os -W -Wall  -I./src/../libtomcrypt/src/headers/ -DLOCALOPTIONS_H_EXISTS -I. -I./src -DDROPBEAR_SERVER -DDBMULTI_dropbear -DDBMULTI_dropbearkey -DDBMULTI_scp -DDROPBEAR_MULTI -c src/mac/omac/omac_memory_multi.c -o src/mac/omac/omac_memory_multi.o
aarch64-linux-gnu-gcc -c -D_FORTIFY_SOURCE=2 -fstack-protector-strong -Wundef -fno-strict-overflow -Wno-pointer-sign -Os -W -Wall  -I. -I../libtomcrypt/src/headers/ -I./../libtomcrypt/src/headers/ -I../ -I./../src -Wno-deprecated -I./src/../libtomcrypt/src/headers/ -DLOCALOPTIONS_H_EXISTS -I. -I./src -DDROPBEAR_SERVER -DDBMULTI_dropbear -DDBMULTI_dropbearkey -DDBMULTI_scp -DDROPBEAR_MULTI -I./ -Wall -Wsign-compare -Wextra -Wshadow -Wdeclaration-after-statement -Wbad-function-cast -Wcast-align -Wstrict-prototypes -Wpointer-arith -Wsystem-headers -O3 -funroll-loops -fomit-frame-pointer bn_mp_set.c -o bn_mp_set.o
aarch64-linux-gnu-gcc -c -D_FORTIFY_SOURCE=2 -fstack-protector-strong -Wundef -fno-strict-overflow -Wno-pointer-sign -Os -W -Wall  -I. -I../libtomcrypt/src/headers/ -I./../libtomcrypt/src/headers/ -I../ -I./../src -Wno-deprecated -I./src/../libtomcrypt/src/headers/ -DLOCALOPTIONS_H_EXISTS -I. -I./src -DDROPBEAR_SERVER -DDBMULTI_dropbear -DDBMULTI_dropbearkey -DDBMULTI_scp -DDROPBEAR_MULTI -I./ -Wall -Wsign-compare -Wextra -Wshadow -Wdeclaration-after-statement -Wbad-function-cast -Wcast-align -Wstrict-prototypes -Wpointer-arith -Wsystem-headers -O3 -funroll-loops -fomit-frame-pointer bn_mp_set_i32.c -o bn_mp_set_i32.o
In file included from tommath.h:9,
                 from tommath_private.h:7,
                 from bn_mp_sbin_size.c:1:
/usr/lib/gcc-cross/aarch64-linux-gnu/15/include/limits.h:200:10: warning: ‘__STDC_VERSION_LIMITS_H__’ redefined
  200 | # define __STDC_VERSION_LIMITS_H__      202311L
      |          ^~~~~~~~~~~~~~~~~~~~~~~~~
In file included from /usr/lib/gcc-cross/aarch64-linux-gnu/15/include/limits.h:210,
                 from /usr/lib/gcc-cross/aarch64-linux-gnu/15/include/syslimits.h:9,
                 from /usr/lib/gcc-cross/aarch64-linux-gnu/15/include/limits.h:34:
/usr/aarch64-linux-gnu/include/limits.h:192:11: note: this is the location of the previous definition
  192 | #  define __STDC_VERSION_LIMITS_H__ 202311L
      |           ^~~~~~~~~~~~~~~~~~~~~~~~~
aarch64-linux-gnu-gcc -c -D_FORTIFY_SOURCE=2 -fstack-protector-strong -Wundef -fno-strict-overflow -Wno-pointer-sign -Os -W -Wall  -I. -I../libtomcrypt/src/headers/ -I./../libtomcrypt/src/headers/ -I../ -I./../src -Wno-deprecated -I./src/../libtomcrypt/src/headers/ -DLOCALOPTIONS_H_EXISTS -I. -I./src -DDROPBEAR_SERVER -DDBMULTI_dropbear -DDBMULTI_dropbearkey -DDBMULTI_scp -DDROPBEAR_MULTI -I./ -Wall -Wsign-compare -Wextra -Wshadow -Wdeclaration-after-statement -Wbad-function-cast -Wcast-align -Wstrict-prototypes -Wpointer-arith -Wsystem-headers -O3 -funroll-loops -fomit-frame-pointer bn_mp_set_i64.c -o bn_mp_set_i64.o
aarch64-linux-gnu-gcc -c -D_FORTIFY_SOURCE=2 -fstack-protector-strong -Wundef -fno-strict-overflow -Wno-pointer-sign -Os -W -Wall  -I. -I../libtomcrypt/src/headers/ -I./../libtomcrypt/src/headers/ -I../ -I./../src -Wno-deprecated -I./src/../libtomcrypt/src/headers/ -DLOCALOPTIONS_H_EXISTS -I. -I./src -DDROPBEAR_SERVER -DDBMULTI_dropbear -DDBMULTI_dropbearkey -DDBMULTI_scp -DDROPBEAR_MULTI -I./ -Wall -Wsign-compare -Wextra -Wshadow -Wdeclaration-after-statement -Wbad-function-cast -Wcast-align -Wstrict-prototypes -Wpointer-arith -Wsystem-headers -O3 -funroll-loops -fomit-frame-pointer bn_mp_set_l.c -o bn_mp_set_l.o
aarch64-linux-gnu-gcc -Isrc/headers/ -I./src/headers/ -I../ -I./../src -DLTC_SOURCE -I../libtommath/ -I./../libtommath/ -D_FORTIFY_SOURCE=2 -fstack-protector-strong -Wundef -fno-strict-overflow -Wno-pointer-sign -Os -W -Wall  -I./src/../libtomcrypt/src/headers/ -DLOCALOPTIONS_H_EXISTS -I. -I./src -DDROPBEAR_SERVER -DDBMULTI_dropbear -DDBMULTI_dropbearkey -DDBMULTI_scp -DDROPBEAR_MULTI -c src/mac/omac/omac_process.c -o src/mac/omac/omac_process.o
In file included from tommath.h:9,
                 from tommath_private.h:7,
                 from bn_mp_set_i32.c:1:
/usr/lib/gcc-cross/aarch64-linux-gnu/15/include/limits.h:200:10: warning: ‘__STDC_VERSION_LIMITS_H__’ redefined
  200 | # define __STDC_VERSION_LIMITS_H__      202311L
      |          ^~~~~~~~~~~~~~~~~~~~~~~~~
In file included from /usr/lib/gcc-cross/aarch64-linux-gnu/15/include/limits.h:210,
                 from /usr/lib/gcc-cross/aarch64-linux-gnu/15/include/syslimits.h:9,
                 from /usr/lib/gcc-cross/aarch64-linux-gnu/15/include/limits.h:34:
/usr/aarch64-linux-gnu/include/limits.h:192:11: note: this is the location of the previous definition
  192 | #  define __STDC_VERSION_LIMITS_H__ 202311L
      |           ^~~~~~~~~~~~~~~~~~~~~~~~~
In file included from tommath.h:9,
                 from tommath_private.h:7,
                 from bn_mp_set.c:1:
/usr/lib/gcc-cross/aarch64-linux-gnu/15/include/limits.h:200:10: warning: ‘__STDC_VERSION_LIMITS_H__’ redefined
  200 | # define __STDC_VERSION_LIMITS_H__      202311L
      |          ^~~~~~~~~~~~~~~~~~~~~~~~~
In file included from /usr/lib/gcc-cross/aarch64-linux-gnu/15/include/limits.h:210,
                 from /usr/lib/gcc-cross/aarch64-linux-gnu/15/include/syslimits.h:9,
                 from /usr/lib/gcc-cross/aarch64-linux-gnu/15/include/limits.h:34:
/usr/aarch64-linux-gnu/include/limits.h:192:11: note: this is the location of the previous definition
  192 | #  define __STDC_VERSION_LIMITS_H__ 202311L
      |           ^~~~~~~~~~~~~~~~~~~~~~~~~
aarch64-linux-gnu-gcc -Isrc/headers/ -I./src/headers/ -I../ -I./../src -DLTC_SOURCE -I../libtommath/ -I./../libtommath/ -D_FORTIFY_SOURCE=2 -fstack-protector-strong -Wundef -fno-strict-overflow -Wno-pointer-sign -Os -W -Wall  -I./src/../libtomcrypt/src/headers/ -DLOCALOPTIONS_H_EXISTS -I. -I./src -DDROPBEAR_SERVER -DDBMULTI_dropbear -DDBMULTI_dropbearkey -DDBMULTI_scp -DDROPBEAR_MULTI -c src/mac/omac/omac_test.c -o src/mac/omac/omac_test.o
In file included from tommath.h:9,
                 from tommath_private.h:7,
                 from bn_mp_set_i64.c:1:
/usr/lib/gcc-cross/aarch64-linux-gnu/15/include/limits.h:200:10: warning: ‘__STDC_VERSION_LIMITS_H__’ redefined
  200 | # define __STDC_VERSION_LIMITS_H__      202311L
      |          ^~~~~~~~~~~~~~~~~~~~~~~~~
In file included from /usr/lib/gcc-cross/aarch64-linux-gnu/15/include/limits.h:210,
                 from /usr/lib/gcc-cross/aarch64-linux-gnu/15/include/syslimits.h:9,
                 from /usr/lib/gcc-cross/aarch64-linux-gnu/15/include/limits.h:34:
/usr/aarch64-linux-gnu/include/limits.h:192:11: note: this is the location of the previous definition
  192 | #  define __STDC_VERSION_LIMITS_H__ 202311L
      |           ^~~~~~~~~~~~~~~~~~~~~~~~~
aarch64-linux-gnu-gcc -Isrc/headers/ -I./src/headers/ -I../ -I./../src -DLTC_SOURCE -I../libtommath/ -I./../libtommath/ -D_FORTIFY_SOURCE=2 -fstack-protector-strong -Wundef -fno-strict-overflow -Wno-pointer-sign -Os -W -Wall  -I./src/../libtomcrypt/src/headers/ -DLOCALOPTIONS_H_EXISTS -I. -I./src -DDROPBEAR_SERVER -DDBMULTI_dropbear -DDBMULTI_dropbearkey -DDBMULTI_scp -DDROPBEAR_MULTI -c src/mac/pelican/pelican.c -o src/mac/pelican/pelican.o
aarch64-linux-gnu-gcc -c -D_FORTIFY_SOURCE=2 -fstack-protector-strong -Wundef -fno-strict-overflow -Wno-pointer-sign -Os -W -Wall  -I. -I../libtomcrypt/src/headers/ -I./../libtomcrypt/src/headers/ -I../ -I./../src -Wno-deprecated -I./src/../libtomcrypt/src/headers/ -DLOCALOPTIONS_H_EXISTS -I. -I./src -DDROPBEAR_SERVER -DDBMULTI_dropbear -DDBMULTI_dropbearkey -DDBMULTI_scp -DDROPBEAR_MULTI -I./ -Wall -Wsign-compare -Wextra -Wshadow -Wdeclaration-after-statement -Wbad-function-cast -Wcast-align -Wstrict-prototypes -Wpointer-arith -Wsystem-headers -O3 -funroll-loops -fomit-frame-pointer bn_mp_set_ll.c -o bn_mp_set_ll.o
In file included from tommath.h:9,
                 from tommath_private.h:7,
                 from bn_mp_set_l.c:1:
/usr/lib/gcc-cross/aarch64-linux-gnu/15/include/limits.h:200:10: warning: ‘__STDC_VERSION_LIMITS_H__’ redefined
  200 | # define __STDC_VERSION_LIMITS_H__      202311L
      |          ^~~~~~~~~~~~~~~~~~~~~~~~~
In file included from /usr/lib/gcc-cross/aarch64-linux-gnu/15/include/limits.h:210,
                 from /usr/lib/gcc-cross/aarch64-linux-gnu/15/include/syslimits.h:9,
                 from /usr/lib/gcc-cross/aarch64-linux-gnu/15/include/limits.h:34:
/usr/aarch64-linux-gnu/include/limits.h:192:11: note: this is the location of the previous definition
  192 | #  define __STDC_VERSION_LIMITS_H__ 202311L
      |           ^~~~~~~~~~~~~~~~~~~~~~~~~
aarch64-linux-gnu-gcc -c -D_FORTIFY_SOURCE=2 -fstack-protector-strong -Wundef -fno-strict-overflow -Wno-pointer-sign -Os -W -Wall  -I. -I../libtomcrypt/src/headers/ -I./../libtomcrypt/src/headers/ -I../ -I./../src -Wno-deprecated -I./src/../libtomcrypt/src/headers/ -DLOCALOPTIONS_H_EXISTS -I. -I./src -DDROPBEAR_SERVER -DDBMULTI_dropbear -DDBMULTI_dropbearkey -DDBMULTI_scp -DDROPBEAR_MULTI -I./ -Wall -Wsign-compare -Wextra -Wshadow -Wdeclaration-after-statement -Wbad-function-cast -Wcast-align -Wstrict-prototypes -Wpointer-arith -Wsystem-headers -O3 -funroll-loops -fomit-frame-pointer bn_mp_set_u32.c -o bn_mp_set_u32.o
aarch64-linux-gnu-gcc -Isrc/headers/ -I./src/headers/ -I../ -I./../src -DLTC_SOURCE -I../libtommath/ -I./../libtommath/ -D_FORTIFY_SOURCE=2 -fstack-protector-strong -Wundef -fno-strict-overflow -Wno-pointer-sign -Os -W -Wall  -I./src/../libtomcrypt/src/headers/ -DLOCALOPTIONS_H_EXISTS -I. -I./src -DDROPBEAR_SERVER -DDBMULTI_dropbear -DDBMULTI_dropbearkey -DDBMULTI_scp -DDROPBEAR_MULTI -c src/mac/pelican/pelican_memory.c -o src/mac/pelican/pelican_memory.o
aarch64-linux-gnu-gcc -c -D_FORTIFY_SOURCE=2 -fstack-protector-strong -Wundef -fno-strict-overflow -Wno-pointer-sign -Os -W -Wall  -I. -I../libtomcrypt/src/headers/ -I./../libtomcrypt/src/headers/ -I../ -I./../src -Wno-deprecated -I./src/../libtomcrypt/src/headers/ -DLOCALOPTIONS_H_EXISTS -I. -I./src -DDROPBEAR_SERVER -DDBMULTI_dropbear -DDBMULTI_dropbearkey -DDBMULTI_scp -DDROPBEAR_MULTI -I./ -Wall -Wsign-compare -Wextra -Wshadow -Wdeclaration-after-statement -Wbad-function-cast -Wcast-align -Wstrict-prototypes -Wpointer-arith -Wsystem-headers -O3 -funroll-loops -fomit-frame-pointer bn_mp_set_u64.c -o bn_mp_set_u64.o
aarch64-linux-gnu-gcc -c -D_FORTIFY_SOURCE=2 -fstack-protector-strong -Wundef -fno-strict-overflow -Wno-pointer-sign -Os -W -Wall  -I. -I../libtomcrypt/src/headers/ -I./../libtomcrypt/src/headers/ -I../ -I./../src -Wno-deprecated -I./src/../libtomcrypt/src/headers/ -DLOCALOPTIONS_H_EXISTS -I. -I./src -DDROPBEAR_SERVER -DDBMULTI_dropbear -DDBMULTI_dropbearkey -DDBMULTI_scp -DDROPBEAR_MULTI -I./ -Wall -Wsign-compare -Wextra -Wshadow -Wdeclaration-after-statement -Wbad-function-cast -Wcast-align -Wstrict-prototypes -Wpointer-arith -Wsystem-headers -O3 -funroll-loops -fomit-frame-pointer bn_mp_set_ul.c -o bn_mp_set_ul.o
In file included from tommath.h:9,
                 from tommath_private.h:7,
                 from bn_mp_set_ll.c:1:
/usr/lib/gcc-cross/aarch64-linux-gnu/15/include/limits.h:200:10: warning: ‘__STDC_VERSION_LIMITS_H__’ redefined
  200 | # define __STDC_VERSION_LIMITS_H__      202311L
      |          ^~~~~~~~~~~~~~~~~~~~~~~~~
In file included from /usr/lib/gcc-cross/aarch64-linux-gnu/15/include/limits.h:210,
                 from /usr/lib/gcc-cross/aarch64-linux-gnu/15/include/syslimits.h:9,
                 from /usr/lib/gcc-cross/aarch64-linux-gnu/15/include/limits.h:34:
/usr/aarch64-linux-gnu/include/limits.h:192:11: note: this is the location of the previous definition
  192 | #  define __STDC_VERSION_LIMITS_H__ 202311L
      |           ^~~~~~~~~~~~~~~~~~~~~~~~~
In file included from tommath.h:9,
                 from tommath_private.h:7,
                 from bn_mp_set_u32.c:1:
/usr/lib/gcc-cross/aarch64-linux-gnu/15/include/limits.h:200:10: warning: ‘__STDC_VERSION_LIMITS_H__’ redefined
  200 | # define __STDC_VERSION_LIMITS_H__      202311L
      |          ^~~~~~~~~~~~~~~~~~~~~~~~~
In file included from /usr/lib/gcc-cross/aarch64-linux-gnu/15/include/limits.h:210,
                 from /usr/lib/gcc-cross/aarch64-linux-gnu/15/include/syslimits.h:9,
                 from /usr/lib/gcc-cross/aarch64-linux-gnu/15/include/limits.h:34:
/usr/aarch64-linux-gnu/include/limits.h:192:11: note: this is the location of the previous definition
  192 | #  define __STDC_VERSION_LIMITS_H__ 202311L
      |           ^~~~~~~~~~~~~~~~~~~~~~~~~
aarch64-linux-gnu-gcc -Isrc/headers/ -I./src/headers/ -I../ -I./../src -DLTC_SOURCE -I../libtommath/ -I./../libtommath/ -D_FORTIFY_SOURCE=2 -fstack-protector-strong -Wundef -fno-strict-overflow -Wno-pointer-sign -Os -W -Wall  -I./src/../libtomcrypt/src/headers/ -DLOCALOPTIONS_H_EXISTS -I. -I./src -DDROPBEAR_SERVER -DDBMULTI_dropbear -DDBMULTI_dropbearkey -DDBMULTI_scp -DDROPBEAR_MULTI -c src/mac/pelican/pelican_test.c -o src/mac/pelican/pelican_test.o
In file included from tommath.h:9,
                 from tommath_private.h:7,
                 from bn_mp_set_u64.c:1:
/usr/lib/gcc-cross/aarch64-linux-gnu/15/include/limits.h:200:10: warning: ‘__STDC_VERSION_LIMITS_H__’ redefined
  200 | # define __STDC_VERSION_LIMITS_H__      202311L
      |          ^~~~~~~~~~~~~~~~~~~~~~~~~
aarch64-linux-gnu-gcc -c -D_FORTIFY_SOURCE=2 -fstack-protector-strong -Wundef -fno-strict-overflow -Wno-pointer-sign -Os -W -Wall  -I. -I../libtomcrypt/src/headers/ -I./../libtomcrypt/src/headers/ -I../ -I./../src -Wno-deprecated -I./src/../libtomcrypt/src/headers/ -DLOCALOPTIONS_H_EXISTS -I. -I./src -DDROPBEAR_SERVER -DDBMULTI_dropbear -DDBMULTI_dropbearkey -DDBMULTI_scp -DDROPBEAR_MULTI -I./ -Wall -Wsign-compare -Wextra -Wshadow -Wdeclaration-after-statement -Wbad-function-cast -Wcast-align -Wstrict-prototypes -Wpointer-arith -Wsystem-headers -O3 -funroll-loops -fomit-frame-pointer bn_mp_set_ull.c -o bn_mp_set_ull.o
In file included from /usr/lib/gcc-cross/aarch64-linux-gnu/15/include/limits.h:210,
                 from /usr/lib/gcc-cross/aarch64-linux-gnu/15/include/syslimits.h:9,
                 from /usr/lib/gcc-cross/aarch64-linux-gnu/15/include/limits.h:34:
/usr/aarch64-linux-gnu/include/limits.h:192:11: note: this is the location of the previous definition
  192 | #  define __STDC_VERSION_LIMITS_H__ 202311L
      |           ^~~~~~~~~~~~~~~~~~~~~~~~~
In file included from tommath.h:9,
                 from tommath_private.h:7,
                 from bn_mp_set_ul.c:1:
/usr/lib/gcc-cross/aarch64-linux-gnu/15/include/limits.h:200:10: warning: ‘__STDC_VERSION_LIMITS_H__’ redefined
  200 | # define __STDC_VERSION_LIMITS_H__      202311L
      |          ^~~~~~~~~~~~~~~~~~~~~~~~~
aarch64-linux-gnu-gcc -Isrc/headers/ -I./src/headers/ -I../ -I./../src -DLTC_SOURCE -I../libtommath/ -I./../libtommath/ -D_FORTIFY_SOURCE=2 -fstack-protector-strong -Wundef -fno-strict-overflow -Wno-pointer-sign -Os -W -Wall  -I./src/../libtomcrypt/src/headers/ -DLOCALOPTIONS_H_EXISTS -I. -I./src -DDROPBEAR_SERVER -DDBMULTI_dropbear -DDBMULTI_dropbearkey -DDBMULTI_scp -DDROPBEAR_MULTI -c src/mac/pmac/pmac_done.c -o src/mac/pmac/pmac_done.o
In file included from /usr/lib/gcc-cross/aarch64-linux-gnu/15/include/limits.h:210,
                 from /usr/lib/gcc-cross/aarch64-linux-gnu/15/include/syslimits.h:9,
                 from /usr/lib/gcc-cross/aarch64-linux-gnu/15/include/limits.h:34:
/usr/aarch64-linux-gnu/include/limits.h:192:11: note: this is the location of the previous definition
  192 | #  define __STDC_VERSION_LIMITS_H__ 202311L
      |           ^~~~~~~~~~~~~~~~~~~~~~~~~
aarch64-linux-gnu-gcc -c -D_FORTIFY_SOURCE=2 -fstack-protector-strong -Wundef -fno-strict-overflow -Wno-pointer-sign -Os -W -Wall  -I. -I../libtomcrypt/src/headers/ -I./../libtomcrypt/src/headers/ -I../ -I./../src -Wno-deprecated -I./src/../libtomcrypt/src/headers/ -DLOCALOPTIONS_H_EXISTS -I. -I./src -DDROPBEAR_SERVER -DDBMULTI_dropbear -DDBMULTI_dropbearkey -DDBMULTI_scp -DDROPBEAR_MULTI -I./ -Wall -Wsign-compare -Wextra -Wshadow -Wdeclaration-after-statement -Wbad-function-cast -Wcast-align -Wstrict-prototypes -Wpointer-arith -Wsystem-headers -O3 -funroll-loops -fomit-frame-pointer bn_mp_shrink.c -o bn_mp_shrink.o
aarch64-linux-gnu-gcc -c -D_FORTIFY_SOURCE=2 -fstack-protector-strong -Wundef -fno-strict-overflow -Wno-pointer-sign -Os -W -Wall  -I. -I../libtomcrypt/src/headers/ -I./../libtomcrypt/src/headers/ -I../ -I./../src -Wno-deprecated -I./src/../libtomcrypt/src/headers/ -DLOCALOPTIONS_H_EXISTS -I. -I./src -DDROPBEAR_SERVER -DDBMULTI_dropbear -DDBMULTI_dropbearkey -DDBMULTI_scp -DDROPBEAR_MULTI -I./ -Wall -Wsign-compare -Wextra -Wshadow -Wdeclaration-after-statement -Wbad-function-cast -Wcast-align -Wstrict-prototypes -Wpointer-arith -Wsystem-headers -O3 -funroll-loops -fomit-frame-pointer bn_mp_signed_rsh.c -o bn_mp_signed_rsh.o
aarch64-linux-gnu-gcc -Isrc/headers/ -I./src/headers/ -I../ -I./../src -DLTC_SOURCE -I../libtommath/ -I./../libtommath/ -D_FORTIFY_SOURCE=2 -fstack-protector-strong -Wundef -fno-strict-overflow -Wno-pointer-sign -Os -W -Wall  -I./src/../libtomcrypt/src/headers/ -DLOCALOPTIONS_H_EXISTS -I. -I./src -DDROPBEAR_SERVER -DDBMULTI_dropbear -DDBMULTI_dropbearkey -DDBMULTI_scp -DDROPBEAR_MULTI -c src/mac/pmac/pmac_file.c -o src/mac/pmac/pmac_file.o
In file included from tommath.h:9,
                 from tommath_private.h:7,
                 from bn_mp_set_ull.c:1:
/usr/lib/gcc-cross/aarch64-linux-gnu/15/include/limits.h:200:10: warning: ‘__STDC_VERSION_LIMITS_H__’ redefined
  200 | # define __STDC_VERSION_LIMITS_H__      202311L
      |          ^~~~~~~~~~~~~~~~~~~~~~~~~
In file included from /usr/lib/gcc-cross/aarch64-linux-gnu/15/include/limits.h:210,
                 from /usr/lib/gcc-cross/aarch64-linux-gnu/15/include/syslimits.h:9,
                 from /usr/lib/gcc-cross/aarch64-linux-gnu/15/include/limits.h:34:
/usr/aarch64-linux-gnu/include/limits.h:192:11: note: this is the location of the previous definition
  192 | #  define __STDC_VERSION_LIMITS_H__ 202311L
      |           ^~~~~~~~~~~~~~~~~~~~~~~~~
aarch64-linux-gnu-gcc -Isrc/headers/ -I./src/headers/ -I../ -I./../src -DLTC_SOURCE -I../libtommath/ -I./../libtommath/ -D_FORTIFY_SOURCE=2 -fstack-protector-strong -Wundef -fno-strict-overflow -Wno-pointer-sign -Os -W -Wall  -I./src/../libtomcrypt/src/headers/ -DLOCALOPTIONS_H_EXISTS -I. -I./src -DDROPBEAR_SERVER -DDBMULTI_dropbear -DDBMULTI_dropbearkey -DDBMULTI_scp -DDROPBEAR_MULTI -c src/mac/pmac/pmac_init.c -o src/mac/pmac/pmac_init.o
aarch64-linux-gnu-gcc -c -D_FORTIFY_SOURCE=2 -fstack-protector-strong -Wundef -fno-strict-overflow -Wno-pointer-sign -Os -W -Wall  -I. -I../libtomcrypt/src/headers/ -I./../libtomcrypt/src/headers/ -I../ -I./../src -Wno-deprecated -I./src/../libtomcrypt/src/headers/ -DLOCALOPTIONS_H_EXISTS -I. -I./src -DDROPBEAR_SERVER -DDBMULTI_dropbear -DDBMULTI_dropbearkey -DDBMULTI_scp -DDROPBEAR_MULTI -I./ -Wall -Wsign-compare -Wextra -Wshadow -Wdeclaration-after-statement -Wbad-function-cast -Wcast-align -Wstrict-prototypes -Wpointer-arith -Wsystem-headers -O3 -funroll-loops -fomit-frame-pointer bn_mp_sqr.c -o bn_mp_sqr.o
In file included from tommath.h:9,
                 from tommath_private.h:7,
                 from bn_mp_shrink.c:1:
/usr/lib/gcc-cross/aarch64-linux-gnu/15/include/limits.h:200:10: warning: ‘__STDC_VERSION_LIMITS_H__’ redefined
  200 | # define __STDC_VERSION_LIMITS_H__      202311L
      |          ^~~~~~~~~~~~~~~~~~~~~~~~~
In file included from /usr/lib/gcc-cross/aarch64-linux-gnu/15/include/limits.h:210,
                 from /usr/lib/gcc-cross/aarch64-linux-gnu/15/include/syslimits.h:9,
                 from /usr/lib/gcc-cross/aarch64-linux-gnu/15/include/limits.h:34:
/usr/aarch64-linux-gnu/include/limits.h:192:11: note: this is the location of the previous definition
  192 | #  define __STDC_VERSION_LIMITS_H__ 202311L
      |           ^~~~~~~~~~~~~~~~~~~~~~~~~
aarch64-linux-gnu-gcc -c -D_FORTIFY_SOURCE=2 -fstack-protector-strong -Wundef -fno-strict-overflow -Wno-pointer-sign -Os -W -Wall  -I. -I../libtomcrypt/src/headers/ -I./../libtomcrypt/src/headers/ -I../ -I./../src -Wno-deprecated -I./src/../libtomcrypt/src/headers/ -DLOCALOPTIONS_H_EXISTS -I. -I./src -DDROPBEAR_SERVER -DDBMULTI_dropbear -DDBMULTI_dropbearkey -DDBMULTI_scp -DDROPBEAR_MULTI -I./ -Wall -Wsign-compare -Wextra -Wshadow -Wdeclaration-after-statement -Wbad-function-cast -Wcast-align -Wstrict-prototypes -Wpointer-arith -Wsystem-headers -O3 -funroll-loops -fomit-frame-pointer bn_mp_sqrmod.c -o bn_mp_sqrmod.o
aarch64-linux-gnu-gcc -c -D_FORTIFY_SOURCE=2 -fstack-protector-strong -Wundef -fno-strict-overflow -Wno-pointer-sign -Os -W -Wall  -I. -I../libtomcrypt/src/headers/ -I./../libtomcrypt/src/headers/ -I../ -I./../src -Wno-deprecated -I./src/../libtomcrypt/src/headers/ -DLOCALOPTIONS_H_EXISTS -I. -I./src -DDROPBEAR_SERVER -DDBMULTI_dropbear -DDBMULTI_dropbearkey -DDBMULTI_scp -DDROPBEAR_MULTI -I./ -Wall -Wsign-compare -Wextra -Wshadow -Wdeclaration-after-statement -Wbad-function-cast -Wcast-align -Wstrict-prototypes -Wpointer-arith -Wsystem-headers -O3 -funroll-loops -fomit-frame-pointer bn_mp_sqrt.c -o bn_mp_sqrt.o
In file included from tommath.h:9,
                 from tommath_private.h:7,
                 from bn_mp_signed_rsh.c:1:
/usr/lib/gcc-cross/aarch64-linux-gnu/15/include/limits.h:200:10: warning: ‘__STDC_VERSION_LIMITS_H__’ redefined
  200 | # define __STDC_VERSION_LIMITS_H__      202311L
      |          ^~~~~~~~~~~~~~~~~~~~~~~~~
In file included from /usr/lib/gcc-cross/aarch64-linux-gnu/15/include/limits.h:210,
                 from /usr/lib/gcc-cross/aarch64-linux-gnu/15/include/syslimits.h:9,
                 from /usr/lib/gcc-cross/aarch64-linux-gnu/15/include/limits.h:34:
/usr/aarch64-linux-gnu/include/limits.h:192:11: note: this is the location of the previous definition
  192 | #  define __STDC_VERSION_LIMITS_H__ 202311L
      |           ^~~~~~~~~~~~~~~~~~~~~~~~~
In file included from tommath.h:9,
                 from tommath_private.h:7,
                 from bn_mp_sqr.c:1:
/usr/lib/gcc-cross/aarch64-linux-gnu/15/include/limits.h:200:10: warning: ‘__STDC_VERSION_LIMITS_H__’ redefined
  200 | # define __STDC_VERSION_LIMITS_H__      202311L
      |          ^~~~~~~~~~~~~~~~~~~~~~~~~
In file included from /usr/lib/gcc-cross/aarch64-linux-gnu/15/include/limits.h:210,
                 from /usr/lib/gcc-cross/aarch64-linux-gnu/15/include/syslimits.h:9,
                 from /usr/lib/gcc-cross/aarch64-linux-gnu/15/include/limits.h:34:
/usr/aarch64-linux-gnu/include/limits.h:192:11: note: this is the location of the previous definition
  192 | #  define __STDC_VERSION_LIMITS_H__ 202311L
      |           ^~~~~~~~~~~~~~~~~~~~~~~~~
In file included from tommath.h:9,
                 from tommath_private.h:7,
                 from bn_mp_sqrmod.c:1:
/usr/lib/gcc-cross/aarch64-linux-gnu/15/include/limits.h:200:10: warning: ‘__STDC_VERSION_LIMITS_H__’ redefined
  200 | # define __STDC_VERSION_LIMITS_H__      202311L
      |          ^~~~~~~~~~~~~~~~~~~~~~~~~
In file included from tommath.h:9,
                 from tommath_private.h:7,
                 from bn_mp_sqrt.c:1:
/usr/lib/gcc-cross/aarch64-linux-gnu/15/include/limits.h:200:10: warning: ‘__STDC_VERSION_LIMITS_H__’ redefined
  200 | # define __STDC_VERSION_LIMITS_H__      202311L
      |          ^~~~~~~~~~~~~~~~~~~~~~~~~
In file included from /usr/lib/gcc-cross/aarch64-linux-gnu/15/include/limits.h:210,
                 from /usr/lib/gcc-cross/aarch64-linux-gnu/15/include/syslimits.h:9,
                 from /usr/lib/gcc-cross/aarch64-linux-gnu/15/include/limits.h:34:
/usr/aarch64-linux-gnu/include/limits.h:192:11: note: this is the location of the previous definition
  192 | #  define __STDC_VERSION_LIMITS_H__ 202311L
      |           ^~~~~~~~~~~~~~~~~~~~~~~~~
aarch64-linux-gnu-gcc -Isrc/headers/ -I./src/headers/ -I../ -I./../src -DLTC_SOURCE -I../libtommath/ -I./../libtommath/ -D_FORTIFY_SOURCE=2 -fstack-protector-strong -Wundef -fno-strict-overflow -Wno-pointer-sign -Os -W -Wall  -I./src/../libtomcrypt/src/headers/ -DLOCALOPTIONS_H_EXISTS -I. -I./src -DDROPBEAR_SERVER -DDBMULTI_dropbear -DDBMULTI_dropbearkey -DDBMULTI_scp -DDROPBEAR_MULTI -c src/mac/pmac/pmac_memory.c -o src/mac/pmac/pmac_memory.o
In file included from /usr/lib/gcc-cross/aarch64-linux-gnu/15/include/limits.h:210,
                 from /usr/lib/gcc-cross/aarch64-linux-gnu/15/include/syslimits.h:9,
                 from /usr/lib/gcc-cross/aarch64-linux-gnu/15/include/limits.h:34:
/usr/aarch64-linux-gnu/include/limits.h:192:11: note: this is the location of the previous definition
  192 | #  define __STDC_VERSION_LIMITS_H__ 202311L
      |           ^~~~~~~~~~~~~~~~~~~~~~~~~
aarch64-linux-gnu-gcc -c -D_FORTIFY_SOURCE=2 -fstack-protector-strong -Wundef -fno-strict-overflow -Wno-pointer-sign -Os -W -Wall  -I. -I../libtomcrypt/src/headers/ -I./../libtomcrypt/src/headers/ -I../ -I./../src -Wno-deprecated -I./src/../libtomcrypt/src/headers/ -DLOCALOPTIONS_H_EXISTS -I. -I./src -DDROPBEAR_SERVER -DDBMULTI_dropbear -DDBMULTI_dropbearkey -DDBMULTI_scp -DDROPBEAR_MULTI -I./ -Wall -Wsign-compare -Wextra -Wshadow -Wdeclaration-after-statement -Wbad-function-cast -Wcast-align -Wstrict-prototypes -Wpointer-arith -Wsystem-headers -O3 -funroll-loops -fomit-frame-pointer bn_mp_sqrtmod_prime.c -o bn_mp_sqrtmod_prime.o
aarch64-linux-gnu-gcc -c -D_FORTIFY_SOURCE=2 -fstack-protector-strong -Wundef -fno-strict-overflow -Wno-pointer-sign -Os -W -Wall  -I. -I../libtomcrypt/src/headers/ -I./../libtomcrypt/src/headers/ -I../ -I./../src -Wno-deprecated -I./src/../libtomcrypt/src/headers/ -DLOCALOPTIONS_H_EXISTS -I. -I./src -DDROPBEAR_SERVER -DDBMULTI_dropbear -DDBMULTI_dropbearkey -DDBMULTI_scp -DDROPBEAR_MULTI -I./ -Wall -Wsign-compare -Wextra -Wshadow -Wdeclaration-after-statement -Wbad-function-cast -Wcast-align -Wstrict-prototypes -Wpointer-arith -Wsystem-headers -O3 -funroll-loops -fomit-frame-pointer bn_mp_sub.c -o bn_mp_sub.o
aarch64-linux-gnu-gcc -Isrc/headers/ -I./src/headers/ -I../ -I./../src -DLTC_SOURCE -I../libtommath/ -I./../libtommath/ -D_FORTIFY_SOURCE=2 -fstack-protector-strong -Wundef -fno-strict-overflow -Wno-pointer-sign -Os -W -Wall  -I./src/../libtomcrypt/src/headers/ -DLOCALOPTIONS_H_EXISTS -I. -I./src -DDROPBEAR_SERVER -DDBMULTI_dropbear -DDBMULTI_dropbearkey -DDBMULTI_scp -DDROPBEAR_MULTI -c src/mac/pmac/pmac_memory_multi.c -o src/mac/pmac/pmac_memory_multi.o
aarch64-linux-gnu-gcc -c -D_FORTIFY_SOURCE=2 -fstack-protector-strong -Wundef -fno-strict-overflow -Wno-pointer-sign -Os -W -Wall  -I. -I../libtomcrypt/src/headers/ -I./../libtomcrypt/src/headers/ -I../ -I./../src -Wno-deprecated -I./src/../libtomcrypt/src/headers/ -DLOCALOPTIONS_H_EXISTS -I. -I./src -DDROPBEAR_SERVER -DDBMULTI_dropbear -DDBMULTI_dropbearkey -DDBMULTI_scp -DDROPBEAR_MULTI -I./ -Wall -Wsign-compare -Wextra -Wshadow -Wdeclaration-after-statement -Wbad-function-cast -Wcast-align -Wstrict-prototypes -Wpointer-arith -Wsystem-headers -O3 -funroll-loops -fomit-frame-pointer bn_mp_sub_d.c -o bn_mp_sub_d.o
aarch64-linux-gnu-gcc -Isrc/headers/ -I./src/headers/ -I../ -I./../src -DLTC_SOURCE -I../libtommath/ -I./../libtommath/ -D_FORTIFY_SOURCE=2 -fstack-protector-strong -Wundef -fno-strict-overflow -Wno-pointer-sign -Os -W -Wall  -I./src/../libtomcrypt/src/headers/ -DLOCALOPTIONS_H_EXISTS -I. -I./src -DDROPBEAR_SERVER -DDBMULTI_dropbear -DDBMULTI_dropbearkey -DDBMULTI_scp -DDROPBEAR_MULTI -c src/mac/pmac/pmac_ntz.c -o src/mac/pmac/pmac_ntz.o
aarch64-linux-gnu-gcc -Isrc/headers/ -I./src/headers/ -I../ -I./../src -DLTC_SOURCE -I../libtommath/ -I./../libtommath/ -D_FORTIFY_SOURCE=2 -fstack-protector-strong -Wundef -fno-strict-overflow -Wno-pointer-sign -Os -W -Wall  -I./src/../libtomcrypt/src/headers/ -DLOCALOPTIONS_H_EXISTS -I. -I./src -DDROPBEAR_SERVER -DDBMULTI_dropbear -DDBMULTI_dropbearkey -DDBMULTI_scp -DDROPBEAR_MULTI -c src/mac/pmac/pmac_process.c -o src/mac/pmac/pmac_process.o
In file included from tommath.h:9,
                 from tommath_private.h:7,
                 from bn_mp_sqrtmod_prime.c:1:
/usr/lib/gcc-cross/aarch64-linux-gnu/15/include/limits.h:200:10: warning: ‘__STDC_VERSION_LIMITS_H__’ redefined
  200 | # define __STDC_VERSION_LIMITS_H__      202311L
      |          ^~~~~~~~~~~~~~~~~~~~~~~~~
In file included from tommath.h:9,
                 from tommath_private.h:7,
                 from bn_mp_sub.c:1:
/usr/lib/gcc-cross/aarch64-linux-gnu/15/include/limits.h:200:10: warning: ‘__STDC_VERSION_LIMITS_H__’ redefined
  200 | # define __STDC_VERSION_LIMITS_H__      202311L
      |          ^~~~~~~~~~~~~~~~~~~~~~~~~
In file included from /usr/lib/gcc-cross/aarch64-linux-gnu/15/include/limits.h:210,
                 from /usr/lib/gcc-cross/aarch64-linux-gnu/15/include/syslimits.h:9,
                 from /usr/lib/gcc-cross/aarch64-linux-gnu/15/include/limits.h:34:
/usr/aarch64-linux-gnu/include/limits.h:192:11: note: this is the location of the previous definition
  192 | #  define __STDC_VERSION_LIMITS_H__ 202311L
      |           ^~~~~~~~~~~~~~~~~~~~~~~~~
In file included from /usr/lib/gcc-cross/aarch64-linux-gnu/15/include/limits.h:210,
                 from /usr/lib/gcc-cross/aarch64-linux-gnu/15/include/syslimits.h:9,
                 from /usr/lib/gcc-cross/aarch64-linux-gnu/15/include/limits.h:34:
/usr/aarch64-linux-gnu/include/limits.h:192:11: note: this is the location of the previous definition
  192 | #  define __STDC_VERSION_LIMITS_H__ 202311L
      |           ^~~~~~~~~~~~~~~~~~~~~~~~~
aarch64-linux-gnu-gcc -c -D_FORTIFY_SOURCE=2 -fstack-protector-strong -Wundef -fno-strict-overflow -Wno-pointer-sign -Os -W -Wall  -I. -I../libtomcrypt/src/headers/ -I./../libtomcrypt/src/headers/ -I../ -I./../src -Wno-deprecated -I./src/../libtomcrypt/src/headers/ -DLOCALOPTIONS_H_EXISTS -I. -I./src -DDROPBEAR_SERVER -DDBMULTI_dropbear -DDBMULTI_dropbearkey -DDBMULTI_scp -DDROPBEAR_MULTI -I./ -Wall -Wsign-compare -Wextra -Wshadow -Wdeclaration-after-statement -Wbad-function-cast -Wcast-align -Wstrict-prototypes -Wpointer-arith -Wsystem-headers -O3 -funroll-loops -fomit-frame-pointer bn_mp_submod.c -o bn_mp_submod.o
aarch64-linux-gnu-gcc -Isrc/headers/ -I./src/headers/ -I../ -I./../src -DLTC_SOURCE -I../libtommath/ -I./../libtommath/ -D_FORTIFY_SOURCE=2 -fstack-protector-strong -Wundef -fno-strict-overflow -Wno-pointer-sign -Os -W -Wall  -I./src/../libtomcrypt/src/headers/ -DLOCALOPTIONS_H_EXISTS -I. -I./src -DDROPBEAR_SERVER -DDBMULTI_dropbear -DDBMULTI_dropbearkey -DDBMULTI_scp -DDROPBEAR_MULTI -c src/mac/pmac/pmac_shift_xor.c -o src/mac/pmac/pmac_shift_xor.o
In file included from tommath.h:9,
                 from tommath_private.h:7,
                 from bn_mp_sub_d.c:1:
/usr/lib/gcc-cross/aarch64-linux-gnu/15/include/limits.h:200:10: warning: ‘__STDC_VERSION_LIMITS_H__’ redefined
  200 | # define __STDC_VERSION_LIMITS_H__      202311L
      |          ^~~~~~~~~~~~~~~~~~~~~~~~~
aarch64-linux-gnu-gcc -c -D_FORTIFY_SOURCE=2 -fstack-protector-strong -Wundef -fno-strict-overflow -Wno-pointer-sign -Os -W -Wall  -I. -I../libtomcrypt/src/headers/ -I./../libtomcrypt/src/headers/ -I../ -I./../src -Wno-deprecated -I./src/../libtomcrypt/src/headers/ -DLOCALOPTIONS_H_EXISTS -I. -I./src -DDROPBEAR_SERVER -DDBMULTI_dropbear -DDBMULTI_dropbearkey -DDBMULTI_scp -DDROPBEAR_MULTI -I./ -Wall -Wsign-compare -Wextra -Wshadow -Wdeclaration-after-statement -Wbad-function-cast -Wcast-align -Wstrict-prototypes -Wpointer-arith -Wsystem-headers -O3 -funroll-loops -fomit-frame-pointer bn_mp_to_radix.c -o bn_mp_to_radix.o
In file included from /usr/lib/gcc-cross/aarch64-linux-gnu/15/include/limits.h:210,
                 from /usr/lib/gcc-cross/aarch64-linux-gnu/15/include/syslimits.h:9,
                 from /usr/lib/gcc-cross/aarch64-linux-gnu/15/include/limits.h:34:
/usr/aarch64-linux-gnu/include/limits.h:192:11: note: this is the location of the previous definition
  192 | #  define __STDC_VERSION_LIMITS_H__ 202311L
      |           ^~~~~~~~~~~~~~~~~~~~~~~~~
aarch64-linux-gnu-gcc -c -D_FORTIFY_SOURCE=2 -fstack-protector-strong -Wundef -fno-strict-overflow -Wno-pointer-sign -Os -W -Wall  -I. -I../libtomcrypt/src/headers/ -I./../libtomcrypt/src/headers/ -I../ -I./../src -Wno-deprecated -I./src/../libtomcrypt/src/headers/ -DLOCALOPTIONS_H_EXISTS -I. -I./src -DDROPBEAR_SERVER -DDBMULTI_dropbear -DDBMULTI_dropbearkey -DDBMULTI_scp -DDROPBEAR_MULTI -I./ -Wall -Wsign-compare -Wextra -Wshadow -Wdeclaration-after-statement -Wbad-function-cast -Wcast-align -Wstrict-prototypes -Wpointer-arith -Wsystem-headers -O3 -funroll-loops -fomit-frame-pointer bn_mp_to_sbin.c -o bn_mp_to_sbin.o
In file included from tommath.h:9,
                 from tommath_private.h:7,
                 from bn_mp_submod.c:1:
/usr/lib/gcc-cross/aarch64-linux-gnu/15/include/limits.h:200:10: warning: ‘__STDC_VERSION_LIMITS_H__’ redefined
  200 | # define __STDC_VERSION_LIMITS_H__      202311L
      |          ^~~~~~~~~~~~~~~~~~~~~~~~~
In file included from /usr/lib/gcc-cross/aarch64-linux-gnu/15/include/limits.h:210,
                 from /usr/lib/gcc-cross/aarch64-linux-gnu/15/include/syslimits.h:9,
                 from /usr/lib/gcc-cross/aarch64-linux-gnu/15/include/limits.h:34:
/usr/aarch64-linux-gnu/include/limits.h:192:11: note: this is the location of the previous definition
  192 | #  define __STDC_VERSION_LIMITS_H__ 202311L
      |           ^~~~~~~~~~~~~~~~~~~~~~~~~
In file included from tommath.h:9,
                 from tommath_private.h:7,
                 from bn_mp_to_radix.c:1:
/usr/lib/gcc-cross/aarch64-linux-gnu/15/include/limits.h:200:10: warning: ‘__STDC_VERSION_LIMITS_H__’ redefined
  200 | # define __STDC_VERSION_LIMITS_H__      202311L
      |          ^~~~~~~~~~~~~~~~~~~~~~~~~
In file included from /usr/lib/gcc-cross/aarch64-linux-gnu/15/include/limits.h:210,
                 from /usr/lib/gcc-cross/aarch64-linux-gnu/15/include/syslimits.h:9,
                 from /usr/lib/gcc-cross/aarch64-linux-gnu/15/include/limits.h:34:
/usr/aarch64-linux-gnu/include/limits.h:192:11: note: this is the location of the previous definition
  192 | #  define __STDC_VERSION_LIMITS_H__ 202311L
      |           ^~~~~~~~~~~~~~~~~~~~~~~~~
aarch64-linux-gnu-gcc -Isrc/headers/ -I./src/headers/ -I../ -I./../src -DLTC_SOURCE -I../libtommath/ -I./../libtommath/ -D_FORTIFY_SOURCE=2 -fstack-protector-strong -Wundef -fno-strict-overflow -Wno-pointer-sign -Os -W -Wall  -I./src/../libtomcrypt/src/headers/ -DLOCALOPTIONS_H_EXISTS -I. -I./src -DDROPBEAR_SERVER -DDBMULTI_dropbear -DDBMULTI_dropbearkey -DDBMULTI_scp -DDROPBEAR_MULTI -c src/mac/pmac/pmac_test.c -o src/mac/pmac/pmac_test.o
aarch64-linux-gnu-gcc -Isrc/headers/ -I./src/headers/ -I../ -I./../src -DLTC_SOURCE -I../libtommath/ -I./../libtommath/ -D_FORTIFY_SOURCE=2 -fstack-protector-strong -Wundef -fno-strict-overflow -Wno-pointer-sign -Os -W -Wall  -I./src/../libtomcrypt/src/headers/ -DLOCALOPTIONS_H_EXISTS -I. -I./src -DDROPBEAR_SERVER -DDBMULTI_dropbear -DDBMULTI_dropbearkey -DDBMULTI_scp -DDROPBEAR_MULTI -c src/mac/poly1305/poly1305.c -o src/mac/poly1305/poly1305.o
In file included from tommath.h:9,
                 from tommath_private.h:7,
                 from bn_mp_to_sbin.c:1:
/usr/lib/gcc-cross/aarch64-linux-gnu/15/include/limits.h:200:10: warning: ‘__STDC_VERSION_LIMITS_H__’ redefined
  200 | # define __STDC_VERSION_LIMITS_H__      202311L
      |          ^~~~~~~~~~~~~~~~~~~~~~~~~
In file included from /usr/lib/gcc-cross/aarch64-linux-gnu/15/include/limits.h:210,
                 from /usr/lib/gcc-cross/aarch64-linux-gnu/15/include/syslimits.h:9,
                 from /usr/lib/gcc-cross/aarch64-linux-gnu/15/include/limits.h:34:
/usr/aarch64-linux-gnu/include/limits.h:192:11: note: this is the location of the previous definition
  192 | #  define __STDC_VERSION_LIMITS_H__ 202311L
      |           ^~~~~~~~~~~~~~~~~~~~~~~~~
aarch64-linux-gnu-gcc -Isrc/headers/ -I./src/headers/ -I../ -I./../src -DLTC_SOURCE -I../libtommath/ -I./../libtommath/ -D_FORTIFY_SOURCE=2 -fstack-protector-strong -Wundef -fno-strict-overflow -Wno-pointer-sign -Os -W -Wall  -I./src/../libtomcrypt/src/headers/ -DLOCALOPTIONS_H_EXISTS -I. -I./src -DDROPBEAR_SERVER -DDBMULTI_dropbear -DDBMULTI_dropbearkey -DDBMULTI_scp -DDROPBEAR_MULTI -c src/mac/poly1305/poly1305_file.c -o src/mac/poly1305/poly1305_file.o
aarch64-linux-gnu-gcc -c -D_FORTIFY_SOURCE=2 -fstack-protector-strong -Wundef -fno-strict-overflow -Wno-pointer-sign -Os -W -Wall  -I. -I../libtomcrypt/src/headers/ -I./../libtomcrypt/src/headers/ -I../ -I./../src -Wno-deprecated -I./src/../libtomcrypt/src/headers/ -DLOCALOPTIONS_H_EXISTS -I. -I./src -DDROPBEAR_SERVER -DDBMULTI_dropbear -DDBMULTI_dropbearkey -DDBMULTI_scp -DDROPBEAR_MULTI -I./ -Wall -Wsign-compare -Wextra -Wshadow -Wdeclaration-after-statement -Wbad-function-cast -Wcast-align -Wstrict-prototypes -Wpointer-arith -Wsystem-headers -O3 -funroll-loops -fomit-frame-pointer bn_mp_to_ubin.c -o bn_mp_to_ubin.o
aarch64-linux-gnu-gcc -Isrc/headers/ -I./src/headers/ -I../ -I./../src -DLTC_SOURCE -I../libtommath/ -I./../libtommath/ -D_FORTIFY_SOURCE=2 -fstack-protector-strong -Wundef -fno-strict-overflow -Wno-pointer-sign -Os -W -Wall  -I./src/../libtomcrypt/src/headers/ -DLOCALOPTIONS_H_EXISTS -I. -I./src -DDROPBEAR_SERVER -DDBMULTI_dropbear -DDBMULTI_dropbearkey -DDBMULTI_scp -DDROPBEAR_MULTI -c src/mac/poly1305/poly1305_memory.c -o src/mac/poly1305/poly1305_memory.o
aarch64-linux-gnu-gcc -Isrc/headers/ -I./src/headers/ -I../ -I./../src -DLTC_SOURCE -I../libtommath/ -I./../libtommath/ -D_FORTIFY_SOURCE=2 -fstack-protector-strong -Wundef -fno-strict-overflow -Wno-pointer-sign -Os -W -Wall  -I./src/../libtomcrypt/src/headers/ -DLOCALOPTIONS_H_EXISTS -I. -I./src -DDROPBEAR_SERVER -DDBMULTI_dropbear -DDBMULTI_dropbearkey -DDBMULTI_scp -DDROPBEAR_MULTI -c src/mac/poly1305/poly1305_memory_multi.c -o src/mac/poly1305/poly1305_memory_multi.o
aarch64-linux-gnu-gcc -c -D_FORTIFY_SOURCE=2 -fstack-protector-strong -Wundef -fno-strict-overflow -Wno-pointer-sign -Os -W -Wall  -I. -I../libtomcrypt/src/headers/ -I./../libtomcrypt/src/headers/ -I../ -I./../src -Wno-deprecated -I./src/../libtomcrypt/src/headers/ -DLOCALOPTIONS_H_EXISTS -I. -I./src -DDROPBEAR_SERVER -DDBMULTI_dropbear -DDBMULTI_dropbearkey -DDBMULTI_scp -DDROPBEAR_MULTI -I./ -Wall -Wsign-compare -Wextra -Wshadow -Wdeclaration-after-statement -Wbad-function-cast -Wcast-align -Wstrict-prototypes -Wpointer-arith -Wsystem-headers -O3 -funroll-loops -fomit-frame-pointer bn_mp_ubin_size.c -o bn_mp_ubin_size.o
In file included from tommath.h:9,
                 from tommath_private.h:7,
                 from bn_mp_to_ubin.c:1:
/usr/lib/gcc-cross/aarch64-linux-gnu/15/include/limits.h:200:10: warning: ‘__STDC_VERSION_LIMITS_H__’ redefined
  200 | # define __STDC_VERSION_LIMITS_H__      202311L
      |          ^~~~~~~~~~~~~~~~~~~~~~~~~
In file included from /usr/lib/gcc-cross/aarch64-linux-gnu/15/include/limits.h:210,
                 from /usr/lib/gcc-cross/aarch64-linux-gnu/15/include/syslimits.h:9,
                 from /usr/lib/gcc-cross/aarch64-linux-gnu/15/include/limits.h:34:
/usr/aarch64-linux-gnu/include/limits.h:192:11: note: this is the location of the previous definition
  192 | #  define __STDC_VERSION_LIMITS_H__ 202311L
      |           ^~~~~~~~~~~~~~~~~~~~~~~~~
aarch64-linux-gnu-gcc -Isrc/headers/ -I./src/headers/ -I../ -I./../src -DLTC_SOURCE -I../libtommath/ -I./../libtommath/ -D_FORTIFY_SOURCE=2 -fstack-protector-strong -Wundef -fno-strict-overflow -Wno-pointer-sign -Os -W -Wall  -I./src/../libtomcrypt/src/headers/ -DLOCALOPTIONS_H_EXISTS -I. -I./src -DDROPBEAR_SERVER -DDBMULTI_dropbear -DDBMULTI_dropbearkey -DDBMULTI_scp -DDROPBEAR_MULTI -c src/mac/poly1305/poly1305_test.c -o src/mac/poly1305/poly1305_test.o
aarch64-linux-gnu-gcc -c -D_FORTIFY_SOURCE=2 -fstack-protector-strong -Wundef -fno-strict-overflow -Wno-pointer-sign -Os -W -Wall  -I. -I../libtomcrypt/src/headers/ -I./../libtomcrypt/src/headers/ -I../ -I./../src -Wno-deprecated -I./src/../libtomcrypt/src/headers/ -DLOCALOPTIONS_H_EXISTS -I. -I./src -DDROPBEAR_SERVER -DDBMULTI_dropbear -DDBMULTI_dropbearkey -DDBMULTI_scp -DDROPBEAR_MULTI -I./ -Wall -Wsign-compare -Wextra -Wshadow -Wdeclaration-after-statement -Wbad-function-cast -Wcast-align -Wstrict-prototypes -Wpointer-arith -Wsystem-headers -O3 -funroll-loops -fomit-frame-pointer bn_mp_unpack.c -o bn_mp_unpack.o
aarch64-linux-gnu-gcc -Isrc/headers/ -I./src/headers/ -I../ -I./../src -DLTC_SOURCE -I../libtommath/ -I./../libtommath/ -D_FORTIFY_SOURCE=2 -fstack-protector-strong -Wundef -fno-strict-overflow -Wno-pointer-sign -Os -W -Wall  -I./src/../libtomcrypt/src/headers/ -DLOCALOPTIONS_H_EXISTS -I. -I./src -DDROPBEAR_SERVER -DDBMULTI_dropbear -DDBMULTI_dropbearkey -DDBMULTI_scp -DDROPBEAR_MULTI -c src/mac/xcbc/xcbc_done.c -o src/mac/xcbc/xcbc_done.o
In file included from tommath.h:9,
                 from tommath_private.h:7,
                 from bn_mp_ubin_size.c:1:
/usr/lib/gcc-cross/aarch64-linux-gnu/15/include/limits.h:200:10: warning: ‘__STDC_VERSION_LIMITS_H__’ redefined
  200 | # define __STDC_VERSION_LIMITS_H__      202311L
      |          ^~~~~~~~~~~~~~~~~~~~~~~~~
In file included from /usr/lib/gcc-cross/aarch64-linux-gnu/15/include/limits.h:210,
                 from /usr/lib/gcc-cross/aarch64-linux-gnu/15/include/syslimits.h:9,
                 from /usr/lib/gcc-cross/aarch64-linux-gnu/15/include/limits.h:34:
/usr/aarch64-linux-gnu/include/limits.h:192:11: note: this is the location of the previous definition
  192 | #  define __STDC_VERSION_LIMITS_H__ 202311L
      |           ^~~~~~~~~~~~~~~~~~~~~~~~~
In file included from tommath.h:9,
                 from tommath_private.h:7,
                 from bn_mp_unpack.c:1:
/usr/lib/gcc-cross/aarch64-linux-gnu/15/include/limits.h:200:10: warning: ‘__STDC_VERSION_LIMITS_H__’ redefined
  200 | # define __STDC_VERSION_LIMITS_H__      202311L
      |          ^~~~~~~~~~~~~~~~~~~~~~~~~
In file included from /usr/lib/gcc-cross/aarch64-linux-gnu/15/include/limits.h:210,
                 from /usr/lib/gcc-cross/aarch64-linux-gnu/15/include/syslimits.h:9,
                 from /usr/lib/gcc-cross/aarch64-linux-gnu/15/include/limits.h:34:
/usr/aarch64-linux-gnu/include/limits.h:192:11: note: this is the location of the previous definition
  192 | #  define __STDC_VERSION_LIMITS_H__ 202311L
      |           ^~~~~~~~~~~~~~~~~~~~~~~~~
aarch64-linux-gnu-gcc -c -D_FORTIFY_SOURCE=2 -fstack-protector-strong -Wundef -fno-strict-overflow -Wno-pointer-sign -Os -W -Wall  -I. -I../libtomcrypt/src/headers/ -I./../libtomcrypt/src/headers/ -I../ -I./../src -Wno-deprecated -I./src/../libtomcrypt/src/headers/ -DLOCALOPTIONS_H_EXISTS -I. -I./src -DDROPBEAR_SERVER -DDBMULTI_dropbear -DDBMULTI_dropbearkey -DDBMULTI_scp -DDROPBEAR_MULTI -I./ -Wall -Wsign-compare -Wextra -Wshadow -Wdeclaration-after-statement -Wbad-function-cast -Wcast-align -Wstrict-prototypes -Wpointer-arith -Wsystem-headers -O3 -funroll-loops -fomit-frame-pointer bn_mp_xor.c -o bn_mp_xor.o
aarch64-linux-gnu-gcc -c -D_FORTIFY_SOURCE=2 -fstack-protector-strong -Wundef -fno-strict-overflow -Wno-pointer-sign -Os -W -Wall  -I. -I../libtomcrypt/src/headers/ -I./../libtomcrypt/src/headers/ -I../ -I./../src -Wno-deprecated -I./src/../libtomcrypt/src/headers/ -DLOCALOPTIONS_H_EXISTS -I. -I./src -DDROPBEAR_SERVER -DDBMULTI_dropbear -DDBMULTI_dropbearkey -DDBMULTI_scp -DDROPBEAR_MULTI -I./ -Wall -Wsign-compare -Wextra -Wshadow -Wdeclaration-after-statement -Wbad-function-cast -Wcast-align -Wstrict-prototypes -Wpointer-arith -Wsystem-headers -O3 -funroll-loops -fomit-frame-pointer bn_mp_zero.c -o bn_mp_zero.o
aarch64-linux-gnu-gcc -c -D_FORTIFY_SOURCE=2 -fstack-protector-strong -Wundef -fno-strict-overflow -Wno-pointer-sign -Os -W -Wall  -I. -I../libtomcrypt/src/headers/ -I./../libtomcrypt/src/headers/ -I../ -I./../src -Wno-deprecated -I./src/../libtomcrypt/src/headers/ -DLOCALOPTIONS_H_EXISTS -I. -I./src -DDROPBEAR_SERVER -DDBMULTI_dropbear -DDBMULTI_dropbearkey -DDBMULTI_scp -DDROPBEAR_MULTI -I./ -Wall -Wsign-compare -Wextra -Wshadow -Wdeclaration-after-statement -Wbad-function-cast -Wcast-align -Wstrict-prototypes -Wpointer-arith -Wsystem-headers -O3 -funroll-loops -fomit-frame-pointer bn_prime_tab.c -o bn_prime_tab.o
In file included from tommath.h:9,
                 from tommath_private.h:7,
                 from bn_mp_xor.c:1:
/usr/lib/gcc-cross/aarch64-linux-gnu/15/include/limits.h:200:10: warning: ‘__STDC_VERSION_LIMITS_H__’ redefined
  200 | # define __STDC_VERSION_LIMITS_H__      202311L
      |          ^~~~~~~~~~~~~~~~~~~~~~~~~
aarch64-linux-gnu-gcc -Isrc/headers/ -I./src/headers/ -I../ -I./../src -DLTC_SOURCE -I../libtommath/ -I./../libtommath/ -D_FORTIFY_SOURCE=2 -fstack-protector-strong -Wundef -fno-strict-overflow -Wno-pointer-sign -Os -W -Wall  -I./src/../libtomcrypt/src/headers/ -DLOCALOPTIONS_H_EXISTS -I. -I./src -DDROPBEAR_SERVER -DDBMULTI_dropbear -DDBMULTI_dropbearkey -DDBMULTI_scp -DDROPBEAR_MULTI -c src/mac/xcbc/xcbc_file.c -o src/mac/xcbc/xcbc_file.o
In file included from /usr/lib/gcc-cross/aarch64-linux-gnu/15/include/limits.h:210,
                 from /usr/lib/gcc-cross/aarch64-linux-gnu/15/include/syslimits.h:9,
                 from /usr/lib/gcc-cross/aarch64-linux-gnu/15/include/limits.h:34:
/usr/aarch64-linux-gnu/include/limits.h:192:11: note: this is the location of the previous definition
  192 | #  define __STDC_VERSION_LIMITS_H__ 202311L
      |           ^~~~~~~~~~~~~~~~~~~~~~~~~
aarch64-linux-gnu-gcc -c -D_FORTIFY_SOURCE=2 -fstack-protector-strong -Wundef -fno-strict-overflow -Wno-pointer-sign -Os -W -Wall  -I. -I../libtomcrypt/src/headers/ -I./../libtomcrypt/src/headers/ -I../ -I./../src -Wno-deprecated -I./src/../libtomcrypt/src/headers/ -DLOCALOPTIONS_H_EXISTS -I. -I./src -DDROPBEAR_SERVER -DDBMULTI_dropbear -DDBMULTI_dropbearkey -DDBMULTI_scp -DDROPBEAR_MULTI -I./ -Wall -Wsign-compare -Wextra -Wshadow -Wdeclaration-after-statement -Wbad-function-cast -Wcast-align -Wstrict-prototypes -Wpointer-arith -Wsystem-headers -O3 -funroll-loops -fomit-frame-pointer bn_s_mp_add.c -o bn_s_mp_add.o
In file included from tommath.h:9,
                 from tommath_private.h:7,
                 from bn_mp_zero.c:1:
/usr/lib/gcc-cross/aarch64-linux-gnu/15/include/limits.h:200:10: warning: ‘__STDC_VERSION_LIMITS_H__’ redefined
  200 | # define __STDC_VERSION_LIMITS_H__      202311L
      |          ^~~~~~~~~~~~~~~~~~~~~~~~~
In file included from /usr/lib/gcc-cross/aarch64-linux-gnu/15/include/limits.h:210,
                 from /usr/lib/gcc-cross/aarch64-linux-gnu/15/include/syslimits.h:9,
                 from /usr/lib/gcc-cross/aarch64-linux-gnu/15/include/limits.h:34:
/usr/aarch64-linux-gnu/include/limits.h:192:11: note: this is the location of the previous definition
  192 | #  define __STDC_VERSION_LIMITS_H__ 202311L
      |           ^~~~~~~~~~~~~~~~~~~~~~~~~
aarch64-linux-gnu-gcc -c -D_FORTIFY_SOURCE=2 -fstack-protector-strong -Wundef -fno-strict-overflow -Wno-pointer-sign -Os -W -Wall  -I. -I../libtomcrypt/src/headers/ -I./../libtomcrypt/src/headers/ -I../ -I./../src -Wno-deprecated -I./src/../libtomcrypt/src/headers/ -DLOCALOPTIONS_H_EXISTS -I. -I./src -DDROPBEAR_SERVER -DDBMULTI_dropbear -DDBMULTI_dropbearkey -DDBMULTI_scp -DDROPBEAR_MULTI -I./ -Wall -Wsign-compare -Wextra -Wshadow -Wdeclaration-after-statement -Wbad-function-cast -Wcast-align -Wstrict-prototypes -Wpointer-arith -Wsystem-headers -O3 -funroll-loops -fomit-frame-pointer bn_s_mp_balance_mul.c -o bn_s_mp_balance_mul.o
aarch64-linux-gnu-gcc -Isrc/headers/ -I./src/headers/ -I../ -I./../src -DLTC_SOURCE -I../libtommath/ -I./../libtommath/ -D_FORTIFY_SOURCE=2 -fstack-protector-strong -Wundef -fno-strict-overflow -Wno-pointer-sign -Os -W -Wall  -I./src/../libtomcrypt/src/headers/ -DLOCALOPTIONS_H_EXISTS -I. -I./src -DDROPBEAR_SERVER -DDBMULTI_dropbear -DDBMULTI_dropbearkey -DDBMULTI_scp -DDROPBEAR_MULTI -c src/mac/xcbc/xcbc_init.c -o src/mac/xcbc/xcbc_init.o
aarch64-linux-gnu-gcc -Isrc/headers/ -I./src/headers/ -I../ -I./../src -DLTC_SOURCE -I../libtommath/ -I./../libtommath/ -D_FORTIFY_SOURCE=2 -fstack-protector-strong -Wundef -fno-strict-overflow -Wno-pointer-sign -Os -W -Wall  -I./src/../libtomcrypt/src/headers/ -DLOCALOPTIONS_H_EXISTS -I. -I./src -DDROPBEAR_SERVER -DDBMULTI_dropbear -DDBMULTI_dropbearkey -DDBMULTI_scp -DDROPBEAR_MULTI -c src/mac/xcbc/xcbc_memory.c -o src/mac/xcbc/xcbc_memory.o
aarch64-linux-gnu-gcc -c -D_FORTIFY_SOURCE=2 -fstack-protector-strong -Wundef -fno-strict-overflow -Wno-pointer-sign -Os -W -Wall  -I. -I../libtomcrypt/src/headers/ -I./../libtomcrypt/src/headers/ -I../ -I./../src -Wno-deprecated -I./src/../libtomcrypt/src/headers/ -DLOCALOPTIONS_H_EXISTS -I. -I./src -DDROPBEAR_SERVER -DDBMULTI_dropbear -DDBMULTI_dropbearkey -DDBMULTI_scp -DDROPBEAR_MULTI -I./ -Wall -Wsign-compare -Wextra -Wshadow -Wdeclaration-after-statement -Wbad-function-cast -Wcast-align -Wstrict-prototypes -Wpointer-arith -Wsystem-headers -O3 -funroll-loops -fomit-frame-pointer bn_s_mp_exptmod.c -o bn_s_mp_exptmod.o
In file included from tommath.h:9,
                 from tommath_private.h:7,
                 from bn_prime_tab.c:1:
/usr/lib/gcc-cross/aarch64-linux-gnu/15/include/limits.h:200:10: warning: ‘__STDC_VERSION_LIMITS_H__’ redefined
  200 | # define __STDC_VERSION_LIMITS_H__      202311L
      |          ^~~~~~~~~~~~~~~~~~~~~~~~~
In file included from /usr/lib/gcc-cross/aarch64-linux-gnu/15/include/limits.h:210,
                 from /usr/lib/gcc-cross/aarch64-linux-gnu/15/include/syslimits.h:9,
                 from /usr/lib/gcc-cross/aarch64-linux-gnu/15/include/limits.h:34:
/usr/aarch64-linux-gnu/include/limits.h:192:11: note: this is the location of the previous definition
  192 | #  define __STDC_VERSION_LIMITS_H__ 202311L
      |           ^~~~~~~~~~~~~~~~~~~~~~~~~
In file included from tommath.h:9,
                 from tommath_private.h:7,
                 from bn_s_mp_add.c:1:
/usr/lib/gcc-cross/aarch64-linux-gnu/15/include/limits.h:200:10: warning: ‘__STDC_VERSION_LIMITS_H__’ redefined
  200 | # define __STDC_VERSION_LIMITS_H__      202311L
      |          ^~~~~~~~~~~~~~~~~~~~~~~~~
In file included from /usr/lib/gcc-cross/aarch64-linux-gnu/15/include/limits.h:210,
                 from /usr/lib/gcc-cross/aarch64-linux-gnu/15/include/syslimits.h:9,
                 from /usr/lib/gcc-cross/aarch64-linux-gnu/15/include/limits.h:34:
/usr/aarch64-linux-gnu/include/limits.h:192:11: note: this is the location of the previous definition
  192 | #  define __STDC_VERSION_LIMITS_H__ 202311L
      |           ^~~~~~~~~~~~~~~~~~~~~~~~~
aarch64-linux-gnu-gcc -Isrc/headers/ -I./src/headers/ -I../ -I./../src -DLTC_SOURCE -I../libtommath/ -I./../libtommath/ -D_FORTIFY_SOURCE=2 -fstack-protector-strong -Wundef -fno-strict-overflow -Wno-pointer-sign -Os -W -Wall  -I./src/../libtomcrypt/src/headers/ -DLOCALOPTIONS_H_EXISTS -I. -I./src -DDROPBEAR_SERVER -DDBMULTI_dropbear -DDBMULTI_dropbearkey -DDBMULTI_scp -DDROPBEAR_MULTI -c src/mac/xcbc/xcbc_memory_multi.c -o src/mac/xcbc/xcbc_memory_multi.o
In file included from tommath.h:9,
                 from tommath_private.h:7,
                 from bn_s_mp_exptmod.c:1:
/usr/lib/gcc-cross/aarch64-linux-gnu/15/include/limits.h:200:10: warning: ‘__STDC_VERSION_LIMITS_H__’ redefined
  200 | # define __STDC_VERSION_LIMITS_H__      202311L
      |          ^~~~~~~~~~~~~~~~~~~~~~~~~
In file included from tommath.h:9,
                 from tommath_private.h:7,
                 from bn_s_mp_balance_mul.c:1:
/usr/lib/gcc-cross/aarch64-linux-gnu/15/include/limits.h:200:10: warning: ‘__STDC_VERSION_LIMITS_H__’ redefined
  200 | # define __STDC_VERSION_LIMITS_H__      202311L
      |          ^~~~~~~~~~~~~~~~~~~~~~~~~
In file included from /usr/lib/gcc-cross/aarch64-linux-gnu/15/include/limits.h:210,
                 from /usr/lib/gcc-cross/aarch64-linux-gnu/15/include/syslimits.h:9,
                 from /usr/lib/gcc-cross/aarch64-linux-gnu/15/include/limits.h:34:
/usr/aarch64-linux-gnu/include/limits.h:192:11: note: this is the location of the previous definition
  192 | #  define __STDC_VERSION_LIMITS_H__ 202311L
      |           ^~~~~~~~~~~~~~~~~~~~~~~~~
In file included from /usr/lib/gcc-cross/aarch64-linux-gnu/15/include/limits.h:210,
                 from /usr/lib/gcc-cross/aarch64-linux-gnu/15/include/syslimits.h:9,
                 from /usr/lib/gcc-cross/aarch64-linux-gnu/15/include/limits.h:34:
/usr/aarch64-linux-gnu/include/limits.h:192:11: note: this is the location of the previous definition
  192 | #  define __STDC_VERSION_LIMITS_H__ 202311L
      |           ^~~~~~~~~~~~~~~~~~~~~~~~~
aarch64-linux-gnu-gcc -Isrc/headers/ -I./src/headers/ -I../ -I./../src -DLTC_SOURCE -I../libtommath/ -I./../libtommath/ -D_FORTIFY_SOURCE=2 -fstack-protector-strong -Wundef -fno-strict-overflow -Wno-pointer-sign -Os -W -Wall  -I./src/../libtomcrypt/src/headers/ -DLOCALOPTIONS_H_EXISTS -I. -I./src -DDROPBEAR_SERVER -DDBMULTI_dropbear -DDBMULTI_dropbearkey -DDBMULTI_scp -DDROPBEAR_MULTI -c src/mac/xcbc/xcbc_process.c -o src/mac/xcbc/xcbc_process.o
aarch64-linux-gnu-gcc -c -D_FORTIFY_SOURCE=2 -fstack-protector-strong -Wundef -fno-strict-overflow -Wno-pointer-sign -Os -W -Wall  -I. -I../libtomcrypt/src/headers/ -I./../libtomcrypt/src/headers/ -I../ -I./../src -Wno-deprecated -I./src/../libtomcrypt/src/headers/ -DLOCALOPTIONS_H_EXISTS -I. -I./src -DDROPBEAR_SERVER -DDBMULTI_dropbear -DDBMULTI_dropbearkey -DDBMULTI_scp -DDROPBEAR_MULTI -I./ -Wall -Wsign-compare -Wextra -Wshadow -Wdeclaration-after-statement -Wbad-function-cast -Wcast-align -Wstrict-prototypes -Wpointer-arith -Wsystem-headers -O3 -funroll-loops -fomit-frame-pointer bn_s_mp_exptmod_fast.c -o bn_s_mp_exptmod_fast.o
aarch64-linux-gnu-gcc -c -D_FORTIFY_SOURCE=2 -fstack-protector-strong -Wundef -fno-strict-overflow -Wno-pointer-sign -Os -W -Wall  -I. -I../libtomcrypt/src/headers/ -I./../libtomcrypt/src/headers/ -I../ -I./../src -Wno-deprecated -I./src/../libtomcrypt/src/headers/ -DLOCALOPTIONS_H_EXISTS -I. -I./src -DDROPBEAR_SERVER -DDBMULTI_dropbear -DDBMULTI_dropbearkey -DDBMULTI_scp -DDROPBEAR_MULTI -I./ -Wall -Wsign-compare -Wextra -Wshadow -Wdeclaration-after-statement -Wbad-function-cast -Wcast-align -Wstrict-prototypes -Wpointer-arith -Wsystem-headers -O3 -funroll-loops -fomit-frame-pointer bn_s_mp_get_bit.c -o bn_s_mp_get_bit.o
aarch64-linux-gnu-gcc -Isrc/headers/ -I./src/headers/ -I../ -I./../src -DLTC_SOURCE -I../libtommath/ -I./../libtommath/ -D_FORTIFY_SOURCE=2 -fstack-protector-strong -Wundef -fno-strict-overflow -Wno-pointer-sign -Os -W -Wall  -I./src/../libtomcrypt/src/headers/ -DLOCALOPTIONS_H_EXISTS -I. -I./src -DDROPBEAR_SERVER -DDBMULTI_dropbear -DDBMULTI_dropbearkey -DDBMULTI_scp -DDROPBEAR_MULTI -c src/mac/xcbc/xcbc_test.c -o src/mac/xcbc/xcbc_test.o
aarch64-linux-gnu-gcc -Isrc/headers/ -I./src/headers/ -I../ -I./../src -DLTC_SOURCE -I../libtommath/ -I./../libtommath/ -D_FORTIFY_SOURCE=2 -fstack-protector-strong -Wundef -fno-strict-overflow -Wno-pointer-sign -Os -W -Wall  -I./src/../libtomcrypt/src/headers/ -DLOCALOPTIONS_H_EXISTS -I. -I./src -DDROPBEAR_SERVER -DDBMULTI_dropbear -DDBMULTI_dropbearkey -DDBMULTI_scp -DDROPBEAR_MULTI -c src/math/fp/ltc_ecc_fp_mulmod.c -o src/math/fp/ltc_ecc_fp_mulmod.o
aarch64-linux-gnu-gcc -Isrc/headers/ -I./src/headers/ -I../ -I./../src -DLTC_SOURCE -I../libtommath/ -I./../libtommath/ -D_FORTIFY_SOURCE=2 -fstack-protector-strong -Wundef -fno-strict-overflow -Wno-pointer-sign -Os -W -Wall  -I./src/../libtomcrypt/src/headers/ -DLOCALOPTIONS_H_EXISTS -I. -I./src -DDROPBEAR_SERVER -DDBMULTI_dropbear -DDBMULTI_dropbearkey -DDBMULTI_scp -DDROPBEAR_MULTI -c src/math/gmp_desc.c -o src/math/gmp_desc.o
In file included from tommath.h:9,
                 from tommath_private.h:7,
                 from bn_s_mp_exptmod_fast.c:1:
/usr/lib/gcc-cross/aarch64-linux-gnu/15/include/limits.h:200:10: warning: ‘__STDC_VERSION_LIMITS_H__’ redefined
  200 | # define __STDC_VERSION_LIMITS_H__      202311L
      |          ^~~~~~~~~~~~~~~~~~~~~~~~~
In file included from /usr/lib/gcc-cross/aarch64-linux-gnu/15/include/limits.h:210,
                 from /usr/lib/gcc-cross/aarch64-linux-gnu/15/include/syslimits.h:9,
                 from /usr/lib/gcc-cross/aarch64-linux-gnu/15/include/limits.h:34:
/usr/aarch64-linux-gnu/include/limits.h:192:11: note: this is the location of the previous definition
  192 | #  define __STDC_VERSION_LIMITS_H__ 202311L
      |           ^~~~~~~~~~~~~~~~~~~~~~~~~
In file included from tommath.h:9,
                 from tommath_private.h:7,
                 from bn_s_mp_get_bit.c:1:
/usr/lib/gcc-cross/aarch64-linux-gnu/15/include/limits.h:200:10: warning: ‘__STDC_VERSION_LIMITS_H__’ redefined
  200 | # define __STDC_VERSION_LIMITS_H__      202311L
      |          ^~~~~~~~~~~~~~~~~~~~~~~~~
aarch64-linux-gnu-gcc -c -D_FORTIFY_SOURCE=2 -fstack-protector-strong -Wundef -fno-strict-overflow -Wno-pointer-sign -Os -W -Wall  -I. -I../libtomcrypt/src/headers/ -I./../libtomcrypt/src/headers/ -I../ -I./../src -Wno-deprecated -I./src/../libtomcrypt/src/headers/ -DLOCALOPTIONS_H_EXISTS -I. -I./src -DDROPBEAR_SERVER -DDBMULTI_dropbear -DDBMULTI_dropbearkey -DDBMULTI_scp -DDROPBEAR_MULTI -I./ -Wall -Wsign-compare -Wextra -Wshadow -Wdeclaration-after-statement -Wbad-function-cast -Wcast-align -Wstrict-prototypes -Wpointer-arith -Wsystem-headers -O3 -funroll-loops -fomit-frame-pointer bn_s_mp_invmod_fast.c -o bn_s_mp_invmod_fast.o
In file included from /usr/lib/gcc-cross/aarch64-linux-gnu/15/include/limits.h:210,
                 from /usr/lib/gcc-cross/aarch64-linux-gnu/15/include/syslimits.h:9,
                 from /usr/lib/gcc-cross/aarch64-linux-gnu/15/include/limits.h:34:
/usr/aarch64-linux-gnu/include/limits.h:192:11: note: this is the location of the previous definition
  192 | #  define __STDC_VERSION_LIMITS_H__ 202311L
      |           ^~~~~~~~~~~~~~~~~~~~~~~~~
aarch64-linux-gnu-gcc -Isrc/headers/ -I./src/headers/ -I../ -I./../src -DLTC_SOURCE -I../libtommath/ -I./../libtommath/ -D_FORTIFY_SOURCE=2 -fstack-protector-strong -Wundef -fno-strict-overflow -Wno-pointer-sign -Os -W -Wall  -I./src/../libtomcrypt/src/headers/ -DLOCALOPTIONS_H_EXISTS -I. -I./src -DDROPBEAR_SERVER -DDBMULTI_dropbear -DDBMULTI_dropbearkey -DDBMULTI_scp -DDROPBEAR_MULTI -c src/math/ltm_desc.c -o src/math/ltm_desc.o
In file included from tommath.h:9,
                 from tommath_private.h:7,
                 from bn_s_mp_invmod_fast.c:1:
/usr/lib/gcc-cross/aarch64-linux-gnu/15/include/limits.h:200:10: warning: ‘__STDC_VERSION_LIMITS_H__’ redefined
  200 | # define __STDC_VERSION_LIMITS_H__      202311L
      |          ^~~~~~~~~~~~~~~~~~~~~~~~~
In file included from /usr/lib/gcc-cross/aarch64-linux-gnu/15/include/limits.h:210,
                 from /usr/lib/gcc-cross/aarch64-linux-gnu/15/include/syslimits.h:9,
                 from /usr/lib/gcc-cross/aarch64-linux-gnu/15/include/limits.h:34:
/usr/aarch64-linux-gnu/include/limits.h:192:11: note: this is the location of the previous definition
  192 | #  define __STDC_VERSION_LIMITS_H__ 202311L
      |           ^~~~~~~~~~~~~~~~~~~~~~~~~
aarch64-linux-gnu-gcc -c -D_FORTIFY_SOURCE=2 -fstack-protector-strong -Wundef -fno-strict-overflow -Wno-pointer-sign -Os -W -Wall  -I. -I../libtomcrypt/src/headers/ -I./../libtomcrypt/src/headers/ -I../ -I./../src -Wno-deprecated -I./src/../libtomcrypt/src/headers/ -DLOCALOPTIONS_H_EXISTS -I. -I./src -DDROPBEAR_SERVER -DDBMULTI_dropbear -DDBMULTI_dropbearkey -DDBMULTI_scp -DDROPBEAR_MULTI -I./ -Wall -Wsign-compare -Wextra -Wshadow -Wdeclaration-after-statement -Wbad-function-cast -Wcast-align -Wstrict-prototypes -Wpointer-arith -Wsystem-headers -O3 -funroll-loops -fomit-frame-pointer bn_s_mp_invmod_slow.c -o bn_s_mp_invmod_slow.o
aarch64-linux-gnu-gcc -Isrc/headers/ -I./src/headers/ -I../ -I./../src -DLTC_SOURCE -I../libtommath/ -I./../libtommath/ -D_FORTIFY_SOURCE=2 -fstack-protector-strong -Wundef -fno-strict-overflow -Wno-pointer-sign -Os -W -Wall  -I./src/../libtomcrypt/src/headers/ -DLOCALOPTIONS_H_EXISTS -I. -I./src -DDROPBEAR_SERVER -DDBMULTI_dropbear -DDBMULTI_dropbearkey -DDBMULTI_scp -DDROPBEAR_MULTI -c src/math/multi.c -o src/math/multi.o
aarch64-linux-gnu-gcc -c -D_FORTIFY_SOURCE=2 -fstack-protector-strong -Wundef -fno-strict-overflow -Wno-pointer-sign -Os -W -Wall  -I. -I../libtomcrypt/src/headers/ -I./../libtomcrypt/src/headers/ -I../ -I./../src -Wno-deprecated -I./src/../libtomcrypt/src/headers/ -DLOCALOPTIONS_H_EXISTS -I. -I./src -DDROPBEAR_SERVER -DDBMULTI_dropbear -DDBMULTI_dropbearkey -DDBMULTI_scp -DDROPBEAR_MULTI -I./ -Wall -Wsign-compare -Wextra -Wshadow -Wdeclaration-after-statement -Wbad-function-cast -Wcast-align -Wstrict-prototypes -Wpointer-arith -Wsystem-headers -O3 -funroll-loops -fomit-frame-pointer bn_s_mp_karatsuba_mul.c -o bn_s_mp_karatsuba_mul.o
In file included from tommath.h:9,
                 from tommath_private.h:7,
                 from bn_s_mp_invmod_slow.c:1:
/usr/lib/gcc-cross/aarch64-linux-gnu/15/include/limits.h:200:10: warning: ‘__STDC_VERSION_LIMITS_H__’ redefined
  200 | # define __STDC_VERSION_LIMITS_H__      202311L
      |          ^~~~~~~~~~~~~~~~~~~~~~~~~
aarch64-linux-gnu-gcc -c -D_FORTIFY_SOURCE=2 -fstack-protector-strong -Wundef -fno-strict-overflow -Wno-pointer-sign -Os -W -Wall  -I. -I../libtomcrypt/src/headers/ -I./../libtomcrypt/src/headers/ -I../ -I./../src -Wno-deprecated -I./src/../libtomcrypt/src/headers/ -DLOCALOPTIONS_H_EXISTS -I. -I./src -DDROPBEAR_SERVER -DDBMULTI_dropbear -DDBMULTI_dropbearkey -DDBMULTI_scp -DDROPBEAR_MULTI -I./ -Wall -Wsign-compare -Wextra -Wshadow -Wdeclaration-after-statement -Wbad-function-cast -Wcast-align -Wstrict-prototypes -Wpointer-arith -Wsystem-headers -O3 -funroll-loops -fomit-frame-pointer bn_s_mp_karatsuba_sqr.c -o bn_s_mp_karatsuba_sqr.o
In file included from /usr/lib/gcc-cross/aarch64-linux-gnu/15/include/limits.h:210,
                 from /usr/lib/gcc-cross/aarch64-linux-gnu/15/include/syslimits.h:9,
                 from /usr/lib/gcc-cross/aarch64-linux-gnu/15/include/limits.h:34:
/usr/aarch64-linux-gnu/include/limits.h:192:11: note: this is the location of the previous definition
  192 | #  define __STDC_VERSION_LIMITS_H__ 202311L
      |           ^~~~~~~~~~~~~~~~~~~~~~~~~
aarch64-linux-gnu-gcc -Isrc/headers/ -I./src/headers/ -I../ -I./../src -DLTC_SOURCE -I../libtommath/ -I./../libtommath/ -D_FORTIFY_SOURCE=2 -fstack-protector-strong -Wundef -fno-strict-overflow -Wno-pointer-sign -Os -W -Wall  -I./src/../libtomcrypt/src/headers/ -DLOCALOPTIONS_H_EXISTS -I. -I./src -DDROPBEAR_SERVER -DDBMULTI_dropbear -DDBMULTI_dropbearkey -DDBMULTI_scp -DDROPBEAR_MULTI -c src/math/radix_to_bin.c -o src/math/radix_to_bin.o
aarch64-linux-gnu-gcc -c -D_FORTIFY_SOURCE=2 -fstack-protector-strong -Wundef -fno-strict-overflow -Wno-pointer-sign -Os -W -Wall  -I. -I../libtomcrypt/src/headers/ -I./../libtomcrypt/src/headers/ -I../ -I./../src -Wno-deprecated -I./src/../libtomcrypt/src/headers/ -DLOCALOPTIONS_H_EXISTS -I. -I./src -DDROPBEAR_SERVER -DDBMULTI_dropbear -DDBMULTI_dropbearkey -DDBMULTI_scp -DDROPBEAR_MULTI -I./ -Wall -Wsign-compare -Wextra -Wshadow -Wdeclaration-after-statement -Wbad-function-cast -Wcast-align -Wstrict-prototypes -Wpointer-arith -Wsystem-headers -O3 -funroll-loops -fomit-frame-pointer bn_s_mp_montgomery_reduce_fast.c -o bn_s_mp_montgomery_reduce_fast.o
aarch64-linux-gnu-gcc -Isrc/headers/ -I./src/headers/ -I../ -I./../src -DLTC_SOURCE -I../libtommath/ -I./../libtommath/ -D_FORTIFY_SOURCE=2 -fstack-protector-strong -Wundef -fno-strict-overflow -Wno-pointer-sign -Os -W -Wall  -I./src/../libtomcrypt/src/headers/ -DLOCALOPTIONS_H_EXISTS -I. -I./src -DDROPBEAR_SERVER -DDBMULTI_dropbear -DDBMULTI_dropbearkey -DDBMULTI_scp -DDROPBEAR_MULTI -c src/math/rand_bn.c -o src/math/rand_bn.o
In file included from tommath.h:9,
                 from tommath_private.h:7,
                 from bn_s_mp_karatsuba_mul.c:1:
/usr/lib/gcc-cross/aarch64-linux-gnu/15/include/limits.h:200:10: warning: ‘__STDC_VERSION_LIMITS_H__’ redefined
  200 | # define __STDC_VERSION_LIMITS_H__      202311L
      |          ^~~~~~~~~~~~~~~~~~~~~~~~~
In file included from /usr/lib/gcc-cross/aarch64-linux-gnu/15/include/limits.h:210,
                 from /usr/lib/gcc-cross/aarch64-linux-gnu/15/include/syslimits.h:9,
                 from /usr/lib/gcc-cross/aarch64-linux-gnu/15/include/limits.h:34:
/usr/aarch64-linux-gnu/include/limits.h:192:11: note: this is the location of the previous definition
  192 | #  define __STDC_VERSION_LIMITS_H__ 202311L
      |           ^~~~~~~~~~~~~~~~~~~~~~~~~
In file included from tommath.h:9,
                 from tommath_private.h:7,
                 from bn_s_mp_karatsuba_sqr.c:1:
/usr/lib/gcc-cross/aarch64-linux-gnu/15/include/limits.h:200:10: warning: ‘__STDC_VERSION_LIMITS_H__’ redefined
  200 | # define __STDC_VERSION_LIMITS_H__      202311L
      |          ^~~~~~~~~~~~~~~~~~~~~~~~~
In file included from /usr/lib/gcc-cross/aarch64-linux-gnu/15/include/limits.h:210,
                 from /usr/lib/gcc-cross/aarch64-linux-gnu/15/include/syslimits.h:9,
                 from /usr/lib/gcc-cross/aarch64-linux-gnu/15/include/limits.h:34:
/usr/aarch64-linux-gnu/include/limits.h:192:11: note: this is the location of the previous definition
  192 | #  define __STDC_VERSION_LIMITS_H__ 202311L
      |           ^~~~~~~~~~~~~~~~~~~~~~~~~
aarch64-linux-gnu-gcc -c -D_FORTIFY_SOURCE=2 -fstack-protector-strong -Wundef -fno-strict-overflow -Wno-pointer-sign -Os -W -Wall  -I. -I../libtomcrypt/src/headers/ -I./../libtomcrypt/src/headers/ -I../ -I./../src -Wno-deprecated -I./src/../libtomcrypt/src/headers/ -DLOCALOPTIONS_H_EXISTS -I. -I./src -DDROPBEAR_SERVER -DDBMULTI_dropbear -DDBMULTI_dropbearkey -DDBMULTI_scp -DDROPBEAR_MULTI -I./ -Wall -Wsign-compare -Wextra -Wshadow -Wdeclaration-after-statement -Wbad-function-cast -Wcast-align -Wstrict-prototypes -Wpointer-arith -Wsystem-headers -O3 -funroll-loops -fomit-frame-pointer bn_s_mp_mul_digs.c -o bn_s_mp_mul_digs.o
In file included from tommath.h:9,
                 from tommath_private.h:7,
                 from bn_s_mp_montgomery_reduce_fast.c:1:
/usr/lib/gcc-cross/aarch64-linux-gnu/15/include/limits.h:200:10: warning: ‘__STDC_VERSION_LIMITS_H__’ redefined
  200 | # define __STDC_VERSION_LIMITS_H__      202311L
      |          ^~~~~~~~~~~~~~~~~~~~~~~~~
In file included from /usr/lib/gcc-cross/aarch64-linux-gnu/15/include/limits.h:210,
                 from /usr/lib/gcc-cross/aarch64-linux-gnu/15/include/syslimits.h:9,
                 from /usr/lib/gcc-cross/aarch64-linux-gnu/15/include/limits.h:34:
/usr/aarch64-linux-gnu/include/limits.h:192:11: note: this is the location of the previous definition
  192 | #  define __STDC_VERSION_LIMITS_H__ 202311L
      |           ^~~~~~~~~~~~~~~~~~~~~~~~~
In file included from tommath.h:9,
                 from tommath_private.h:7,
                 from bn_s_mp_mul_digs.c:1:
/usr/lib/gcc-cross/aarch64-linux-gnu/15/include/limits.h:200:10: warning: ‘__STDC_VERSION_LIMITS_H__’ redefined
  200 | # define __STDC_VERSION_LIMITS_H__      202311L
      |          ^~~~~~~~~~~~~~~~~~~~~~~~~
In file included from /usr/lib/gcc-cross/aarch64-linux-gnu/15/include/limits.h:210,
                 from /usr/lib/gcc-cross/aarch64-linux-gnu/15/include/syslimits.h:9,
                 from /usr/lib/gcc-cross/aarch64-linux-gnu/15/include/limits.h:34:
/usr/aarch64-linux-gnu/include/limits.h:192:11: note: this is the location of the previous definition
  192 | #  define __STDC_VERSION_LIMITS_H__ 202311L
      |           ^~~~~~~~~~~~~~~~~~~~~~~~~
aarch64-linux-gnu-gcc -c -D_FORTIFY_SOURCE=2 -fstack-protector-strong -Wundef -fno-strict-overflow -Wno-pointer-sign -Os -W -Wall  -I. -I../libtomcrypt/src/headers/ -I./../libtomcrypt/src/headers/ -I../ -I./../src -Wno-deprecated -I./src/../libtomcrypt/src/headers/ -DLOCALOPTIONS_H_EXISTS -I. -I./src -DDROPBEAR_SERVER -DDBMULTI_dropbear -DDBMULTI_dropbearkey -DDBMULTI_scp -DDROPBEAR_MULTI -I./ -Wall -Wsign-compare -Wextra -Wshadow -Wdeclaration-after-statement -Wbad-function-cast -Wcast-align -Wstrict-prototypes -Wpointer-arith -Wsystem-headers -O3 -funroll-loops -fomit-frame-pointer bn_s_mp_mul_digs_fast.c -o bn_s_mp_mul_digs_fast.o
aarch64-linux-gnu-gcc -Isrc/headers/ -I./src/headers/ -I../ -I./../src -DLTC_SOURCE -I../libtommath/ -I./../libtommath/ -D_FORTIFY_SOURCE=2 -fstack-protector-strong -Wundef -fno-strict-overflow -Wno-pointer-sign -Os -W -Wall  -I./src/../libtomcrypt/src/headers/ -DLOCALOPTIONS_H_EXISTS -I. -I./src -DDROPBEAR_SERVER -DDBMULTI_dropbear -DDBMULTI_dropbearkey -DDBMULTI_scp -DDROPBEAR_MULTI -c src/math/rand_prime.c -o src/math/rand_prime.o
In file included from tommath.h:9,
                 from tommath_private.h:7,
                 from bn_s_mp_mul_digs_fast.c:1:
/usr/lib/gcc-cross/aarch64-linux-gnu/15/include/limits.h:200:10: warning: ‘__STDC_VERSION_LIMITS_H__’ redefined
  200 | # define __STDC_VERSION_LIMITS_H__      202311L
      |          ^~~~~~~~~~~~~~~~~~~~~~~~~
aarch64-linux-gnu-gcc -c -D_FORTIFY_SOURCE=2 -fstack-protector-strong -Wundef -fno-strict-overflow -Wno-pointer-sign -Os -W -Wall  -I. -I../libtomcrypt/src/headers/ -I./../libtomcrypt/src/headers/ -I../ -I./../src -Wno-deprecated -I./src/../libtomcrypt/src/headers/ -DLOCALOPTIONS_H_EXISTS -I. -I./src -DDROPBEAR_SERVER -DDBMULTI_dropbear -DDBMULTI_dropbearkey -DDBMULTI_scp -DDROPBEAR_MULTI -I./ -Wall -Wsign-compare -Wextra -Wshadow -Wdeclaration-after-statement -Wbad-function-cast -Wcast-align -Wstrict-prototypes -Wpointer-arith -Wsystem-headers -O3 -funroll-loops -fomit-frame-pointer bn_s_mp_mul_high_digs.c -o bn_s_mp_mul_high_digs.o
In file included from /usr/lib/gcc-cross/aarch64-linux-gnu/15/include/limits.h:210,
                 from /usr/lib/gcc-cross/aarch64-linux-gnu/15/include/syslimits.h:9,
                 from /usr/lib/gcc-cross/aarch64-linux-gnu/15/include/limits.h:34:
/usr/aarch64-linux-gnu/include/limits.h:192:11: note: this is the location of the previous definition
  192 | #  define __STDC_VERSION_LIMITS_H__ 202311L
      |           ^~~~~~~~~~~~~~~~~~~~~~~~~
aarch64-linux-gnu-gcc -Isrc/headers/ -I./src/headers/ -I../ -I./../src -DLTC_SOURCE -I../libtommath/ -I./../libtommath/ -D_FORTIFY_SOURCE=2 -fstack-protector-strong -Wundef -fno-strict-overflow -Wno-pointer-sign -Os -W -Wall  -I./src/../libtomcrypt/src/headers/ -DLOCALOPTIONS_H_EXISTS -I. -I./src -DDROPBEAR_SERVER -DDBMULTI_dropbear -DDBMULTI_dropbearkey -DDBMULTI_scp -DDROPBEAR_MULTI -c src/math/tfm_desc.c -o src/math/tfm_desc.o
In file included from tommath.h:9,
                 from tommath_private.h:7,
                 from bn_s_mp_mul_high_digs.c:1:
/usr/lib/gcc-cross/aarch64-linux-gnu/15/include/limits.h:200:10: warning: ‘__STDC_VERSION_LIMITS_H__’ redefined
  200 | # define __STDC_VERSION_LIMITS_H__      202311L
      |          ^~~~~~~~~~~~~~~~~~~~~~~~~
aarch64-linux-gnu-gcc -c -D_FORTIFY_SOURCE=2 -fstack-protector-strong -Wundef -fno-strict-overflow -Wno-pointer-sign -Os -W -Wall  -I. -I../libtomcrypt/src/headers/ -I./../libtomcrypt/src/headers/ -I../ -I./../src -Wno-deprecated -I./src/../libtomcrypt/src/headers/ -DLOCALOPTIONS_H_EXISTS -I. -I./src -DDROPBEAR_SERVER -DDBMULTI_dropbear -DDBMULTI_dropbearkey -DDBMULTI_scp -DDROPBEAR_MULTI -I./ -Wall -Wsign-compare -Wextra -Wshadow -Wdeclaration-after-statement -Wbad-function-cast -Wcast-align -Wstrict-prototypes -Wpointer-arith -Wsystem-headers -O3 -funroll-loops -fomit-frame-pointer bn_s_mp_mul_high_digs_fast.c -o bn_s_mp_mul_high_digs_fast.o
In file included from /usr/lib/gcc-cross/aarch64-linux-gnu/15/include/limits.h:210,
                 from /usr/lib/gcc-cross/aarch64-linux-gnu/15/include/syslimits.h:9,
                 from /usr/lib/gcc-cross/aarch64-linux-gnu/15/include/limits.h:34:
/usr/aarch64-linux-gnu/include/limits.h:192:11: note: this is the location of the previous definition
  192 | #  define __STDC_VERSION_LIMITS_H__ 202311L
      |           ^~~~~~~~~~~~~~~~~~~~~~~~~
aarch64-linux-gnu-gcc -c -D_FORTIFY_SOURCE=2 -fstack-protector-strong -Wundef -fno-strict-overflow -Wno-pointer-sign -Os -W -Wall  -I. -I../libtomcrypt/src/headers/ -I./../libtomcrypt/src/headers/ -I../ -I./../src -Wno-deprecated -I./src/../libtomcrypt/src/headers/ -DLOCALOPTIONS_H_EXISTS -I. -I./src -DDROPBEAR_SERVER -DDBMULTI_dropbear -DDBMULTI_dropbearkey -DDBMULTI_scp -DDROPBEAR_MULTI -I./ -Wall -Wsign-compare -Wextra -Wshadow -Wdeclaration-after-statement -Wbad-function-cast -Wcast-align -Wstrict-prototypes -Wpointer-arith -Wsystem-headers -O3 -funroll-loops -fomit-frame-pointer bn_s_mp_prime_is_divisible.c -o bn_s_mp_prime_is_divisible.o
aarch64-linux-gnu-gcc -Isrc/headers/ -I./src/headers/ -I../ -I./../src -DLTC_SOURCE -I../libtommath/ -I./../libtommath/ -D_FORTIFY_SOURCE=2 -fstack-protector-strong -Wundef -fno-strict-overflow -Wno-pointer-sign -Os -W -Wall  -I./src/../libtomcrypt/src/headers/ -DLOCALOPTIONS_H_EXISTS -I. -I./src -DDROPBEAR_SERVER -DDBMULTI_dropbear -DDBMULTI_dropbearkey -DDBMULTI_scp -DDROPBEAR_MULTI -c src/misc/adler32.c -o src/misc/adler32.o
In file included from tommath.h:9,
                 from tommath_private.h:7,
                 from bn_s_mp_mul_high_digs_fast.c:1:
/usr/lib/gcc-cross/aarch64-linux-gnu/15/include/limits.h:200:10: warning: ‘__STDC_VERSION_LIMITS_H__’ redefined
  200 | # define __STDC_VERSION_LIMITS_H__      202311L
      |          ^~~~~~~~~~~~~~~~~~~~~~~~~
In file included from /usr/lib/gcc-cross/aarch64-linux-gnu/15/include/limits.h:210,
                 from /usr/lib/gcc-cross/aarch64-linux-gnu/15/include/syslimits.h:9,
                 from /usr/lib/gcc-cross/aarch64-linux-gnu/15/include/limits.h:34:
/usr/aarch64-linux-gnu/include/limits.h:192:11: note: this is the location of the previous definition
  192 | #  define __STDC_VERSION_LIMITS_H__ 202311L
      |           ^~~~~~~~~~~~~~~~~~~~~~~~~
aarch64-linux-gnu-gcc -Isrc/headers/ -I./src/headers/ -I../ -I./../src -DLTC_SOURCE -I../libtommath/ -I./../libtommath/ -D_FORTIFY_SOURCE=2 -fstack-protector-strong -Wundef -fno-strict-overflow -Wno-pointer-sign -Os -W -Wall  -I./src/../libtomcrypt/src/headers/ -DLOCALOPTIONS_H_EXISTS -I. -I./src -DDROPBEAR_SERVER -DDBMULTI_dropbear -DDBMULTI_dropbearkey -DDBMULTI_scp -DDROPBEAR_MULTI -c src/misc/base64/base64_decode.c -o src/misc/base64/base64_decode.o
In file included from tommath.h:9,
                 from tommath_private.h:7,
                 from bn_s_mp_prime_is_divisible.c:1:
/usr/lib/gcc-cross/aarch64-linux-gnu/15/include/limits.h:200:10: warning: ‘__STDC_VERSION_LIMITS_H__’ redefined
  200 | # define __STDC_VERSION_LIMITS_H__      202311L
      |          ^~~~~~~~~~~~~~~~~~~~~~~~~
In file included from /usr/lib/gcc-cross/aarch64-linux-gnu/15/include/limits.h:210,
                 from /usr/lib/gcc-cross/aarch64-linux-gnu/15/include/syslimits.h:9,
                 from /usr/lib/gcc-cross/aarch64-linux-gnu/15/include/limits.h:34:
/usr/aarch64-linux-gnu/include/limits.h:192:11: note: this is the location of the previous definition
  192 | #  define __STDC_VERSION_LIMITS_H__ 202311L
      |           ^~~~~~~~~~~~~~~~~~~~~~~~~
aarch64-linux-gnu-gcc -c -D_FORTIFY_SOURCE=2 -fstack-protector-strong -Wundef -fno-strict-overflow -Wno-pointer-sign -Os -W -Wall  -I. -I../libtomcrypt/src/headers/ -I./../libtomcrypt/src/headers/ -I../ -I./../src -Wno-deprecated -I./src/../libtomcrypt/src/headers/ -DLOCALOPTIONS_H_EXISTS -I. -I./src -DDROPBEAR_SERVER -DDBMULTI_dropbear -DDBMULTI_dropbearkey -DDBMULTI_scp -DDROPBEAR_MULTI -I./ -Wall -Wsign-compare -Wextra -Wshadow -Wdeclaration-after-statement -Wbad-function-cast -Wcast-align -Wstrict-prototypes -Wpointer-arith -Wsystem-headers -O3 -funroll-loops -fomit-frame-pointer bn_s_mp_rand_jenkins.c -o bn_s_mp_rand_jenkins.o
aarch64-linux-gnu-gcc -Isrc/headers/ -I./src/headers/ -I../ -I./../src -DLTC_SOURCE -I../libtommath/ -I./../libtommath/ -D_FORTIFY_SOURCE=2 -fstack-protector-strong -Wundef -fno-strict-overflow -Wno-pointer-sign -Os -W -Wall  -I./src/../libtomcrypt/src/headers/ -DLOCALOPTIONS_H_EXISTS -I. -I./src -DDROPBEAR_SERVER -DDBMULTI_dropbear -DDBMULTI_dropbearkey -DDBMULTI_scp -DDROPBEAR_MULTI -c src/misc/base64/base64_encode.c -o src/misc/base64/base64_encode.o
aarch64-linux-gnu-gcc -c -D_FORTIFY_SOURCE=2 -fstack-protector-strong -Wundef -fno-strict-overflow -Wno-pointer-sign -Os -W -Wall  -I. -I../libtomcrypt/src/headers/ -I./../libtomcrypt/src/headers/ -I../ -I./../src -Wno-deprecated -I./src/../libtomcrypt/src/headers/ -DLOCALOPTIONS_H_EXISTS -I. -I./src -DDROPBEAR_SERVER -DDBMULTI_dropbear -DDBMULTI_dropbearkey -DDBMULTI_scp -DDROPBEAR_MULTI -I./ -Wall -Wsign-compare -Wextra -Wshadow -Wdeclaration-after-statement -Wbad-function-cast -Wcast-align -Wstrict-prototypes -Wpointer-arith -Wsystem-headers -O3 -funroll-loops -fomit-frame-pointer bn_s_mp_rand_platform.c -o bn_s_mp_rand_platform.o
In file included from tommath.h:9,
                 from tommath_private.h:7,
                 from bn_s_mp_rand_jenkins.c:1:
/usr/lib/gcc-cross/aarch64-linux-gnu/15/include/limits.h:200:10: warning: ‘__STDC_VERSION_LIMITS_H__’ redefined
  200 | # define __STDC_VERSION_LIMITS_H__      202311L
      |          ^~~~~~~~~~~~~~~~~~~~~~~~~
In file included from /usr/lib/gcc-cross/aarch64-linux-gnu/15/include/limits.h:210,
                 from /usr/lib/gcc-cross/aarch64-linux-gnu/15/include/syslimits.h:9,
                 from /usr/lib/gcc-cross/aarch64-linux-gnu/15/include/limits.h:34:
/usr/aarch64-linux-gnu/include/limits.h:192:11: note: this is the location of the previous definition
  192 | #  define __STDC_VERSION_LIMITS_H__ 202311L
      |           ^~~~~~~~~~~~~~~~~~~~~~~~~
aarch64-linux-gnu-gcc -Isrc/headers/ -I./src/headers/ -I../ -I./../src -DLTC_SOURCE -I../libtommath/ -I./../libtommath/ -D_FORTIFY_SOURCE=2 -fstack-protector-strong -Wundef -fno-strict-overflow -Wno-pointer-sign -Os -W -Wall  -I./src/../libtomcrypt/src/headers/ -DLOCALOPTIONS_H_EXISTS -I. -I./src -DDROPBEAR_SERVER -DDBMULTI_dropbear -DDBMULTI_dropbearkey -DDBMULTI_scp -DDROPBEAR_MULTI -c src/misc/burn_stack.c -o src/misc/burn_stack.o
aarch64-linux-gnu-gcc -c -D_FORTIFY_SOURCE=2 -fstack-protector-strong -Wundef -fno-strict-overflow -Wno-pointer-sign -Os -W -Wall  -I. -I../libtomcrypt/src/headers/ -I./../libtomcrypt/src/headers/ -I../ -I./../src -Wno-deprecated -I./src/../libtomcrypt/src/headers/ -DLOCALOPTIONS_H_EXISTS -I. -I./src -DDROPBEAR_SERVER -DDBMULTI_dropbear -DDBMULTI_dropbearkey -DDBMULTI_scp -DDROPBEAR_MULTI -I./ -Wall -Wsign-compare -Wextra -Wshadow -Wdeclaration-after-statement -Wbad-function-cast -Wcast-align -Wstrict-prototypes -Wpointer-arith -Wsystem-headers -O3 -funroll-loops -fomit-frame-pointer bn_s_mp_reverse.c -o bn_s_mp_reverse.o
aarch64-linux-gnu-gcc -Isrc/headers/ -I./src/headers/ -I../ -I./../src -DLTC_SOURCE -I../libtommath/ -I./../libtommath/ -D_FORTIFY_SOURCE=2 -fstack-protector-strong -Wundef -fno-strict-overflow -Wno-pointer-sign -Os -W -Wall  -I./src/../libtomcrypt/src/headers/ -DLOCALOPTIONS_H_EXISTS -I. -I./src -DDROPBEAR_SERVER -DDBMULTI_dropbear -DDBMULTI_dropbearkey -DDBMULTI_scp -DDROPBEAR_MULTI -c src/misc/compare_testvector.c -o src/misc/compare_testvector.o
aarch64-linux-gnu-gcc -c -D_FORTIFY_SOURCE=2 -fstack-protector-strong -Wundef -fno-strict-overflow -Wno-pointer-sign -Os -W -Wall  -I. -I../libtomcrypt/src/headers/ -I./../libtomcrypt/src/headers/ -I../ -I./../src -Wno-deprecated -I./src/../libtomcrypt/src/headers/ -DLOCALOPTIONS_H_EXISTS -I. -I./src -DDROPBEAR_SERVER -DDBMULTI_dropbear -DDBMULTI_dropbearkey -DDBMULTI_scp -DDROPBEAR_MULTI -I./ -Wall -Wsign-compare -Wextra -Wshadow -Wdeclaration-after-statement -Wbad-function-cast -Wcast-align -Wstrict-prototypes -Wpointer-arith -Wsystem-headers -O3 -funroll-loops -fomit-frame-pointer bn_s_mp_sqr.c -o bn_s_mp_sqr.o
aarch64-linux-gnu-gcc -Isrc/headers/ -I./src/headers/ -I../ -I./../src -DLTC_SOURCE -I../libtommath/ -I./../libtommath/ -D_FORTIFY_SOURCE=2 -fstack-protector-strong -Wundef -fno-strict-overflow -Wno-pointer-sign -Os -W -Wall  -I./src/../libtomcrypt/src/headers/ -DLOCALOPTIONS_H_EXISTS -I. -I./src -DDROPBEAR_SERVER -DDBMULTI_dropbear -DDBMULTI_dropbearkey -DDBMULTI_scp -DDROPBEAR_MULTI -c src/misc/crc32.c -o src/misc/crc32.o
aarch64-linux-gnu-gcc -c -D_FORTIFY_SOURCE=2 -fstack-protector-strong -Wundef -fno-strict-overflow -Wno-pointer-sign -Os -W -Wall  -I. -I../libtomcrypt/src/headers/ -I./../libtomcrypt/src/headers/ -I../ -I./../src -Wno-deprecated -I./src/../libtomcrypt/src/headers/ -DLOCALOPTIONS_H_EXISTS -I. -I./src -DDROPBEAR_SERVER -DDBMULTI_dropbear -DDBMULTI_dropbearkey -DDBMULTI_scp -DDROPBEAR_MULTI -I./ -Wall -Wsign-compare -Wextra -Wshadow -Wdeclaration-after-statement -Wbad-function-cast -Wcast-align -Wstrict-prototypes -Wpointer-arith -Wsystem-headers -O3 -funroll-loops -fomit-frame-pointer bn_s_mp_sqr_fast.c -o bn_s_mp_sqr_fast.o
In file included from tommath.h:9,
                 from tommath_private.h:7,
                 from bn_s_mp_rand_platform.c:1:
/usr/lib/gcc-cross/aarch64-linux-gnu/15/include/limits.h:200:10: warning: ‘__STDC_VERSION_LIMITS_H__’ redefined
  200 | # define __STDC_VERSION_LIMITS_H__      202311L
      |          ^~~~~~~~~~~~~~~~~~~~~~~~~
In file included from /usr/lib/gcc-cross/aarch64-linux-gnu/15/include/limits.h:210,
                 from /usr/lib/gcc-cross/aarch64-linux-gnu/15/include/syslimits.h:9,
                 from /usr/lib/gcc-cross/aarch64-linux-gnu/15/include/limits.h:34:
/usr/aarch64-linux-gnu/include/limits.h:192:11: note: this is the location of the previous definition
  192 | #  define __STDC_VERSION_LIMITS_H__ 202311L
      |           ^~~~~~~~~~~~~~~~~~~~~~~~~
In file included from tommath.h:9,
                 from tommath_private.h:7,
                 from bn_s_mp_sqr.c:1:
/usr/lib/gcc-cross/aarch64-linux-gnu/15/include/limits.h:200:10: warning: ‘__STDC_VERSION_LIMITS_H__’ redefined
  200 | # define __STDC_VERSION_LIMITS_H__      202311L
      |          ^~~~~~~~~~~~~~~~~~~~~~~~~
In file included from /usr/lib/gcc-cross/aarch64-linux-gnu/15/include/limits.h:210,
                 from /usr/lib/gcc-cross/aarch64-linux-gnu/15/include/syslimits.h:9,
                 from /usr/lib/gcc-cross/aarch64-linux-gnu/15/include/limits.h:34:
/usr/aarch64-linux-gnu/include/limits.h:192:11: note: this is the location of the previous definition
  192 | #  define __STDC_VERSION_LIMITS_H__ 202311L
      |           ^~~~~~~~~~~~~~~~~~~~~~~~~
In file included from tommath.h:9,
                 from tommath_private.h:7,
                 from bn_s_mp_reverse.c:1:
/usr/lib/gcc-cross/aarch64-linux-gnu/15/include/limits.h:200:10: warning: ‘__STDC_VERSION_LIMITS_H__’ redefined
  200 | # define __STDC_VERSION_LIMITS_H__      202311L
      |          ^~~~~~~~~~~~~~~~~~~~~~~~~
In file included from /usr/lib/gcc-cross/aarch64-linux-gnu/15/include/limits.h:210,
                 from /usr/lib/gcc-cross/aarch64-linux-gnu/15/include/syslimits.h:9,
                 from /usr/lib/gcc-cross/aarch64-linux-gnu/15/include/limits.h:34:
/usr/aarch64-linux-gnu/include/limits.h:192:11: note: this is the location of the previous definition
  192 | #  define __STDC_VERSION_LIMITS_H__ 202311L
      |           ^~~~~~~~~~~~~~~~~~~~~~~~~
aarch64-linux-gnu-gcc -c -D_FORTIFY_SOURCE=2 -fstack-protector-strong -Wundef -fno-strict-overflow -Wno-pointer-sign -Os -W -Wall  -I. -I../libtomcrypt/src/headers/ -I./../libtomcrypt/src/headers/ -I../ -I./../src -Wno-deprecated -I./src/../libtomcrypt/src/headers/ -DLOCALOPTIONS_H_EXISTS -I. -I./src -DDROPBEAR_SERVER -DDBMULTI_dropbear -DDBMULTI_dropbearkey -DDBMULTI_scp -DDROPBEAR_MULTI -I./ -Wall -Wsign-compare -Wextra -Wshadow -Wdeclaration-after-statement -Wbad-function-cast -Wcast-align -Wstrict-prototypes -Wpointer-arith -Wsystem-headers -O3 -funroll-loops -fomit-frame-pointer bn_s_mp_sub.c -o bn_s_mp_sub.o
In file included from tommath.h:9,
                 from tommath_private.h:7,
                 from bn_s_mp_sqr_fast.c:1:
/usr/lib/gcc-cross/aarch64-linux-gnu/15/include/limits.h:200:10: warning: ‘__STDC_VERSION_LIMITS_H__’ redefined
  200 | # define __STDC_VERSION_LIMITS_H__      202311L
      |          ^~~~~~~~~~~~~~~~~~~~~~~~~
In file included from /usr/lib/gcc-cross/aarch64-linux-gnu/15/include/limits.h:210,
                 from /usr/lib/gcc-cross/aarch64-linux-gnu/15/include/syslimits.h:9,
                 from /usr/lib/gcc-cross/aarch64-linux-gnu/15/include/limits.h:34:
/usr/aarch64-linux-gnu/include/limits.h:192:11: note: this is the location of the previous definition
  192 | #  define __STDC_VERSION_LIMITS_H__ 202311L
      |           ^~~~~~~~~~~~~~~~~~~~~~~~~
aarch64-linux-gnu-gcc -c -D_FORTIFY_SOURCE=2 -fstack-protector-strong -Wundef -fno-strict-overflow -Wno-pointer-sign -Os -W -Wall  -I. -I../libtomcrypt/src/headers/ -I./../libtomcrypt/src/headers/ -I../ -I./../src -Wno-deprecated -I./src/../libtomcrypt/src/headers/ -DLOCALOPTIONS_H_EXISTS -I. -I./src -DDROPBEAR_SERVER -DDBMULTI_dropbear -DDBMULTI_dropbearkey -DDBMULTI_scp -DDROPBEAR_MULTI -I./ -Wall -Wsign-compare -Wextra -Wshadow -Wdeclaration-after-statement -Wbad-function-cast -Wcast-align -Wstrict-prototypes -Wpointer-arith -Wsystem-headers -O3 -funroll-loops -fomit-frame-pointer bn_s_mp_toom_mul.c -o bn_s_mp_toom_mul.o
In file included from tommath.h:9,
                 from tommath_private.h:7,
                 from bn_s_mp_sub.c:1:
/usr/lib/gcc-cross/aarch64-linux-gnu/15/include/limits.h:200:10: warning: ‘__STDC_VERSION_LIMITS_H__’ redefined
  200 | # define __STDC_VERSION_LIMITS_H__      202311L
      |          ^~~~~~~~~~~~~~~~~~~~~~~~~
In file included from /usr/lib/gcc-cross/aarch64-linux-gnu/15/include/limits.h:210,
                 from /usr/lib/gcc-cross/aarch64-linux-gnu/15/include/syslimits.h:9,
                 from /usr/lib/gcc-cross/aarch64-linux-gnu/15/include/limits.h:34:
/usr/aarch64-linux-gnu/include/limits.h:192:11: note: this is the location of the previous definition
  192 | #  define __STDC_VERSION_LIMITS_H__ 202311L
      |           ^~~~~~~~~~~~~~~~~~~~~~~~~
aarch64-linux-gnu-gcc -c -D_FORTIFY_SOURCE=2 -fstack-protector-strong -Wundef -fno-strict-overflow -Wno-pointer-sign -Os -W -Wall  -I. -I../libtomcrypt/src/headers/ -I./../libtomcrypt/src/headers/ -I../ -I./../src -Wno-deprecated -I./src/../libtomcrypt/src/headers/ -DLOCALOPTIONS_H_EXISTS -I. -I./src -DDROPBEAR_SERVER -DDBMULTI_dropbear -DDBMULTI_dropbearkey -DDBMULTI_scp -DDROPBEAR_MULTI -I./ -Wall -Wsign-compare -Wextra -Wshadow -Wdeclaration-after-statement -Wbad-function-cast -Wcast-align -Wstrict-prototypes -Wpointer-arith -Wsystem-headers -O3 -funroll-loops -fomit-frame-pointer bn_s_mp_toom_sqr.c -o bn_s_mp_toom_sqr.o
In file included from tommath.h:9,
                 from tommath_private.h:7,
                 from bn_s_mp_toom_mul.c:1:
/usr/lib/gcc-cross/aarch64-linux-gnu/15/include/limits.h:200:10: warning: ‘__STDC_VERSION_LIMITS_H__’ redefined
  200 | # define __STDC_VERSION_LIMITS_H__      202311L
      |          ^~~~~~~~~~~~~~~~~~~~~~~~~
aarch64-linux-gnu-gcc -Isrc/headers/ -I./src/headers/ -I../ -I./../src -DLTC_SOURCE -I../libtommath/ -I./../libtommath/ -D_FORTIFY_SOURCE=2 -fstack-protector-strong -Wundef -fno-strict-overflow -Wno-pointer-sign -Os -W -Wall  -I./src/../libtomcrypt/src/headers/ -DLOCALOPTIONS_H_EXISTS -I. -I./src -DDROPBEAR_SERVER -DDBMULTI_dropbear -DDBMULTI_dropbearkey -DDBMULTI_scp -DDROPBEAR_MULTI -c src/misc/crypt/crypt.c -o src/misc/crypt/crypt.o
In file included from /usr/lib/gcc-cross/aarch64-linux-gnu/15/include/limits.h:210,
                 from /usr/lib/gcc-cross/aarch64-linux-gnu/15/include/syslimits.h:9,
                 from /usr/lib/gcc-cross/aarch64-linux-gnu/15/include/limits.h:34:
/usr/aarch64-linux-gnu/include/limits.h:192:11: note: this is the location of the previous definition
  192 | #  define __STDC_VERSION_LIMITS_H__ 202311L
      |           ^~~~~~~~~~~~~~~~~~~~~~~~~
aarch64-linux-gnu-gcc -Isrc/headers/ -I./src/headers/ -I../ -I./../src -DLTC_SOURCE -I../libtommath/ -I./../libtommath/ -D_FORTIFY_SOURCE=2 -fstack-protector-strong -Wundef -fno-strict-overflow -Wno-pointer-sign -Os -W -Wall  -I./src/../libtomcrypt/src/headers/ -DLOCALOPTIONS_H_EXISTS -I. -I./src -DDROPBEAR_SERVER -DDBMULTI_dropbear -DDBMULTI_dropbearkey -DDBMULTI_scp -DDROPBEAR_MULTI -c src/misc/crypt/crypt_argchk.c -o src/misc/crypt/crypt_argchk.o
aarch64-linux-gnu-gcc -Isrc/headers/ -I./src/headers/ -I../ -I./../src -DLTC_SOURCE -I../libtommath/ -I./../libtommath/ -D_FORTIFY_SOURCE=2 -fstack-protector-strong -Wundef -fno-strict-overflow -Wno-pointer-sign -Os -W -Wall  -I./src/../libtomcrypt/src/headers/ -DLOCALOPTIONS_H_EXISTS -I. -I./src -DDROPBEAR_SERVER -DDBMULTI_dropbear -DDBMULTI_dropbearkey -DDBMULTI_scp -DDROPBEAR_MULTI -c src/misc/crypt/crypt_cipher_descriptor.c -o src/misc/crypt/crypt_cipher_descriptor.o
aarch64-linux-gnu-gcc -Isrc/headers/ -I./src/headers/ -I../ -I./../src -DLTC_SOURCE -I../libtommath/ -I./../libtommath/ -D_FORTIFY_SOURCE=2 -fstack-protector-strong -Wundef -fno-strict-overflow -Wno-pointer-sign -Os -W -Wall  -I./src/../libtomcrypt/src/headers/ -DLOCALOPTIONS_H_EXISTS -I. -I./src -DDROPBEAR_SERVER -DDBMULTI_dropbear -DDBMULTI_dropbearkey -DDBMULTI_scp -DDROPBEAR_MULTI -c src/misc/crypt/crypt_cipher_is_valid.c -o src/misc/crypt/crypt_cipher_is_valid.o
aarch64-linux-gnu-gcc -Isrc/headers/ -I./src/headers/ -I../ -I./../src -DLTC_SOURCE -I../libtommath/ -I./../libtommath/ -D_FORTIFY_SOURCE=2 -fstack-protector-strong -Wundef -fno-strict-overflow -Wno-pointer-sign -Os -W -Wall  -I./src/../libtomcrypt/src/headers/ -DLOCALOPTIONS_H_EXISTS -I. -I./src -DDROPBEAR_SERVER -DDBMULTI_dropbear -DDBMULTI_dropbearkey -DDBMULTI_scp -DDROPBEAR_MULTI -c src/misc/crypt/crypt_constants.c -o src/misc/crypt/crypt_constants.o
aarch64-linux-gnu-gcc -Isrc/headers/ -I./src/headers/ -I../ -I./../src -DLTC_SOURCE -I../libtommath/ -I./../libtommath/ -D_FORTIFY_SOURCE=2 -fstack-protector-strong -Wundef -fno-strict-overflow -Wno-pointer-sign -Os -W -Wall  -I./src/../libtomcrypt/src/headers/ -DLOCALOPTIONS_H_EXISTS -I. -I./src -DDROPBEAR_SERVER -DDBMULTI_dropbear -DDBMULTI_dropbearkey -DDBMULTI_scp -DDROPBEAR_MULTI -c src/misc/crypt/crypt_find_cipher.c -o src/misc/crypt/crypt_find_cipher.o
In file included from tommath.h:9,
                 from tommath_private.h:7,
                 from bn_s_mp_toom_sqr.c:1:
/usr/lib/gcc-cross/aarch64-linux-gnu/15/include/limits.h:200:10: warning: ‘__STDC_VERSION_LIMITS_H__’ redefined
  200 | # define __STDC_VERSION_LIMITS_H__      202311L
      |          ^~~~~~~~~~~~~~~~~~~~~~~~~
In file included from /usr/lib/gcc-cross/aarch64-linux-gnu/15/include/limits.h:210,
                 from /usr/lib/gcc-cross/aarch64-linux-gnu/15/include/syslimits.h:9,
                 from /usr/lib/gcc-cross/aarch64-linux-gnu/15/include/limits.h:34:
/usr/aarch64-linux-gnu/include/limits.h:192:11: note: this is the location of the previous definition
  192 | #  define __STDC_VERSION_LIMITS_H__ 202311L
      |           ^~~~~~~~~~~~~~~~~~~~~~~~~
aarch64-linux-gnu-gcc -Isrc/headers/ -I./src/headers/ -I../ -I./../src -DLTC_SOURCE -I../libtommath/ -I./../libtommath/ -D_FORTIFY_SOURCE=2 -fstack-protector-strong -Wundef -fno-strict-overflow -Wno-pointer-sign -Os -W -Wall  -I./src/../libtomcrypt/src/headers/ -DLOCALOPTIONS_H_EXISTS -I. -I./src -DDROPBEAR_SERVER -DDBMULTI_dropbear -DDBMULTI_dropbearkey -DDBMULTI_scp -DDROPBEAR_MULTI -c src/misc/crypt/crypt_find_cipher_any.c -o src/misc/crypt/crypt_find_cipher_any.o
aarch64-linux-gnu-gcc -Isrc/headers/ -I./src/headers/ -I../ -I./../src -DLTC_SOURCE -I../libtommath/ -I./../libtommath/ -D_FORTIFY_SOURCE=2 -fstack-protector-strong -Wundef -fno-strict-overflow -Wno-pointer-sign -Os -W -Wall  -I./src/../libtomcrypt/src/headers/ -DLOCALOPTIONS_H_EXISTS -I. -I./src -DDROPBEAR_SERVER -DDBMULTI_dropbear -DDBMULTI_dropbearkey -DDBMULTI_scp -DDROPBEAR_MULTI -c src/misc/crypt/crypt_find_cipher_id.c -o src/misc/crypt/crypt_find_cipher_id.o
aarch64-linux-gnu-gcc -Isrc/headers/ -I./src/headers/ -I../ -I./../src -DLTC_SOURCE -I../libtommath/ -I./../libtommath/ -D_FORTIFY_SOURCE=2 -fstack-protector-strong -Wundef -fno-strict-overflow -Wno-pointer-sign -Os -W -Wall  -I./src/../libtomcrypt/src/headers/ -DLOCALOPTIONS_H_EXISTS -I. -I./src -DDROPBEAR_SERVER -DDBMULTI_dropbear -DDBMULTI_dropbearkey -DDBMULTI_scp -DDROPBEAR_MULTI -c src/misc/crypt/crypt_find_hash.c -o src/misc/crypt/crypt_find_hash.o
aarch64-linux-gnu-gcc -Isrc/headers/ -I./src/headers/ -I../ -I./../src -DLTC_SOURCE -I../libtommath/ -I./../libtommath/ -D_FORTIFY_SOURCE=2 -fstack-protector-strong -Wundef -fno-strict-overflow -Wno-pointer-sign -Os -W -Wall  -I./src/../libtomcrypt/src/headers/ -DLOCALOPTIONS_H_EXISTS -I. -I./src -DDROPBEAR_SERVER -DDBMULTI_dropbear -DDBMULTI_dropbearkey -DDBMULTI_scp -DDROPBEAR_MULTI -c src/misc/crypt/crypt_find_hash_any.c -o src/misc/crypt/crypt_find_hash_any.o
aarch64-linux-gnu-gcc -Isrc/headers/ -I./src/headers/ -I../ -I./../src -DLTC_SOURCE -I../libtommath/ -I./../libtommath/ -D_FORTIFY_SOURCE=2 -fstack-protector-strong -Wundef -fno-strict-overflow -Wno-pointer-sign -Os -W -Wall  -I./src/../libtomcrypt/src/headers/ -DLOCALOPTIONS_H_EXISTS -I. -I./src -DDROPBEAR_SERVER -DDBMULTI_dropbear -DDBMULTI_dropbearkey -DDBMULTI_scp -DDROPBEAR_MULTI -c src/misc/crypt/crypt_find_hash_id.c -o src/misc/crypt/crypt_find_hash_id.o
aarch64-linux-gnu-gcc -Isrc/headers/ -I./src/headers/ -I../ -I./../src -DLTC_SOURCE -I../libtommath/ -I./../libtommath/ -D_FORTIFY_SOURCE=2 -fstack-protector-strong -Wundef -fno-strict-overflow -Wno-pointer-sign -Os -W -Wall  -I./src/../libtomcrypt/src/headers/ -DLOCALOPTIONS_H_EXISTS -I. -I./src -DDROPBEAR_SERVER -DDBMULTI_dropbear -DDBMULTI_dropbearkey -DDBMULTI_scp -DDROPBEAR_MULTI -c src/misc/crypt/crypt_find_hash_oid.c -o src/misc/crypt/crypt_find_hash_oid.o
aarch64-linux-gnu-ar -rv libtommath.a bn_cutoffs.o bn_deprecated.o bn_mp_2expt.o bn_mp_abs.o bn_mp_add.o bn_mp_add_d.o bn_mp_addmod.o bn_mp_and.o bn_mp_clamp.o bn_mp_clear.o bn_mp_clear_multi.o bn_mp_cmp.o bn_mp_cmp_d.o bn_mp_cmp_mag.o bn_mp_cnt_lsb.o bn_mp_complement.o bn_mp_copy.o bn_mp_count_bits.o bn_mp_decr.o bn_mp_div.o bn_mp_div_2.o bn_mp_div_2d.o bn_mp_div_3.o bn_mp_div_d.o bn_mp_dr_is_modulus.o bn_mp_dr_reduce.o bn_mp_dr_setup.o bn_mp_error_to_string.o bn_mp_exch.o bn_mp_expt_u32.o bn_mp_exptmod.o bn_mp_exteuclid.o bn_mp_fread.o bn_mp_from_sbin.o bn_mp_from_ubin.o bn_mp_fwrite.o bn_mp_gcd.o bn_mp_get_i32.o bn_mp_get_i64.o bn_mp_get_l.o bn_mp_get_ll.o bn_mp_get_mag_u32.o bn_mp_get_mag_u64.o bn_mp_get_mag_ul.o bn_mp_get_mag_ull.o bn_mp_grow.o bn_mp_incr.o bn_mp_init.o bn_mp_init_copy.o bn_mp_init_i32.o bn_mp_init_i64.o bn_mp_init_l.o bn_mp_init_ll.o bn_mp_init_multi.o bn_mp_init_set.o bn_mp_init_size.o bn_mp_init_u32.o bn_mp_init_u64.o bn_mp_init_ul.o bn_mp_init_ull.o bn_mp_invmod.o bn_mp_is_square.o bn_mp_iseven.o bn_mp_isodd.o bn_mp_kronecker.o bn_mp_lcm.o bn_mp_log_u32.o bn_mp_lshd.o bn_mp_mod.o bn_mp_mod_2d.o bn_mp_mod_d.o bn_mp_montgomery_calc_normalization.o bn_mp_montgomery_reduce.o bn_mp_montgomery_setup.o bn_mp_mul.o bn_mp_mul_2.o bn_mp_mul_2d.o bn_mp_mul_d.o bn_mp_mulmod.o bn_mp_neg.o bn_mp_or.o bn_mp_pack.o bn_mp_pack_count.o bn_mp_prime_fermat.o bn_mp_prime_frobenius_underwood.o bn_mp_prime_is_prime.o bn_mp_prime_miller_rabin.o bn_mp_prime_next_prime.o bn_mp_prime_rabin_miller_trials.o bn_mp_prime_rand.o bn_mp_prime_strong_lucas_selfridge.o bn_mp_radix_size.o bn_mp_radix_smap.o bn_mp_rand.o bn_mp_read_radix.o bn_mp_reduce.o bn_mp_reduce_2k.o bn_mp_reduce_2k_l.o bn_mp_reduce_2k_setup.o bn_mp_reduce_2k_setup_l.o bn_mp_reduce_is_2k.o bn_mp_reduce_is_2k_l.o bn_mp_reduce_setup.o bn_mp_root_u32.o bn_mp_rshd.o bn_mp_sbin_size.o bn_mp_set.o bn_mp_set_i32.o bn_mp_set_i64.o bn_mp_set_l.o bn_mp_set_ll.o bn_mp_set_u32.o bn_mp_set_u64.o bn_mp_set_ul.o bn_mp_set_ull.o bn_mp_shrink.o bn_mp_signed_rsh.o bn_mp_sqr.o bn_mp_sqrmod.o bn_mp_sqrt.o bn_mp_sqrtmod_prime.o bn_mp_sub.o bn_mp_sub_d.o bn_mp_submod.o bn_mp_to_radix.o bn_mp_to_sbin.o bn_mp_to_ubin.o bn_mp_ubin_size.o bn_mp_unpack.o bn_mp_xor.o bn_mp_zero.o bn_prime_tab.o bn_s_mp_add.o bn_s_mp_balance_mul.o bn_s_mp_exptmod.o bn_s_mp_exptmod_fast.o bn_s_mp_get_bit.o bn_s_mp_invmod_fast.o bn_s_mp_invmod_slow.o bn_s_mp_karatsuba_mul.o bn_s_mp_karatsuba_sqr.o bn_s_mp_montgomery_reduce_fast.o bn_s_mp_mul_digs.o bn_s_mp_mul_digs_fast.o bn_s_mp_mul_high_digs.o bn_s_mp_mul_high_digs_fast.o bn_s_mp_prime_is_divisible.o bn_s_mp_rand_jenkins.o bn_s_mp_rand_platform.o bn_s_mp_reverse.o bn_s_mp_sqr.o bn_s_mp_sqr_fast.o bn_s_mp_sub.o bn_s_mp_toom_mul.o bn_s_mp_toom_sqr.o
aarch64-linux-gnu-gcc -Isrc/headers/ -I./src/headers/ -I../ -I./../src -DLTC_SOURCE -I../libtommath/ -I./../libtommath/ -D_FORTIFY_SOURCE=2 -fstack-protector-strong -Wundef -fno-strict-overflow -Wno-pointer-sign -Os -W -Wall  -I./src/../libtomcrypt/src/headers/ -DLOCALOPTIONS_H_EXISTS -I. -I./src -DDROPBEAR_SERVER -DDBMULTI_dropbear -DDBMULTI_dropbearkey -DDBMULTI_scp -DDROPBEAR_MULTI -c src/misc/crypt/crypt_find_prng.c -o src/misc/crypt/crypt_find_prng.o
aarch64-linux-gnu-gcc -Isrc/headers/ -I./src/headers/ -I../ -I./../src -DLTC_SOURCE -I../libtommath/ -I./../libtommath/ -D_FORTIFY_SOURCE=2 -fstack-protector-strong -Wundef -fno-strict-overflow -Wno-pointer-sign -Os -W -Wall  -I./src/../libtomcrypt/src/headers/ -DLOCALOPTIONS_H_EXISTS -I. -I./src -DDROPBEAR_SERVER -DDBMULTI_dropbear -DDBMULTI_dropbearkey -DDBMULTI_scp -DDROPBEAR_MULTI -c src/misc/crypt/crypt_fsa.c -o src/misc/crypt/crypt_fsa.o
aarch64-linux-gnu-ar: creating libtommath.a
aarch64-linux-gnu-gcc -Isrc/headers/ -I./src/headers/ -I../ -I./../src -DLTC_SOURCE -I../libtommath/ -I./../libtommath/ -D_FORTIFY_SOURCE=2 -fstack-protector-strong -Wundef -fno-strict-overflow -Wno-pointer-sign -Os -W -Wall  -I./src/../libtomcrypt/src/headers/ -DLOCALOPTIONS_H_EXISTS -I. -I./src -DDROPBEAR_SERVER -DDBMULTI_dropbear -DDBMULTI_dropbearkey -DDBMULTI_scp -DDROPBEAR_MULTI -c src/misc/crypt/crypt_hash_descriptor.c -o src/misc/crypt/crypt_hash_descriptor.o
a - bn_cutoffs.o
a - bn_deprecated.o
a - bn_mp_2expt.o
a - bn_mp_abs.o
a - bn_mp_add.o
a - bn_mp_add_d.o
a - bn_mp_addmod.o
a - bn_mp_and.o
a - bn_mp_clamp.o
a - bn_mp_clear.o
a - bn_mp_clear_multi.o
a - bn_mp_cmp.o
a - bn_mp_cmp_d.o
a - bn_mp_cmp_mag.o
a - bn_mp_cnt_lsb.o
a - bn_mp_complement.o
a - bn_mp_copy.o
a - bn_mp_count_bits.o
a - bn_mp_decr.o
a - bn_mp_div.o
a - bn_mp_div_2.o
a - bn_mp_div_2d.o
a - bn_mp_div_3.o
a - bn_mp_div_d.o
a - bn_mp_dr_is_modulus.o
a - bn_mp_dr_reduce.o
a - bn_mp_dr_setup.o
a - bn_mp_error_to_string.o
a - bn_mp_exch.o
a - bn_mp_expt_u32.o
a - bn_mp_exptmod.o
a - bn_mp_exteuclid.o
a - bn_mp_fread.o
a - bn_mp_from_sbin.o
a - bn_mp_from_ubin.o
a - bn_mp_fwrite.o
a - bn_mp_gcd.o
a - bn_mp_get_i32.o
a - bn_mp_get_i64.o
a - bn_mp_get_l.o
a - bn_mp_get_ll.o
a - bn_mp_get_mag_u32.o
a - bn_mp_get_mag_u64.o
a - bn_mp_get_mag_ul.o
a - bn_mp_get_mag_ull.o
a - bn_mp_grow.o
a - bn_mp_incr.o
a - bn_mp_init.o
a - bn_mp_init_copy.o
a - bn_mp_init_i32.o
a - bn_mp_init_i64.o
a - bn_mp_init_l.o
a - bn_mp_init_ll.o
a - bn_mp_init_multi.o
a - bn_mp_init_set.o
a - bn_mp_init_size.o
a - bn_mp_init_u32.o
a - bn_mp_init_u64.o
a - bn_mp_init_ul.o
a - bn_mp_init_ull.o
a - bn_mp_invmod.o
a - bn_mp_is_square.o
a - bn_mp_iseven.o
a - bn_mp_isodd.o
a - bn_mp_kronecker.o
a - bn_mp_lcm.o
a - bn_mp_log_u32.o
a - bn_mp_lshd.o
a - bn_mp_mod.o
a - bn_mp_mod_2d.o
a - bn_mp_mod_d.o
a - bn_mp_montgomery_calc_normalization.o
a - bn_mp_montgomery_reduce.o
a - bn_mp_montgomery_setup.o
a - bn_mp_mul.o
a - bn_mp_mul_2.o
a - bn_mp_mul_2d.o
a - bn_mp_mul_d.o
a - bn_mp_mulmod.o
a - bn_mp_neg.o
a - bn_mp_or.o
a - bn_mp_pack.o
a - bn_mp_pack_count.o
a - bn_mp_prime_fermat.o
a - bn_mp_prime_frobenius_underwood.o
a - bn_mp_prime_is_prime.o
a - bn_mp_prime_miller_rabin.o
a - bn_mp_prime_next_prime.o
a - bn_mp_prime_rabin_miller_trials.o
a - bn_mp_prime_rand.o
a - bn_mp_prime_strong_lucas_selfridge.o
a - bn_mp_radix_size.o
a - bn_mp_radix_smap.o
a - bn_mp_rand.o
a - bn_mp_read_radix.o
a - bn_mp_reduce.o
a - bn_mp_reduce_2k.o
a - bn_mp_reduce_2k_l.o
a - bn_mp_reduce_2k_setup.o
a - bn_mp_reduce_2k_setup_l.o
a - bn_mp_reduce_is_2k.o
a - bn_mp_reduce_is_2k_l.o
a - bn_mp_reduce_setup.o
a - bn_mp_root_u32.o
a - bn_mp_rshd.o
a - bn_mp_sbin_size.o
a - bn_mp_set.o
a - bn_mp_set_i32.o
a - bn_mp_set_i64.o
a - bn_mp_set_l.o
a - bn_mp_set_ll.o
a - bn_mp_set_u32.o
a - bn_mp_set_u64.o
a - bn_mp_set_ul.o
a - bn_mp_set_ull.o
a - bn_mp_shrink.o
a - bn_mp_signed_rsh.o
a - bn_mp_sqr.o
a - bn_mp_sqrmod.o
a - bn_mp_sqrt.o
a - bn_mp_sqrtmod_prime.o
a - bn_mp_sub.o
a - bn_mp_sub_d.o
a - bn_mp_submod.o
a - bn_mp_to_radix.o
a - bn_mp_to_sbin.o
a - bn_mp_to_ubin.o
a - bn_mp_ubin_size.o
a - bn_mp_unpack.o
a - bn_mp_xor.o
a - bn_mp_zero.o
a - bn_prime_tab.o
a - bn_s_mp_add.o
a - bn_s_mp_balance_mul.o
a - bn_s_mp_exptmod.o
a - bn_s_mp_exptmod_fast.o
a - bn_s_mp_get_bit.o
a - bn_s_mp_invmod_fast.o
a - bn_s_mp_invmod_slow.o
a - bn_s_mp_karatsuba_mul.o
a - bn_s_mp_karatsuba_sqr.o
a - bn_s_mp_montgomery_reduce_fast.o
a - bn_s_mp_mul_digs.o
a - bn_s_mp_mul_digs_fast.o
a - bn_s_mp_mul_high_digs.o
a - bn_s_mp_mul_high_digs_fast.o
a - bn_s_mp_prime_is_divisible.o
a - bn_s_mp_rand_jenkins.o
a - bn_s_mp_rand_platform.o
a - bn_s_mp_reverse.o
a - bn_s_mp_sqr.o
a - bn_s_mp_sqr_fast.o
a - bn_s_mp_sub.o
a - bn_s_mp_toom_mul.o
a - bn_s_mp_toom_sqr.o
aarch64-linux-gnu-gcc -Isrc/headers/ -I./src/headers/ -I../ -I./../src -DLTC_SOURCE -I../libtommath/ -I./../libtommath/ -D_FORTIFY_SOURCE=2 -fstack-protector-strong -Wundef -fno-strict-overflow -Wno-pointer-sign -Os -W -Wall  -I./src/../libtomcrypt/src/headers/ -DLOCALOPTIONS_H_EXISTS -I. -I./src -DDROPBEAR_SERVER -DDBMULTI_dropbear -DDBMULTI_dropbearkey -DDBMULTI_scp -DDROPBEAR_MULTI -c src/misc/crypt/crypt_hash_is_valid.c -o src/misc/crypt/crypt_hash_is_valid.o
aarch64-linux-gnu-gcc -Isrc/headers/ -I./src/headers/ -I../ -I./../src -DLTC_SOURCE -I../libtommath/ -I./../libtommath/ -D_FORTIFY_SOURCE=2 -fstack-protector-strong -Wundef -fno-strict-overflow -Wno-pointer-sign -Os -W -Wall  -I./src/../libtomcrypt/src/headers/ -DLOCALOPTIONS_H_EXISTS -I. -I./src -DDROPBEAR_SERVER -DDBMULTI_dropbear -DDBMULTI_dropbearkey -DDBMULTI_scp -DDROPBEAR_MULTI -c src/misc/crypt/crypt_inits.c -o src/misc/crypt/crypt_inits.o
aarch64-linux-gnu-gcc -Isrc/headers/ -I./src/headers/ -I../ -I./../src -DLTC_SOURCE -I../libtommath/ -I./../libtommath/ -D_FORTIFY_SOURCE=2 -fstack-protector-strong -Wundef -fno-strict-overflow -Wno-pointer-sign -Os -W -Wall  -I./src/../libtomcrypt/src/headers/ -DLOCALOPTIONS_H_EXISTS -I. -I./src -DDROPBEAR_SERVER -DDBMULTI_dropbear -DDBMULTI_dropbearkey -DDBMULTI_scp -DDROPBEAR_MULTI -c src/misc/crypt/crypt_ltc_mp_descriptor.c -o src/misc/crypt/crypt_ltc_mp_descriptor.o
aarch64-linux-gnu-gcc -Isrc/headers/ -I./src/headers/ -I../ -I./../src -DLTC_SOURCE -I../libtommath/ -I./../libtommath/ -D_FORTIFY_SOURCE=2 -fstack-protector-strong -Wundef -fno-strict-overflow -Wno-pointer-sign -Os -W -Wall  -I./src/../libtomcrypt/src/headers/ -DLOCALOPTIONS_H_EXISTS -I. -I./src -DDROPBEAR_SERVER -DDBMULTI_dropbear -DDBMULTI_dropbearkey -DDBMULTI_scp -DDROPBEAR_MULTI -c src/misc/crypt/crypt_prng_descriptor.c -o src/misc/crypt/crypt_prng_descriptor.o
aarch64-linux-gnu-gcc -Isrc/headers/ -I./src/headers/ -I../ -I./../src -DLTC_SOURCE -I../libtommath/ -I./../libtommath/ -D_FORTIFY_SOURCE=2 -fstack-protector-strong -Wundef -fno-strict-overflow -Wno-pointer-sign -Os -W -Wall  -I./src/../libtomcrypt/src/headers/ -DLOCALOPTIONS_H_EXISTS -I. -I./src -DDROPBEAR_SERVER -DDBMULTI_dropbear -DDBMULTI_dropbearkey -DDBMULTI_scp -DDROPBEAR_MULTI -c src/misc/crypt/crypt_prng_is_valid.c -o src/misc/crypt/crypt_prng_is_valid.o
aarch64-linux-gnu-gcc -Isrc/headers/ -I./src/headers/ -I../ -I./../src -DLTC_SOURCE -I../libtommath/ -I./../libtommath/ -D_FORTIFY_SOURCE=2 -fstack-protector-strong -Wundef -fno-strict-overflow -Wno-pointer-sign -Os -W -Wall  -I./src/../libtomcrypt/src/headers/ -DLOCALOPTIONS_H_EXISTS -I. -I./src -DDROPBEAR_SERVER -DDBMULTI_dropbear -DDBMULTI_dropbearkey -DDBMULTI_scp -DDROPBEAR_MULTI -c src/misc/crypt/crypt_prng_rng_descriptor.c -o src/misc/crypt/crypt_prng_rng_descriptor.o
aarch64-linux-gnu-gcc -Isrc/headers/ -I./src/headers/ -I../ -I./../src -DLTC_SOURCE -I../libtommath/ -I./../libtommath/ -D_FORTIFY_SOURCE=2 -fstack-protector-strong -Wundef -fno-strict-overflow -Wno-pointer-sign -Os -W -Wall  -I./src/../libtomcrypt/src/headers/ -DLOCALOPTIONS_H_EXISTS -I. -I./src -DDROPBEAR_SERVER -DDBMULTI_dropbear -DDBMULTI_dropbearkey -DDBMULTI_scp -DDROPBEAR_MULTI -c src/misc/crypt/crypt_register_all_ciphers.c -o src/misc/crypt/crypt_register_all_ciphers.o
aarch64-linux-gnu-gcc -Isrc/headers/ -I./src/headers/ -I../ -I./../src -DLTC_SOURCE -I../libtommath/ -I./../libtommath/ -D_FORTIFY_SOURCE=2 -fstack-protector-strong -Wundef -fno-strict-overflow -Wno-pointer-sign -Os -W -Wall  -I./src/../libtomcrypt/src/headers/ -DLOCALOPTIONS_H_EXISTS -I. -I./src -DDROPBEAR_SERVER -DDBMULTI_dropbear -DDBMULTI_dropbearkey -DDBMULTI_scp -DDROPBEAR_MULTI -c src/misc/crypt/crypt_register_all_hashes.c -o src/misc/crypt/crypt_register_all_hashes.o
aarch64-linux-gnu-ranlib libtommath.a
aarch64-linux-gnu-gcc -Isrc/headers/ -I./src/headers/ -I../ -I./../src -DLTC_SOURCE -I../libtommath/ -I./../libtommath/ -D_FORTIFY_SOURCE=2 -fstack-protector-strong -Wundef -fno-strict-overflow -Wno-pointer-sign -Os -W -Wall  -I./src/../libtomcrypt/src/headers/ -DLOCALOPTIONS_H_EXISTS -I. -I./src -DDROPBEAR_SERVER -DDBMULTI_dropbear -DDBMULTI_dropbearkey -DDBMULTI_scp -DDROPBEAR_MULTI -c src/misc/crypt/crypt_register_all_prngs.c -o src/misc/crypt/crypt_register_all_prngs.o
aarch64-linux-gnu-gcc -Isrc/headers/ -I./src/headers/ -I../ -I./../src -DLTC_SOURCE -I../libtommath/ -I./../libtommath/ -D_FORTIFY_SOURCE=2 -fstack-protector-strong -Wundef -fno-strict-overflow -Wno-pointer-sign -Os -W -Wall  -I./src/../libtomcrypt/src/headers/ -DLOCALOPTIONS_H_EXISTS -I. -I./src -DDROPBEAR_SERVER -DDBMULTI_dropbear -DDBMULTI_dropbearkey -DDBMULTI_scp -DDROPBEAR_MULTI -c src/misc/crypt/crypt_register_cipher.c -o src/misc/crypt/crypt_register_cipher.o
aarch64-linux-gnu-gcc -Isrc/headers/ -I./src/headers/ -I../ -I./../src -DLTC_SOURCE -I../libtommath/ -I./../libtommath/ -D_FORTIFY_SOURCE=2 -fstack-protector-strong -Wundef -fno-strict-overflow -Wno-pointer-sign -Os -W -Wall  -I./src/../libtomcrypt/src/headers/ -DLOCALOPTIONS_H_EXISTS -I. -I./src -DDROPBEAR_SERVER -DDBMULTI_dropbear -DDBMULTI_dropbearkey -DDBMULTI_scp -DDROPBEAR_MULTI -c src/misc/crypt/crypt_register_hash.c -o src/misc/crypt/crypt_register_hash.o
aarch64-linux-gnu-gcc -Isrc/headers/ -I./src/headers/ -I../ -I./../src -DLTC_SOURCE -I../libtommath/ -I./../libtommath/ -D_FORTIFY_SOURCE=2 -fstack-protector-strong -Wundef -fno-strict-overflow -Wno-pointer-sign -Os -W -Wall  -I./src/../libtomcrypt/src/headers/ -DLOCALOPTIONS_H_EXISTS -I. -I./src -DDROPBEAR_SERVER -DDBMULTI_dropbear -DDBMULTI_dropbearkey -DDBMULTI_scp -DDROPBEAR_MULTI -c src/misc/crypt/crypt_register_prng.c -o src/misc/crypt/crypt_register_prng.o
aarch64-linux-gnu-gcc -Isrc/headers/ -I./src/headers/ -I../ -I./../src -DLTC_SOURCE -I../libtommath/ -I./../libtommath/ -D_FORTIFY_SOURCE=2 -fstack-protector-strong -Wundef -fno-strict-overflow -Wno-pointer-sign -Os -W -Wall  -I./src/../libtomcrypt/src/headers/ -DLOCALOPTIONS_H_EXISTS -I. -I./src -DDROPBEAR_SERVER -DDBMULTI_dropbear -DDBMULTI_dropbearkey -DDBMULTI_scp -DDROPBEAR_MULTI -c src/misc/crypt/crypt_sizes.c -o src/misc/crypt/crypt_sizes.o
aarch64-linux-gnu-gcc -Isrc/headers/ -I./src/headers/ -I../ -I./../src -DLTC_SOURCE -I../libtommath/ -I./../libtommath/ -D_FORTIFY_SOURCE=2 -fstack-protector-strong -Wundef -fno-strict-overflow -Wno-pointer-sign -Os -W -Wall  -I./src/../libtomcrypt/src/headers/ -DLOCALOPTIONS_H_EXISTS -I. -I./src -DDROPBEAR_SERVER -DDBMULTI_dropbear -DDBMULTI_dropbearkey -DDBMULTI_scp -DDROPBEAR_MULTI -c src/misc/crypt/crypt_unregister_cipher.c -o src/misc/crypt/crypt_unregister_cipher.o
aarch64-linux-gnu-gcc -Isrc/headers/ -I./src/headers/ -I../ -I./../src -DLTC_SOURCE -I../libtommath/ -I./../libtommath/ -D_FORTIFY_SOURCE=2 -fstack-protector-strong -Wundef -fno-strict-overflow -Wno-pointer-sign -Os -W -Wall  -I./src/../libtomcrypt/src/headers/ -DLOCALOPTIONS_H_EXISTS -I. -I./src -DDROPBEAR_SERVER -DDBMULTI_dropbear -DDBMULTI_dropbearkey -DDBMULTI_scp -DDROPBEAR_MULTI -c src/misc/crypt/crypt_unregister_hash.c -o src/misc/crypt/crypt_unregister_hash.o
make[1]: Leaving directory '/home/cy122/x2pro-linux/refs/dropbear/dropbear-2026.94/libtommath'
aarch64-linux-gnu-gcc -Isrc/headers/ -I./src/headers/ -I../ -I./../src -DLTC_SOURCE -I../libtommath/ -I./../libtommath/ -D_FORTIFY_SOURCE=2 -fstack-protector-strong -Wundef -fno-strict-overflow -Wno-pointer-sign -Os -W -Wall  -I./src/../libtomcrypt/src/headers/ -DLOCALOPTIONS_H_EXISTS -I. -I./src -DDROPBEAR_SERVER -DDBMULTI_dropbear -DDBMULTI_dropbearkey -DDBMULTI_scp -DDROPBEAR_MULTI -c src/misc/crypt/crypt_unregister_prng.c -o src/misc/crypt/crypt_unregister_prng.o
aarch64-linux-gnu-gcc -Isrc/headers/ -I./src/headers/ -I../ -I./../src -DLTC_SOURCE -I../libtommath/ -I./../libtommath/ -D_FORTIFY_SOURCE=2 -fstack-protector-strong -Wundef -fno-strict-overflow -Wno-pointer-sign -Os -W -Wall  -I./src/../libtomcrypt/src/headers/ -DLOCALOPTIONS_H_EXISTS -I. -I./src -DDROPBEAR_SERVER -DDBMULTI_dropbear -DDBMULTI_dropbearkey -DDBMULTI_scp -DDROPBEAR_MULTI -c src/misc/error_to_string.c -o src/misc/error_to_string.o
aarch64-linux-gnu-gcc -Isrc/headers/ -I./src/headers/ -I../ -I./../src -DLTC_SOURCE -I../libtommath/ -I./../libtommath/ -D_FORTIFY_SOURCE=2 -fstack-protector-strong -Wundef -fno-strict-overflow -Wno-pointer-sign -Os -W -Wall  -I./src/../libtomcrypt/src/headers/ -DLOCALOPTIONS_H_EXISTS -I. -I./src -DDROPBEAR_SERVER -DDBMULTI_dropbear -DDBMULTI_dropbearkey -DDBMULTI_scp -DDROPBEAR_MULTI -c src/misc/hkdf/hkdf.c -o src/misc/hkdf/hkdf.o
aarch64-linux-gnu-gcc -Isrc/headers/ -I./src/headers/ -I../ -I./../src -DLTC_SOURCE -I../libtommath/ -I./../libtommath/ -D_FORTIFY_SOURCE=2 -fstack-protector-strong -Wundef -fno-strict-overflow -Wno-pointer-sign -Os -W -Wall  -I./src/../libtomcrypt/src/headers/ -DLOCALOPTIONS_H_EXISTS -I. -I./src -DDROPBEAR_SERVER -DDBMULTI_dropbear -DDBMULTI_dropbearkey -DDBMULTI_scp -DDROPBEAR_MULTI -c src/misc/hkdf/hkdf_test.c -o src/misc/hkdf/hkdf_test.o
aarch64-linux-gnu-gcc -Isrc/headers/ -I./src/headers/ -I../ -I./../src -DLTC_SOURCE -I../libtommath/ -I./../libtommath/ -D_FORTIFY_SOURCE=2 -fstack-protector-strong -Wundef -fno-strict-overflow -Wno-pointer-sign -Os -W -Wall  -I./src/../libtomcrypt/src/headers/ -DLOCALOPTIONS_H_EXISTS -I. -I./src -DDROPBEAR_SERVER -DDBMULTI_dropbear -DDBMULTI_dropbearkey -DDBMULTI_scp -DDROPBEAR_MULTI -c src/misc/mem_neq.c -o src/misc/mem_neq.o
aarch64-linux-gnu-gcc -Isrc/headers/ -I./src/headers/ -I../ -I./../src -DLTC_SOURCE -I../libtommath/ -I./../libtommath/ -D_FORTIFY_SOURCE=2 -fstack-protector-strong -Wundef -fno-strict-overflow -Wno-pointer-sign -Os -W -Wall  -I./src/../libtomcrypt/src/headers/ -DLOCALOPTIONS_H_EXISTS -I. -I./src -DDROPBEAR_SERVER -DDBMULTI_dropbear -DDBMULTI_dropbearkey -DDBMULTI_scp -DDROPBEAR_MULTI -c src/misc/pk_get_oid.c -o src/misc/pk_get_oid.o
aarch64-linux-gnu-gcc -Isrc/headers/ -I./src/headers/ -I../ -I./../src -DLTC_SOURCE -I../libtommath/ -I./../libtommath/ -D_FORTIFY_SOURCE=2 -fstack-protector-strong -Wundef -fno-strict-overflow -Wno-pointer-sign -Os -W -Wall  -I./src/../libtomcrypt/src/headers/ -DLOCALOPTIONS_H_EXISTS -I. -I./src -DDROPBEAR_SERVER -DDBMULTI_dropbear -DDBMULTI_dropbearkey -DDBMULTI_scp -DDROPBEAR_MULTI -c src/misc/pkcs5/pkcs_5_1.c -o src/misc/pkcs5/pkcs_5_1.o
aarch64-linux-gnu-gcc -Isrc/headers/ -I./src/headers/ -I../ -I./../src -DLTC_SOURCE -I../libtommath/ -I./../libtommath/ -D_FORTIFY_SOURCE=2 -fstack-protector-strong -Wundef -fno-strict-overflow -Wno-pointer-sign -Os -W -Wall  -I./src/../libtomcrypt/src/headers/ -DLOCALOPTIONS_H_EXISTS -I. -I./src -DDROPBEAR_SERVER -DDBMULTI_dropbear -DDBMULTI_dropbearkey -DDBMULTI_scp -DDROPBEAR_MULTI -c src/misc/pkcs5/pkcs_5_2.c -o src/misc/pkcs5/pkcs_5_2.o
aarch64-linux-gnu-gcc -Isrc/headers/ -I./src/headers/ -I../ -I./../src -DLTC_SOURCE -I../libtommath/ -I./../libtommath/ -D_FORTIFY_SOURCE=2 -fstack-protector-strong -Wundef -fno-strict-overflow -Wno-pointer-sign -Os -W -Wall  -I./src/../libtomcrypt/src/headers/ -DLOCALOPTIONS_H_EXISTS -I. -I./src -DDROPBEAR_SERVER -DDBMULTI_dropbear -DDBMULTI_dropbearkey -DDBMULTI_scp -DDROPBEAR_MULTI -c src/misc/pkcs5/pkcs_5_test.c -o src/misc/pkcs5/pkcs_5_test.o
aarch64-linux-gnu-gcc -Isrc/headers/ -I./src/headers/ -I../ -I./../src -DLTC_SOURCE -I../libtommath/ -I./../libtommath/ -D_FORTIFY_SOURCE=2 -fstack-protector-strong -Wundef -fno-strict-overflow -Wno-pointer-sign -Os -W -Wall  -I./src/../libtomcrypt/src/headers/ -DLOCALOPTIONS_H_EXISTS -I. -I./src -DDROPBEAR_SERVER -DDBMULTI_dropbear -DDBMULTI_dropbearkey -DDBMULTI_scp -DDROPBEAR_MULTI -c src/misc/zeromem.c -o src/misc/zeromem.o
aarch64-linux-gnu-gcc -Isrc/headers/ -I./src/headers/ -I../ -I./../src -DLTC_SOURCE -I../libtommath/ -I./../libtommath/ -D_FORTIFY_SOURCE=2 -fstack-protector-strong -Wundef -fno-strict-overflow -Wno-pointer-sign -Os -W -Wall  -I./src/../libtomcrypt/src/headers/ -DLOCALOPTIONS_H_EXISTS -I. -I./src -DDROPBEAR_SERVER -DDBMULTI_dropbear -DDBMULTI_dropbearkey -DDBMULTI_scp -DDROPBEAR_MULTI -c src/modes/cbc/cbc_decrypt.c -o src/modes/cbc/cbc_decrypt.o
aarch64-linux-gnu-gcc -Isrc/headers/ -I./src/headers/ -I../ -I./../src -DLTC_SOURCE -I../libtommath/ -I./../libtommath/ -D_FORTIFY_SOURCE=2 -fstack-protector-strong -Wundef -fno-strict-overflow -Wno-pointer-sign -Os -W -Wall  -I./src/../libtomcrypt/src/headers/ -DLOCALOPTIONS_H_EXISTS -I. -I./src -DDROPBEAR_SERVER -DDBMULTI_dropbear -DDBMULTI_dropbearkey -DDBMULTI_scp -DDROPBEAR_MULTI -c src/modes/cbc/cbc_done.c -o src/modes/cbc/cbc_done.o
aarch64-linux-gnu-gcc -Isrc/headers/ -I./src/headers/ -I../ -I./../src -DLTC_SOURCE -I../libtommath/ -I./../libtommath/ -D_FORTIFY_SOURCE=2 -fstack-protector-strong -Wundef -fno-strict-overflow -Wno-pointer-sign -Os -W -Wall  -I./src/../libtomcrypt/src/headers/ -DLOCALOPTIONS_H_EXISTS -I. -I./src -DDROPBEAR_SERVER -DDBMULTI_dropbear -DDBMULTI_dropbearkey -DDBMULTI_scp -DDROPBEAR_MULTI -c src/modes/cbc/cbc_encrypt.c -o src/modes/cbc/cbc_encrypt.o
aarch64-linux-gnu-gcc -Isrc/headers/ -I./src/headers/ -I../ -I./../src -DLTC_SOURCE -I../libtommath/ -I./../libtommath/ -D_FORTIFY_SOURCE=2 -fstack-protector-strong -Wundef -fno-strict-overflow -Wno-pointer-sign -Os -W -Wall  -I./src/../libtomcrypt/src/headers/ -DLOCALOPTIONS_H_EXISTS -I. -I./src -DDROPBEAR_SERVER -DDBMULTI_dropbear -DDBMULTI_dropbearkey -DDBMULTI_scp -DDROPBEAR_MULTI -c src/modes/cbc/cbc_getiv.c -o src/modes/cbc/cbc_getiv.o
aarch64-linux-gnu-gcc -Isrc/headers/ -I./src/headers/ -I../ -I./../src -DLTC_SOURCE -I../libtommath/ -I./../libtommath/ -D_FORTIFY_SOURCE=2 -fstack-protector-strong -Wundef -fno-strict-overflow -Wno-pointer-sign -Os -W -Wall  -I./src/../libtomcrypt/src/headers/ -DLOCALOPTIONS_H_EXISTS -I. -I./src -DDROPBEAR_SERVER -DDBMULTI_dropbear -DDBMULTI_dropbearkey -DDBMULTI_scp -DDROPBEAR_MULTI -c src/modes/cbc/cbc_setiv.c -o src/modes/cbc/cbc_setiv.o
aarch64-linux-gnu-gcc -Isrc/headers/ -I./src/headers/ -I../ -I./../src -DLTC_SOURCE -I../libtommath/ -I./../libtommath/ -D_FORTIFY_SOURCE=2 -fstack-protector-strong -Wundef -fno-strict-overflow -Wno-pointer-sign -Os -W -Wall  -I./src/../libtomcrypt/src/headers/ -DLOCALOPTIONS_H_EXISTS -I. -I./src -DDROPBEAR_SERVER -DDBMULTI_dropbear -DDBMULTI_dropbearkey -DDBMULTI_scp -DDROPBEAR_MULTI -c src/modes/cbc/cbc_start.c -o src/modes/cbc/cbc_start.o
aarch64-linux-gnu-gcc -Isrc/headers/ -I./src/headers/ -I../ -I./../src -DLTC_SOURCE -I../libtommath/ -I./../libtommath/ -D_FORTIFY_SOURCE=2 -fstack-protector-strong -Wundef -fno-strict-overflow -Wno-pointer-sign -Os -W -Wall  -I./src/../libtomcrypt/src/headers/ -DLOCALOPTIONS_H_EXISTS -I. -I./src -DDROPBEAR_SERVER -DDBMULTI_dropbear -DDBMULTI_dropbearkey -DDBMULTI_scp -DDROPBEAR_MULTI -c src/modes/cfb/cfb_decrypt.c -o src/modes/cfb/cfb_decrypt.o
aarch64-linux-gnu-gcc -Isrc/headers/ -I./src/headers/ -I../ -I./../src -DLTC_SOURCE -I../libtommath/ -I./../libtommath/ -D_FORTIFY_SOURCE=2 -fstack-protector-strong -Wundef -fno-strict-overflow -Wno-pointer-sign -Os -W -Wall  -I./src/../libtomcrypt/src/headers/ -DLOCALOPTIONS_H_EXISTS -I. -I./src -DDROPBEAR_SERVER -DDBMULTI_dropbear -DDBMULTI_dropbearkey -DDBMULTI_scp -DDROPBEAR_MULTI -c src/modes/cfb/cfb_done.c -o src/modes/cfb/cfb_done.o
aarch64-linux-gnu-gcc -Isrc/headers/ -I./src/headers/ -I../ -I./../src -DLTC_SOURCE -I../libtommath/ -I./../libtommath/ -D_FORTIFY_SOURCE=2 -fstack-protector-strong -Wundef -fno-strict-overflow -Wno-pointer-sign -Os -W -Wall  -I./src/../libtomcrypt/src/headers/ -DLOCALOPTIONS_H_EXISTS -I. -I./src -DDROPBEAR_SERVER -DDBMULTI_dropbear -DDBMULTI_dropbearkey -DDBMULTI_scp -DDROPBEAR_MULTI -c src/modes/cfb/cfb_encrypt.c -o src/modes/cfb/cfb_encrypt.o
aarch64-linux-gnu-gcc -Isrc/headers/ -I./src/headers/ -I../ -I./../src -DLTC_SOURCE -I../libtommath/ -I./../libtommath/ -D_FORTIFY_SOURCE=2 -fstack-protector-strong -Wundef -fno-strict-overflow -Wno-pointer-sign -Os -W -Wall  -I./src/../libtomcrypt/src/headers/ -DLOCALOPTIONS_H_EXISTS -I. -I./src -DDROPBEAR_SERVER -DDBMULTI_dropbear -DDBMULTI_dropbearkey -DDBMULTI_scp -DDROPBEAR_MULTI -c src/modes/cfb/cfb_getiv.c -o src/modes/cfb/cfb_getiv.o
aarch64-linux-gnu-gcc -Isrc/headers/ -I./src/headers/ -I../ -I./../src -DLTC_SOURCE -I../libtommath/ -I./../libtommath/ -D_FORTIFY_SOURCE=2 -fstack-protector-strong -Wundef -fno-strict-overflow -Wno-pointer-sign -Os -W -Wall  -I./src/../libtomcrypt/src/headers/ -DLOCALOPTIONS_H_EXISTS -I. -I./src -DDROPBEAR_SERVER -DDBMULTI_dropbear -DDBMULTI_dropbearkey -DDBMULTI_scp -DDROPBEAR_MULTI -c src/modes/cfb/cfb_setiv.c -o src/modes/cfb/cfb_setiv.o
aarch64-linux-gnu-gcc -Isrc/headers/ -I./src/headers/ -I../ -I./../src -DLTC_SOURCE -I../libtommath/ -I./../libtommath/ -D_FORTIFY_SOURCE=2 -fstack-protector-strong -Wundef -fno-strict-overflow -Wno-pointer-sign -Os -W -Wall  -I./src/../libtomcrypt/src/headers/ -DLOCALOPTIONS_H_EXISTS -I. -I./src -DDROPBEAR_SERVER -DDBMULTI_dropbear -DDBMULTI_dropbearkey -DDBMULTI_scp -DDROPBEAR_MULTI -c src/modes/cfb/cfb_start.c -o src/modes/cfb/cfb_start.o
aarch64-linux-gnu-gcc -Isrc/headers/ -I./src/headers/ -I../ -I./../src -DLTC_SOURCE -I../libtommath/ -I./../libtommath/ -D_FORTIFY_SOURCE=2 -fstack-protector-strong -Wundef -fno-strict-overflow -Wno-pointer-sign -Os -W -Wall  -I./src/../libtomcrypt/src/headers/ -DLOCALOPTIONS_H_EXISTS -I. -I./src -DDROPBEAR_SERVER -DDBMULTI_dropbear -DDBMULTI_dropbearkey -DDBMULTI_scp -DDROPBEAR_MULTI -c src/modes/ctr/ctr_decrypt.c -o src/modes/ctr/ctr_decrypt.o
aarch64-linux-gnu-gcc -Isrc/headers/ -I./src/headers/ -I../ -I./../src -DLTC_SOURCE -I../libtommath/ -I./../libtommath/ -D_FORTIFY_SOURCE=2 -fstack-protector-strong -Wundef -fno-strict-overflow -Wno-pointer-sign -Os -W -Wall  -I./src/../libtomcrypt/src/headers/ -DLOCALOPTIONS_H_EXISTS -I. -I./src -DDROPBEAR_SERVER -DDBMULTI_dropbear -DDBMULTI_dropbearkey -DDBMULTI_scp -DDROPBEAR_MULTI -c src/modes/ctr/ctr_done.c -o src/modes/ctr/ctr_done.o
aarch64-linux-gnu-gcc -Isrc/headers/ -I./src/headers/ -I../ -I./../src -DLTC_SOURCE -I../libtommath/ -I./../libtommath/ -D_FORTIFY_SOURCE=2 -fstack-protector-strong -Wundef -fno-strict-overflow -Wno-pointer-sign -Os -W -Wall  -I./src/../libtomcrypt/src/headers/ -DLOCALOPTIONS_H_EXISTS -I. -I./src -DDROPBEAR_SERVER -DDBMULTI_dropbear -DDBMULTI_dropbearkey -DDBMULTI_scp -DDROPBEAR_MULTI -c src/modes/ctr/ctr_encrypt.c -o src/modes/ctr/ctr_encrypt.o
aarch64-linux-gnu-gcc -Isrc/headers/ -I./src/headers/ -I../ -I./../src -DLTC_SOURCE -I../libtommath/ -I./../libtommath/ -D_FORTIFY_SOURCE=2 -fstack-protector-strong -Wundef -fno-strict-overflow -Wno-pointer-sign -Os -W -Wall  -I./src/../libtomcrypt/src/headers/ -DLOCALOPTIONS_H_EXISTS -I. -I./src -DDROPBEAR_SERVER -DDBMULTI_dropbear -DDBMULTI_dropbearkey -DDBMULTI_scp -DDROPBEAR_MULTI -c src/modes/ctr/ctr_getiv.c -o src/modes/ctr/ctr_getiv.o
aarch64-linux-gnu-gcc -Isrc/headers/ -I./src/headers/ -I../ -I./../src -DLTC_SOURCE -I../libtommath/ -I./../libtommath/ -D_FORTIFY_SOURCE=2 -fstack-protector-strong -Wundef -fno-strict-overflow -Wno-pointer-sign -Os -W -Wall  -I./src/../libtomcrypt/src/headers/ -DLOCALOPTIONS_H_EXISTS -I. -I./src -DDROPBEAR_SERVER -DDBMULTI_dropbear -DDBMULTI_dropbearkey -DDBMULTI_scp -DDROPBEAR_MULTI -c src/modes/ctr/ctr_setiv.c -o src/modes/ctr/ctr_setiv.o
aarch64-linux-gnu-gcc -Isrc/headers/ -I./src/headers/ -I../ -I./../src -DLTC_SOURCE -I../libtommath/ -I./../libtommath/ -D_FORTIFY_SOURCE=2 -fstack-protector-strong -Wundef -fno-strict-overflow -Wno-pointer-sign -Os -W -Wall  -I./src/../libtomcrypt/src/headers/ -DLOCALOPTIONS_H_EXISTS -I. -I./src -DDROPBEAR_SERVER -DDBMULTI_dropbear -DDBMULTI_dropbearkey -DDBMULTI_scp -DDROPBEAR_MULTI -c src/modes/ctr/ctr_start.c -o src/modes/ctr/ctr_start.o
aarch64-linux-gnu-gcc -Isrc/headers/ -I./src/headers/ -I../ -I./../src -DLTC_SOURCE -I../libtommath/ -I./../libtommath/ -D_FORTIFY_SOURCE=2 -fstack-protector-strong -Wundef -fno-strict-overflow -Wno-pointer-sign -Os -W -Wall  -I./src/../libtomcrypt/src/headers/ -DLOCALOPTIONS_H_EXISTS -I. -I./src -DDROPBEAR_SERVER -DDBMULTI_dropbear -DDBMULTI_dropbearkey -DDBMULTI_scp -DDROPBEAR_MULTI -c src/modes/ctr/ctr_test.c -o src/modes/ctr/ctr_test.o
aarch64-linux-gnu-gcc -Isrc/headers/ -I./src/headers/ -I../ -I./../src -DLTC_SOURCE -I../libtommath/ -I./../libtommath/ -D_FORTIFY_SOURCE=2 -fstack-protector-strong -Wundef -fno-strict-overflow -Wno-pointer-sign -Os -W -Wall  -I./src/../libtomcrypt/src/headers/ -DLOCALOPTIONS_H_EXISTS -I. -I./src -DDROPBEAR_SERVER -DDBMULTI_dropbear -DDBMULTI_dropbearkey -DDBMULTI_scp -DDROPBEAR_MULTI -c src/modes/ecb/ecb_decrypt.c -o src/modes/ecb/ecb_decrypt.o
aarch64-linux-gnu-gcc -Isrc/headers/ -I./src/headers/ -I../ -I./../src -DLTC_SOURCE -I../libtommath/ -I./../libtommath/ -D_FORTIFY_SOURCE=2 -fstack-protector-strong -Wundef -fno-strict-overflow -Wno-pointer-sign -Os -W -Wall  -I./src/../libtomcrypt/src/headers/ -DLOCALOPTIONS_H_EXISTS -I. -I./src -DDROPBEAR_SERVER -DDBMULTI_dropbear -DDBMULTI_dropbearkey -DDBMULTI_scp -DDROPBEAR_MULTI -c src/modes/ecb/ecb_done.c -o src/modes/ecb/ecb_done.o
aarch64-linux-gnu-gcc -Isrc/headers/ -I./src/headers/ -I../ -I./../src -DLTC_SOURCE -I../libtommath/ -I./../libtommath/ -D_FORTIFY_SOURCE=2 -fstack-protector-strong -Wundef -fno-strict-overflow -Wno-pointer-sign -Os -W -Wall  -I./src/../libtomcrypt/src/headers/ -DLOCALOPTIONS_H_EXISTS -I. -I./src -DDROPBEAR_SERVER -DDBMULTI_dropbear -DDBMULTI_dropbearkey -DDBMULTI_scp -DDROPBEAR_MULTI -c src/modes/ecb/ecb_encrypt.c -o src/modes/ecb/ecb_encrypt.o
aarch64-linux-gnu-gcc -Isrc/headers/ -I./src/headers/ -I../ -I./../src -DLTC_SOURCE -I../libtommath/ -I./../libtommath/ -D_FORTIFY_SOURCE=2 -fstack-protector-strong -Wundef -fno-strict-overflow -Wno-pointer-sign -Os -W -Wall  -I./src/../libtomcrypt/src/headers/ -DLOCALOPTIONS_H_EXISTS -I. -I./src -DDROPBEAR_SERVER -DDBMULTI_dropbear -DDBMULTI_dropbearkey -DDBMULTI_scp -DDROPBEAR_MULTI -c src/modes/ecb/ecb_start.c -o src/modes/ecb/ecb_start.o
aarch64-linux-gnu-gcc -Isrc/headers/ -I./src/headers/ -I../ -I./../src -DLTC_SOURCE -I../libtommath/ -I./../libtommath/ -D_FORTIFY_SOURCE=2 -fstack-protector-strong -Wundef -fno-strict-overflow -Wno-pointer-sign -Os -W -Wall  -I./src/../libtomcrypt/src/headers/ -DLOCALOPTIONS_H_EXISTS -I. -I./src -DDROPBEAR_SERVER -DDBMULTI_dropbear -DDBMULTI_dropbearkey -DDBMULTI_scp -DDROPBEAR_MULTI -c src/modes/f8/f8_decrypt.c -o src/modes/f8/f8_decrypt.o
aarch64-linux-gnu-gcc -Isrc/headers/ -I./src/headers/ -I../ -I./../src -DLTC_SOURCE -I../libtommath/ -I./../libtommath/ -D_FORTIFY_SOURCE=2 -fstack-protector-strong -Wundef -fno-strict-overflow -Wno-pointer-sign -Os -W -Wall  -I./src/../libtomcrypt/src/headers/ -DLOCALOPTIONS_H_EXISTS -I. -I./src -DDROPBEAR_SERVER -DDBMULTI_dropbear -DDBMULTI_dropbearkey -DDBMULTI_scp -DDROPBEAR_MULTI -c src/modes/f8/f8_done.c -o src/modes/f8/f8_done.o
aarch64-linux-gnu-gcc -Isrc/headers/ -I./src/headers/ -I../ -I./../src -DLTC_SOURCE -I../libtommath/ -I./../libtommath/ -D_FORTIFY_SOURCE=2 -fstack-protector-strong -Wundef -fno-strict-overflow -Wno-pointer-sign -Os -W -Wall  -I./src/../libtomcrypt/src/headers/ -DLOCALOPTIONS_H_EXISTS -I. -I./src -DDROPBEAR_SERVER -DDBMULTI_dropbear -DDBMULTI_dropbearkey -DDBMULTI_scp -DDROPBEAR_MULTI -c src/modes/f8/f8_encrypt.c -o src/modes/f8/f8_encrypt.o
aarch64-linux-gnu-gcc -Isrc/headers/ -I./src/headers/ -I../ -I./../src -DLTC_SOURCE -I../libtommath/ -I./../libtommath/ -D_FORTIFY_SOURCE=2 -fstack-protector-strong -Wundef -fno-strict-overflow -Wno-pointer-sign -Os -W -Wall  -I./src/../libtomcrypt/src/headers/ -DLOCALOPTIONS_H_EXISTS -I. -I./src -DDROPBEAR_SERVER -DDBMULTI_dropbear -DDBMULTI_dropbearkey -DDBMULTI_scp -DDROPBEAR_MULTI -c src/modes/f8/f8_getiv.c -o src/modes/f8/f8_getiv.o
aarch64-linux-gnu-gcc -Isrc/headers/ -I./src/headers/ -I../ -I./../src -DLTC_SOURCE -I../libtommath/ -I./../libtommath/ -D_FORTIFY_SOURCE=2 -fstack-protector-strong -Wundef -fno-strict-overflow -Wno-pointer-sign -Os -W -Wall  -I./src/../libtomcrypt/src/headers/ -DLOCALOPTIONS_H_EXISTS -I. -I./src -DDROPBEAR_SERVER -DDBMULTI_dropbear -DDBMULTI_dropbearkey -DDBMULTI_scp -DDROPBEAR_MULTI -c src/modes/f8/f8_setiv.c -o src/modes/f8/f8_setiv.o
aarch64-linux-gnu-gcc -Isrc/headers/ -I./src/headers/ -I../ -I./../src -DLTC_SOURCE -I../libtommath/ -I./../libtommath/ -D_FORTIFY_SOURCE=2 -fstack-protector-strong -Wundef -fno-strict-overflow -Wno-pointer-sign -Os -W -Wall  -I./src/../libtomcrypt/src/headers/ -DLOCALOPTIONS_H_EXISTS -I. -I./src -DDROPBEAR_SERVER -DDBMULTI_dropbear -DDBMULTI_dropbearkey -DDBMULTI_scp -DDROPBEAR_MULTI -c src/modes/f8/f8_start.c -o src/modes/f8/f8_start.o
aarch64-linux-gnu-gcc -Isrc/headers/ -I./src/headers/ -I../ -I./../src -DLTC_SOURCE -I../libtommath/ -I./../libtommath/ -D_FORTIFY_SOURCE=2 -fstack-protector-strong -Wundef -fno-strict-overflow -Wno-pointer-sign -Os -W -Wall  -I./src/../libtomcrypt/src/headers/ -DLOCALOPTIONS_H_EXISTS -I. -I./src -DDROPBEAR_SERVER -DDBMULTI_dropbear -DDBMULTI_dropbearkey -DDBMULTI_scp -DDROPBEAR_MULTI -c src/modes/f8/f8_test_mode.c -o src/modes/f8/f8_test_mode.o
aarch64-linux-gnu-gcc -Isrc/headers/ -I./src/headers/ -I../ -I./../src -DLTC_SOURCE -I../libtommath/ -I./../libtommath/ -D_FORTIFY_SOURCE=2 -fstack-protector-strong -Wundef -fno-strict-overflow -Wno-pointer-sign -Os -W -Wall  -I./src/../libtomcrypt/src/headers/ -DLOCALOPTIONS_H_EXISTS -I. -I./src -DDROPBEAR_SERVER -DDBMULTI_dropbear -DDBMULTI_dropbearkey -DDBMULTI_scp -DDROPBEAR_MULTI -c src/modes/lrw/lrw_decrypt.c -o src/modes/lrw/lrw_decrypt.o
aarch64-linux-gnu-gcc -Isrc/headers/ -I./src/headers/ -I../ -I./../src -DLTC_SOURCE -I../libtommath/ -I./../libtommath/ -D_FORTIFY_SOURCE=2 -fstack-protector-strong -Wundef -fno-strict-overflow -Wno-pointer-sign -Os -W -Wall  -I./src/../libtomcrypt/src/headers/ -DLOCALOPTIONS_H_EXISTS -I. -I./src -DDROPBEAR_SERVER -DDBMULTI_dropbear -DDBMULTI_dropbearkey -DDBMULTI_scp -DDROPBEAR_MULTI -c src/modes/lrw/lrw_done.c -o src/modes/lrw/lrw_done.o
aarch64-linux-gnu-gcc -Isrc/headers/ -I./src/headers/ -I../ -I./../src -DLTC_SOURCE -I../libtommath/ -I./../libtommath/ -D_FORTIFY_SOURCE=2 -fstack-protector-strong -Wundef -fno-strict-overflow -Wno-pointer-sign -Os -W -Wall  -I./src/../libtomcrypt/src/headers/ -DLOCALOPTIONS_H_EXISTS -I. -I./src -DDROPBEAR_SERVER -DDBMULTI_dropbear -DDBMULTI_dropbearkey -DDBMULTI_scp -DDROPBEAR_MULTI -c src/modes/lrw/lrw_encrypt.c -o src/modes/lrw/lrw_encrypt.o
aarch64-linux-gnu-gcc -Isrc/headers/ -I./src/headers/ -I../ -I./../src -DLTC_SOURCE -I../libtommath/ -I./../libtommath/ -D_FORTIFY_SOURCE=2 -fstack-protector-strong -Wundef -fno-strict-overflow -Wno-pointer-sign -Os -W -Wall  -I./src/../libtomcrypt/src/headers/ -DLOCALOPTIONS_H_EXISTS -I. -I./src -DDROPBEAR_SERVER -DDBMULTI_dropbear -DDBMULTI_dropbearkey -DDBMULTI_scp -DDROPBEAR_MULTI -c src/modes/lrw/lrw_getiv.c -o src/modes/lrw/lrw_getiv.o
aarch64-linux-gnu-gcc -Isrc/headers/ -I./src/headers/ -I../ -I./../src -DLTC_SOURCE -I../libtommath/ -I./../libtommath/ -D_FORTIFY_SOURCE=2 -fstack-protector-strong -Wundef -fno-strict-overflow -Wno-pointer-sign -Os -W -Wall  -I./src/../libtomcrypt/src/headers/ -DLOCALOPTIONS_H_EXISTS -I. -I./src -DDROPBEAR_SERVER -DDBMULTI_dropbear -DDBMULTI_dropbearkey -DDBMULTI_scp -DDROPBEAR_MULTI -c src/modes/lrw/lrw_process.c -o src/modes/lrw/lrw_process.o
aarch64-linux-gnu-gcc -Isrc/headers/ -I./src/headers/ -I../ -I./../src -DLTC_SOURCE -I../libtommath/ -I./../libtommath/ -D_FORTIFY_SOURCE=2 -fstack-protector-strong -Wundef -fno-strict-overflow -Wno-pointer-sign -Os -W -Wall  -I./src/../libtomcrypt/src/headers/ -DLOCALOPTIONS_H_EXISTS -I. -I./src -DDROPBEAR_SERVER -DDBMULTI_dropbear -DDBMULTI_dropbearkey -DDBMULTI_scp -DDROPBEAR_MULTI -c src/modes/lrw/lrw_setiv.c -o src/modes/lrw/lrw_setiv.o
aarch64-linux-gnu-gcc -Isrc/headers/ -I./src/headers/ -I../ -I./../src -DLTC_SOURCE -I../libtommath/ -I./../libtommath/ -D_FORTIFY_SOURCE=2 -fstack-protector-strong -Wundef -fno-strict-overflow -Wno-pointer-sign -Os -W -Wall  -I./src/../libtomcrypt/src/headers/ -DLOCALOPTIONS_H_EXISTS -I. -I./src -DDROPBEAR_SERVER -DDBMULTI_dropbear -DDBMULTI_dropbearkey -DDBMULTI_scp -DDROPBEAR_MULTI -c src/modes/lrw/lrw_start.c -o src/modes/lrw/lrw_start.o
aarch64-linux-gnu-gcc -Isrc/headers/ -I./src/headers/ -I../ -I./../src -DLTC_SOURCE -I../libtommath/ -I./../libtommath/ -D_FORTIFY_SOURCE=2 -fstack-protector-strong -Wundef -fno-strict-overflow -Wno-pointer-sign -Os -W -Wall  -I./src/../libtomcrypt/src/headers/ -DLOCALOPTIONS_H_EXISTS -I. -I./src -DDROPBEAR_SERVER -DDBMULTI_dropbear -DDBMULTI_dropbearkey -DDBMULTI_scp -DDROPBEAR_MULTI -c src/modes/lrw/lrw_test.c -o src/modes/lrw/lrw_test.o
aarch64-linux-gnu-gcc -Isrc/headers/ -I./src/headers/ -I../ -I./../src -DLTC_SOURCE -I../libtommath/ -I./../libtommath/ -D_FORTIFY_SOURCE=2 -fstack-protector-strong -Wundef -fno-strict-overflow -Wno-pointer-sign -Os -W -Wall  -I./src/../libtomcrypt/src/headers/ -DLOCALOPTIONS_H_EXISTS -I. -I./src -DDROPBEAR_SERVER -DDBMULTI_dropbear -DDBMULTI_dropbearkey -DDBMULTI_scp -DDROPBEAR_MULTI -c src/modes/ofb/ofb_decrypt.c -o src/modes/ofb/ofb_decrypt.o
aarch64-linux-gnu-gcc -Isrc/headers/ -I./src/headers/ -I../ -I./../src -DLTC_SOURCE -I../libtommath/ -I./../libtommath/ -D_FORTIFY_SOURCE=2 -fstack-protector-strong -Wundef -fno-strict-overflow -Wno-pointer-sign -Os -W -Wall  -I./src/../libtomcrypt/src/headers/ -DLOCALOPTIONS_H_EXISTS -I. -I./src -DDROPBEAR_SERVER -DDBMULTI_dropbear -DDBMULTI_dropbearkey -DDBMULTI_scp -DDROPBEAR_MULTI -c src/modes/ofb/ofb_done.c -o src/modes/ofb/ofb_done.o
aarch64-linux-gnu-gcc -Isrc/headers/ -I./src/headers/ -I../ -I./../src -DLTC_SOURCE -I../libtommath/ -I./../libtommath/ -D_FORTIFY_SOURCE=2 -fstack-protector-strong -Wundef -fno-strict-overflow -Wno-pointer-sign -Os -W -Wall  -I./src/../libtomcrypt/src/headers/ -DLOCALOPTIONS_H_EXISTS -I. -I./src -DDROPBEAR_SERVER -DDBMULTI_dropbear -DDBMULTI_dropbearkey -DDBMULTI_scp -DDROPBEAR_MULTI -c src/modes/ofb/ofb_encrypt.c -o src/modes/ofb/ofb_encrypt.o
aarch64-linux-gnu-gcc -Isrc/headers/ -I./src/headers/ -I../ -I./../src -DLTC_SOURCE -I../libtommath/ -I./../libtommath/ -D_FORTIFY_SOURCE=2 -fstack-protector-strong -Wundef -fno-strict-overflow -Wno-pointer-sign -Os -W -Wall  -I./src/../libtomcrypt/src/headers/ -DLOCALOPTIONS_H_EXISTS -I. -I./src -DDROPBEAR_SERVER -DDBMULTI_dropbear -DDBMULTI_dropbearkey -DDBMULTI_scp -DDROPBEAR_MULTI -c src/modes/ofb/ofb_getiv.c -o src/modes/ofb/ofb_getiv.o
aarch64-linux-gnu-gcc -Isrc/headers/ -I./src/headers/ -I../ -I./../src -DLTC_SOURCE -I../libtommath/ -I./../libtommath/ -D_FORTIFY_SOURCE=2 -fstack-protector-strong -Wundef -fno-strict-overflow -Wno-pointer-sign -Os -W -Wall  -I./src/../libtomcrypt/src/headers/ -DLOCALOPTIONS_H_EXISTS -I. -I./src -DDROPBEAR_SERVER -DDBMULTI_dropbear -DDBMULTI_dropbearkey -DDBMULTI_scp -DDROPBEAR_MULTI -c src/modes/ofb/ofb_setiv.c -o src/modes/ofb/ofb_setiv.o
aarch64-linux-gnu-gcc -Isrc/headers/ -I./src/headers/ -I../ -I./../src -DLTC_SOURCE -I../libtommath/ -I./../libtommath/ -D_FORTIFY_SOURCE=2 -fstack-protector-strong -Wundef -fno-strict-overflow -Wno-pointer-sign -Os -W -Wall  -I./src/../libtomcrypt/src/headers/ -DLOCALOPTIONS_H_EXISTS -I. -I./src -DDROPBEAR_SERVER -DDBMULTI_dropbear -DDBMULTI_dropbearkey -DDBMULTI_scp -DDROPBEAR_MULTI -c src/modes/ofb/ofb_start.c -o src/modes/ofb/ofb_start.o
aarch64-linux-gnu-gcc -Isrc/headers/ -I./src/headers/ -I../ -I./../src -DLTC_SOURCE -I../libtommath/ -I./../libtommath/ -D_FORTIFY_SOURCE=2 -fstack-protector-strong -Wundef -fno-strict-overflow -Wno-pointer-sign -Os -W -Wall  -I./src/../libtomcrypt/src/headers/ -DLOCALOPTIONS_H_EXISTS -I. -I./src -DDROPBEAR_SERVER -DDBMULTI_dropbear -DDBMULTI_dropbearkey -DDBMULTI_scp -DDROPBEAR_MULTI -c src/modes/xts/xts_decrypt.c -o src/modes/xts/xts_decrypt.o
aarch64-linux-gnu-gcc -Isrc/headers/ -I./src/headers/ -I../ -I./../src -DLTC_SOURCE -I../libtommath/ -I./../libtommath/ -D_FORTIFY_SOURCE=2 -fstack-protector-strong -Wundef -fno-strict-overflow -Wno-pointer-sign -Os -W -Wall  -I./src/../libtomcrypt/src/headers/ -DLOCALOPTIONS_H_EXISTS -I. -I./src -DDROPBEAR_SERVER -DDBMULTI_dropbear -DDBMULTI_dropbearkey -DDBMULTI_scp -DDROPBEAR_MULTI -c src/modes/xts/xts_done.c -o src/modes/xts/xts_done.o
aarch64-linux-gnu-gcc -Isrc/headers/ -I./src/headers/ -I../ -I./../src -DLTC_SOURCE -I../libtommath/ -I./../libtommath/ -D_FORTIFY_SOURCE=2 -fstack-protector-strong -Wundef -fno-strict-overflow -Wno-pointer-sign -Os -W -Wall  -I./src/../libtomcrypt/src/headers/ -DLOCALOPTIONS_H_EXISTS -I. -I./src -DDROPBEAR_SERVER -DDBMULTI_dropbear -DDBMULTI_dropbearkey -DDBMULTI_scp -DDROPBEAR_MULTI -c src/modes/xts/xts_encrypt.c -o src/modes/xts/xts_encrypt.o
aarch64-linux-gnu-gcc -Isrc/headers/ -I./src/headers/ -I../ -I./../src -DLTC_SOURCE -I../libtommath/ -I./../libtommath/ -D_FORTIFY_SOURCE=2 -fstack-protector-strong -Wundef -fno-strict-overflow -Wno-pointer-sign -Os -W -Wall  -I./src/../libtomcrypt/src/headers/ -DLOCALOPTIONS_H_EXISTS -I. -I./src -DDROPBEAR_SERVER -DDBMULTI_dropbear -DDBMULTI_dropbearkey -DDBMULTI_scp -DDROPBEAR_MULTI -c src/modes/xts/xts_init.c -o src/modes/xts/xts_init.o
aarch64-linux-gnu-gcc -Isrc/headers/ -I./src/headers/ -I../ -I./../src -DLTC_SOURCE -I../libtommath/ -I./../libtommath/ -D_FORTIFY_SOURCE=2 -fstack-protector-strong -Wundef -fno-strict-overflow -Wno-pointer-sign -Os -W -Wall  -I./src/../libtomcrypt/src/headers/ -DLOCALOPTIONS_H_EXISTS -I. -I./src -DDROPBEAR_SERVER -DDBMULTI_dropbear -DDBMULTI_dropbearkey -DDBMULTI_scp -DDROPBEAR_MULTI -c src/modes/xts/xts_mult_x.c -o src/modes/xts/xts_mult_x.o
aarch64-linux-gnu-gcc -Isrc/headers/ -I./src/headers/ -I../ -I./../src -DLTC_SOURCE -I../libtommath/ -I./../libtommath/ -D_FORTIFY_SOURCE=2 -fstack-protector-strong -Wundef -fno-strict-overflow -Wno-pointer-sign -Os -W -Wall  -I./src/../libtomcrypt/src/headers/ -DLOCALOPTIONS_H_EXISTS -I. -I./src -DDROPBEAR_SERVER -DDBMULTI_dropbear -DDBMULTI_dropbearkey -DDBMULTI_scp -DDROPBEAR_MULTI -c src/modes/xts/xts_test.c -o src/modes/xts/xts_test.o
aarch64-linux-gnu-gcc -Isrc/headers/ -I./src/headers/ -I../ -I./../src -DLTC_SOURCE -I../libtommath/ -I./../libtommath/ -D_FORTIFY_SOURCE=2 -fstack-protector-strong -Wundef -fno-strict-overflow -Wno-pointer-sign -Os -W -Wall  -I./src/../libtomcrypt/src/headers/ -DLOCALOPTIONS_H_EXISTS -I. -I./src -DDROPBEAR_SERVER -DDBMULTI_dropbear -DDBMULTI_dropbearkey -DDBMULTI_scp -DDROPBEAR_MULTI -c src/pk/asn1/der/bit/der_decode_bit_string.c -o src/pk/asn1/der/bit/der_decode_bit_string.o
aarch64-linux-gnu-gcc -Isrc/headers/ -I./src/headers/ -I../ -I./../src -DLTC_SOURCE -I../libtommath/ -I./../libtommath/ -D_FORTIFY_SOURCE=2 -fstack-protector-strong -Wundef -fno-strict-overflow -Wno-pointer-sign -Os -W -Wall  -I./src/../libtomcrypt/src/headers/ -DLOCALOPTIONS_H_EXISTS -I. -I./src -DDROPBEAR_SERVER -DDBMULTI_dropbear -DDBMULTI_dropbearkey -DDBMULTI_scp -DDROPBEAR_MULTI -c src/pk/asn1/der/bit/der_decode_raw_bit_string.c -o src/pk/asn1/der/bit/der_decode_raw_bit_string.o
aarch64-linux-gnu-gcc -Isrc/headers/ -I./src/headers/ -I../ -I./../src -DLTC_SOURCE -I../libtommath/ -I./../libtommath/ -D_FORTIFY_SOURCE=2 -fstack-protector-strong -Wundef -fno-strict-overflow -Wno-pointer-sign -Os -W -Wall  -I./src/../libtomcrypt/src/headers/ -DLOCALOPTIONS_H_EXISTS -I. -I./src -DDROPBEAR_SERVER -DDBMULTI_dropbear -DDBMULTI_dropbearkey -DDBMULTI_scp -DDROPBEAR_MULTI -c src/pk/asn1/der/bit/der_encode_bit_string.c -o src/pk/asn1/der/bit/der_encode_bit_string.o
aarch64-linux-gnu-gcc -Isrc/headers/ -I./src/headers/ -I../ -I./../src -DLTC_SOURCE -I../libtommath/ -I./../libtommath/ -D_FORTIFY_SOURCE=2 -fstack-protector-strong -Wundef -fno-strict-overflow -Wno-pointer-sign -Os -W -Wall  -I./src/../libtomcrypt/src/headers/ -DLOCALOPTIONS_H_EXISTS -I. -I./src -DDROPBEAR_SERVER -DDBMULTI_dropbear -DDBMULTI_dropbearkey -DDBMULTI_scp -DDROPBEAR_MULTI -c src/pk/asn1/der/bit/der_encode_raw_bit_string.c -o src/pk/asn1/der/bit/der_encode_raw_bit_string.o
aarch64-linux-gnu-gcc -Isrc/headers/ -I./src/headers/ -I../ -I./../src -DLTC_SOURCE -I../libtommath/ -I./../libtommath/ -D_FORTIFY_SOURCE=2 -fstack-protector-strong -Wundef -fno-strict-overflow -Wno-pointer-sign -Os -W -Wall  -I./src/../libtomcrypt/src/headers/ -DLOCALOPTIONS_H_EXISTS -I. -I./src -DDROPBEAR_SERVER -DDBMULTI_dropbear -DDBMULTI_dropbearkey -DDBMULTI_scp -DDROPBEAR_MULTI -c src/pk/asn1/der/bit/der_length_bit_string.c -o src/pk/asn1/der/bit/der_length_bit_string.o
aarch64-linux-gnu-gcc -Isrc/headers/ -I./src/headers/ -I../ -I./../src -DLTC_SOURCE -I../libtommath/ -I./../libtommath/ -D_FORTIFY_SOURCE=2 -fstack-protector-strong -Wundef -fno-strict-overflow -Wno-pointer-sign -Os -W -Wall  -I./src/../libtomcrypt/src/headers/ -DLOCALOPTIONS_H_EXISTS -I. -I./src -DDROPBEAR_SERVER -DDBMULTI_dropbear -DDBMULTI_dropbearkey -DDBMULTI_scp -DDROPBEAR_MULTI -c src/pk/asn1/der/boolean/der_decode_boolean.c -o src/pk/asn1/der/boolean/der_decode_boolean.o
aarch64-linux-gnu-gcc -Isrc/headers/ -I./src/headers/ -I../ -I./../src -DLTC_SOURCE -I../libtommath/ -I./../libtommath/ -D_FORTIFY_SOURCE=2 -fstack-protector-strong -Wundef -fno-strict-overflow -Wno-pointer-sign -Os -W -Wall  -I./src/../libtomcrypt/src/headers/ -DLOCALOPTIONS_H_EXISTS -I. -I./src -DDROPBEAR_SERVER -DDBMULTI_dropbear -DDBMULTI_dropbearkey -DDBMULTI_scp -DDROPBEAR_MULTI -c src/pk/asn1/der/boolean/der_encode_boolean.c -o src/pk/asn1/der/boolean/der_encode_boolean.o
aarch64-linux-gnu-gcc -Isrc/headers/ -I./src/headers/ -I../ -I./../src -DLTC_SOURCE -I../libtommath/ -I./../libtommath/ -D_FORTIFY_SOURCE=2 -fstack-protector-strong -Wundef -fno-strict-overflow -Wno-pointer-sign -Os -W -Wall  -I./src/../libtomcrypt/src/headers/ -DLOCALOPTIONS_H_EXISTS -I. -I./src -DDROPBEAR_SERVER -DDBMULTI_dropbear -DDBMULTI_dropbearkey -DDBMULTI_scp -DDROPBEAR_MULTI -c src/pk/asn1/der/boolean/der_length_boolean.c -o src/pk/asn1/der/boolean/der_length_boolean.o
aarch64-linux-gnu-gcc -Isrc/headers/ -I./src/headers/ -I../ -I./../src -DLTC_SOURCE -I../libtommath/ -I./../libtommath/ -D_FORTIFY_SOURCE=2 -fstack-protector-strong -Wundef -fno-strict-overflow -Wno-pointer-sign -Os -W -Wall  -I./src/../libtomcrypt/src/headers/ -DLOCALOPTIONS_H_EXISTS -I. -I./src -DDROPBEAR_SERVER -DDBMULTI_dropbear -DDBMULTI_dropbearkey -DDBMULTI_scp -DDROPBEAR_MULTI -c src/pk/asn1/der/choice/der_decode_choice.c -o src/pk/asn1/der/choice/der_decode_choice.o
aarch64-linux-gnu-gcc -Isrc/headers/ -I./src/headers/ -I../ -I./../src -DLTC_SOURCE -I../libtommath/ -I./../libtommath/ -D_FORTIFY_SOURCE=2 -fstack-protector-strong -Wundef -fno-strict-overflow -Wno-pointer-sign -Os -W -Wall  -I./src/../libtomcrypt/src/headers/ -DLOCALOPTIONS_H_EXISTS -I. -I./src -DDROPBEAR_SERVER -DDBMULTI_dropbear -DDBMULTI_dropbearkey -DDBMULTI_scp -DDROPBEAR_MULTI -c src/pk/asn1/der/generalizedtime/der_decode_generalizedtime.c -o src/pk/asn1/der/generalizedtime/der_decode_generalizedtime.o
aarch64-linux-gnu-gcc -Isrc/headers/ -I./src/headers/ -I../ -I./../src -DLTC_SOURCE -I../libtommath/ -I./../libtommath/ -D_FORTIFY_SOURCE=2 -fstack-protector-strong -Wundef -fno-strict-overflow -Wno-pointer-sign -Os -W -Wall  -I./src/../libtomcrypt/src/headers/ -DLOCALOPTIONS_H_EXISTS -I. -I./src -DDROPBEAR_SERVER -DDBMULTI_dropbear -DDBMULTI_dropbearkey -DDBMULTI_scp -DDROPBEAR_MULTI -c src/pk/asn1/der/generalizedtime/der_encode_generalizedtime.c -o src/pk/asn1/der/generalizedtime/der_encode_generalizedtime.o
aarch64-linux-gnu-gcc -Isrc/headers/ -I./src/headers/ -I../ -I./../src -DLTC_SOURCE -I../libtommath/ -I./../libtommath/ -D_FORTIFY_SOURCE=2 -fstack-protector-strong -Wundef -fno-strict-overflow -Wno-pointer-sign -Os -W -Wall  -I./src/../libtomcrypt/src/headers/ -DLOCALOPTIONS_H_EXISTS -I. -I./src -DDROPBEAR_SERVER -DDBMULTI_dropbear -DDBMULTI_dropbearkey -DDBMULTI_scp -DDROPBEAR_MULTI -c src/pk/asn1/der/generalizedtime/der_length_generalizedtime.c -o src/pk/asn1/der/generalizedtime/der_length_generalizedtime.o
aarch64-linux-gnu-gcc -Isrc/headers/ -I./src/headers/ -I../ -I./../src -DLTC_SOURCE -I../libtommath/ -I./../libtommath/ -D_FORTIFY_SOURCE=2 -fstack-protector-strong -Wundef -fno-strict-overflow -Wno-pointer-sign -Os -W -Wall  -I./src/../libtomcrypt/src/headers/ -DLOCALOPTIONS_H_EXISTS -I. -I./src -DDROPBEAR_SERVER -DDBMULTI_dropbear -DDBMULTI_dropbearkey -DDBMULTI_scp -DDROPBEAR_MULTI -c src/pk/asn1/der/ia5/der_decode_ia5_string.c -o src/pk/asn1/der/ia5/der_decode_ia5_string.o
aarch64-linux-gnu-gcc -Isrc/headers/ -I./src/headers/ -I../ -I./../src -DLTC_SOURCE -I../libtommath/ -I./../libtommath/ -D_FORTIFY_SOURCE=2 -fstack-protector-strong -Wundef -fno-strict-overflow -Wno-pointer-sign -Os -W -Wall  -I./src/../libtomcrypt/src/headers/ -DLOCALOPTIONS_H_EXISTS -I. -I./src -DDROPBEAR_SERVER -DDBMULTI_dropbear -DDBMULTI_dropbearkey -DDBMULTI_scp -DDROPBEAR_MULTI -c src/pk/asn1/der/ia5/der_encode_ia5_string.c -o src/pk/asn1/der/ia5/der_encode_ia5_string.o
aarch64-linux-gnu-gcc -Isrc/headers/ -I./src/headers/ -I../ -I./../src -DLTC_SOURCE -I../libtommath/ -I./../libtommath/ -D_FORTIFY_SOURCE=2 -fstack-protector-strong -Wundef -fno-strict-overflow -Wno-pointer-sign -Os -W -Wall  -I./src/../libtomcrypt/src/headers/ -DLOCALOPTIONS_H_EXISTS -I. -I./src -DDROPBEAR_SERVER -DDBMULTI_dropbear -DDBMULTI_dropbearkey -DDBMULTI_scp -DDROPBEAR_MULTI -c src/pk/asn1/der/ia5/der_length_ia5_string.c -o src/pk/asn1/der/ia5/der_length_ia5_string.o
aarch64-linux-gnu-gcc -Isrc/headers/ -I./src/headers/ -I../ -I./../src -DLTC_SOURCE -I../libtommath/ -I./../libtommath/ -D_FORTIFY_SOURCE=2 -fstack-protector-strong -Wundef -fno-strict-overflow -Wno-pointer-sign -Os -W -Wall  -I./src/../libtomcrypt/src/headers/ -DLOCALOPTIONS_H_EXISTS -I. -I./src -DDROPBEAR_SERVER -DDBMULTI_dropbear -DDBMULTI_dropbearkey -DDBMULTI_scp -DDROPBEAR_MULTI -c src/pk/asn1/der/integer/der_decode_integer.c -o src/pk/asn1/der/integer/der_decode_integer.o
aarch64-linux-gnu-gcc -Isrc/headers/ -I./src/headers/ -I../ -I./../src -DLTC_SOURCE -I../libtommath/ -I./../libtommath/ -D_FORTIFY_SOURCE=2 -fstack-protector-strong -Wundef -fno-strict-overflow -Wno-pointer-sign -Os -W -Wall  -I./src/../libtomcrypt/src/headers/ -DLOCALOPTIONS_H_EXISTS -I. -I./src -DDROPBEAR_SERVER -DDBMULTI_dropbear -DDBMULTI_dropbearkey -DDBMULTI_scp -DDROPBEAR_MULTI -c src/pk/asn1/der/integer/der_encode_integer.c -o src/pk/asn1/der/integer/der_encode_integer.o
aarch64-linux-gnu-gcc -Isrc/headers/ -I./src/headers/ -I../ -I./../src -DLTC_SOURCE -I../libtommath/ -I./../libtommath/ -D_FORTIFY_SOURCE=2 -fstack-protector-strong -Wundef -fno-strict-overflow -Wno-pointer-sign -Os -W -Wall  -I./src/../libtomcrypt/src/headers/ -DLOCALOPTIONS_H_EXISTS -I. -I./src -DDROPBEAR_SERVER -DDBMULTI_dropbear -DDBMULTI_dropbearkey -DDBMULTI_scp -DDROPBEAR_MULTI -c src/pk/asn1/der/integer/der_length_integer.c -o src/pk/asn1/der/integer/der_length_integer.o
aarch64-linux-gnu-gcc -Isrc/headers/ -I./src/headers/ -I../ -I./../src -DLTC_SOURCE -I../libtommath/ -I./../libtommath/ -D_FORTIFY_SOURCE=2 -fstack-protector-strong -Wundef -fno-strict-overflow -Wno-pointer-sign -Os -W -Wall  -I./src/../libtomcrypt/src/headers/ -DLOCALOPTIONS_H_EXISTS -I. -I./src -DDROPBEAR_SERVER -DDBMULTI_dropbear -DDBMULTI_dropbearkey -DDBMULTI_scp -DDROPBEAR_MULTI -c src/pk/asn1/der/object_identifier/der_decode_object_identifier.c -o src/pk/asn1/der/object_identifier/der_decode_object_identifier.o
aarch64-linux-gnu-gcc -Isrc/headers/ -I./src/headers/ -I../ -I./../src -DLTC_SOURCE -I../libtommath/ -I./../libtommath/ -D_FORTIFY_SOURCE=2 -fstack-protector-strong -Wundef -fno-strict-overflow -Wno-pointer-sign -Os -W -Wall  -I./src/../libtomcrypt/src/headers/ -DLOCALOPTIONS_H_EXISTS -I. -I./src -DDROPBEAR_SERVER -DDBMULTI_dropbear -DDBMULTI_dropbearkey -DDBMULTI_scp -DDROPBEAR_MULTI -c src/pk/asn1/der/object_identifier/der_encode_object_identifier.c -o src/pk/asn1/der/object_identifier/der_encode_object_identifier.o
aarch64-linux-gnu-gcc -Isrc/headers/ -I./src/headers/ -I../ -I./../src -DLTC_SOURCE -I../libtommath/ -I./../libtommath/ -D_FORTIFY_SOURCE=2 -fstack-protector-strong -Wundef -fno-strict-overflow -Wno-pointer-sign -Os -W -Wall  -I./src/../libtomcrypt/src/headers/ -DLOCALOPTIONS_H_EXISTS -I. -I./src -DDROPBEAR_SERVER -DDBMULTI_dropbear -DDBMULTI_dropbearkey -DDBMULTI_scp -DDROPBEAR_MULTI -c src/pk/asn1/der/object_identifier/der_length_object_identifier.c -o src/pk/asn1/der/object_identifier/der_length_object_identifier.o
aarch64-linux-gnu-gcc -Isrc/headers/ -I./src/headers/ -I../ -I./../src -DLTC_SOURCE -I../libtommath/ -I./../libtommath/ -D_FORTIFY_SOURCE=2 -fstack-protector-strong -Wundef -fno-strict-overflow -Wno-pointer-sign -Os -W -Wall  -I./src/../libtomcrypt/src/headers/ -DLOCALOPTIONS_H_EXISTS -I. -I./src -DDROPBEAR_SERVER -DDBMULTI_dropbear -DDBMULTI_dropbearkey -DDBMULTI_scp -DDROPBEAR_MULTI -c src/pk/asn1/der/octet/der_decode_octet_string.c -o src/pk/asn1/der/octet/der_decode_octet_string.o
aarch64-linux-gnu-gcc -Isrc/headers/ -I./src/headers/ -I../ -I./../src -DLTC_SOURCE -I../libtommath/ -I./../libtommath/ -D_FORTIFY_SOURCE=2 -fstack-protector-strong -Wundef -fno-strict-overflow -Wno-pointer-sign -Os -W -Wall  -I./src/../libtomcrypt/src/headers/ -DLOCALOPTIONS_H_EXISTS -I. -I./src -DDROPBEAR_SERVER -DDBMULTI_dropbear -DDBMULTI_dropbearkey -DDBMULTI_scp -DDROPBEAR_MULTI -c src/pk/asn1/der/octet/der_encode_octet_string.c -o src/pk/asn1/der/octet/der_encode_octet_string.o
aarch64-linux-gnu-gcc -Isrc/headers/ -I./src/headers/ -I../ -I./../src -DLTC_SOURCE -I../libtommath/ -I./../libtommath/ -D_FORTIFY_SOURCE=2 -fstack-protector-strong -Wundef -fno-strict-overflow -Wno-pointer-sign -Os -W -Wall  -I./src/../libtomcrypt/src/headers/ -DLOCALOPTIONS_H_EXISTS -I. -I./src -DDROPBEAR_SERVER -DDBMULTI_dropbear -DDBMULTI_dropbearkey -DDBMULTI_scp -DDROPBEAR_MULTI -c src/pk/asn1/der/octet/der_length_octet_string.c -o src/pk/asn1/der/octet/der_length_octet_string.o
aarch64-linux-gnu-gcc -Isrc/headers/ -I./src/headers/ -I../ -I./../src -DLTC_SOURCE -I../libtommath/ -I./../libtommath/ -D_FORTIFY_SOURCE=2 -fstack-protector-strong -Wundef -fno-strict-overflow -Wno-pointer-sign -Os -W -Wall  -I./src/../libtomcrypt/src/headers/ -DLOCALOPTIONS_H_EXISTS -I. -I./src -DDROPBEAR_SERVER -DDBMULTI_dropbear -DDBMULTI_dropbearkey -DDBMULTI_scp -DDROPBEAR_MULTI -c src/pk/asn1/der/printable_string/der_decode_printable_string.c -o src/pk/asn1/der/printable_string/der_decode_printable_string.o
aarch64-linux-gnu-gcc -Isrc/headers/ -I./src/headers/ -I../ -I./../src -DLTC_SOURCE -I../libtommath/ -I./../libtommath/ -D_FORTIFY_SOURCE=2 -fstack-protector-strong -Wundef -fno-strict-overflow -Wno-pointer-sign -Os -W -Wall  -I./src/../libtomcrypt/src/headers/ -DLOCALOPTIONS_H_EXISTS -I. -I./src -DDROPBEAR_SERVER -DDBMULTI_dropbear -DDBMULTI_dropbearkey -DDBMULTI_scp -DDROPBEAR_MULTI -c src/pk/asn1/der/printable_string/der_encode_printable_string.c -o src/pk/asn1/der/printable_string/der_encode_printable_string.o
aarch64-linux-gnu-gcc -Isrc/headers/ -I./src/headers/ -I../ -I./../src -DLTC_SOURCE -I../libtommath/ -I./../libtommath/ -D_FORTIFY_SOURCE=2 -fstack-protector-strong -Wundef -fno-strict-overflow -Wno-pointer-sign -Os -W -Wall  -I./src/../libtomcrypt/src/headers/ -DLOCALOPTIONS_H_EXISTS -I. -I./src -DDROPBEAR_SERVER -DDBMULTI_dropbear -DDBMULTI_dropbearkey -DDBMULTI_scp -DDROPBEAR_MULTI -c src/pk/asn1/der/printable_string/der_length_printable_string.c -o src/pk/asn1/der/printable_string/der_length_printable_string.o
aarch64-linux-gnu-gcc -Isrc/headers/ -I./src/headers/ -I../ -I./../src -DLTC_SOURCE -I../libtommath/ -I./../libtommath/ -D_FORTIFY_SOURCE=2 -fstack-protector-strong -Wundef -fno-strict-overflow -Wno-pointer-sign -Os -W -Wall  -I./src/../libtomcrypt/src/headers/ -DLOCALOPTIONS_H_EXISTS -I. -I./src -DDROPBEAR_SERVER -DDBMULTI_dropbear -DDBMULTI_dropbearkey -DDBMULTI_scp -DDROPBEAR_MULTI -c src/pk/asn1/der/sequence/der_decode_sequence_ex.c -o src/pk/asn1/der/sequence/der_decode_sequence_ex.o
aarch64-linux-gnu-gcc -Isrc/headers/ -I./src/headers/ -I../ -I./../src -DLTC_SOURCE -I../libtommath/ -I./../libtommath/ -D_FORTIFY_SOURCE=2 -fstack-protector-strong -Wundef -fno-strict-overflow -Wno-pointer-sign -Os -W -Wall  -I./src/../libtomcrypt/src/headers/ -DLOCALOPTIONS_H_EXISTS -I. -I./src -DDROPBEAR_SERVER -DDBMULTI_dropbear -DDBMULTI_dropbearkey -DDBMULTI_scp -DDROPBEAR_MULTI -c src/pk/asn1/der/sequence/der_decode_sequence_flexi.c -o src/pk/asn1/der/sequence/der_decode_sequence_flexi.o
aarch64-linux-gnu-gcc -Isrc/headers/ -I./src/headers/ -I../ -I./../src -DLTC_SOURCE -I../libtommath/ -I./../libtommath/ -D_FORTIFY_SOURCE=2 -fstack-protector-strong -Wundef -fno-strict-overflow -Wno-pointer-sign -Os -W -Wall  -I./src/../libtomcrypt/src/headers/ -DLOCALOPTIONS_H_EXISTS -I. -I./src -DDROPBEAR_SERVER -DDBMULTI_dropbear -DDBMULTI_dropbearkey -DDBMULTI_scp -DDROPBEAR_MULTI -c src/pk/asn1/der/sequence/der_decode_sequence_multi.c -o src/pk/asn1/der/sequence/der_decode_sequence_multi.o
aarch64-linux-gnu-gcc -Isrc/headers/ -I./src/headers/ -I../ -I./../src -DLTC_SOURCE -I../libtommath/ -I./../libtommath/ -D_FORTIFY_SOURCE=2 -fstack-protector-strong -Wundef -fno-strict-overflow -Wno-pointer-sign -Os -W -Wall  -I./src/../libtomcrypt/src/headers/ -DLOCALOPTIONS_H_EXISTS -I. -I./src -DDROPBEAR_SERVER -DDBMULTI_dropbear -DDBMULTI_dropbearkey -DDBMULTI_scp -DDROPBEAR_MULTI -c src/pk/asn1/der/sequence/der_decode_subject_public_key_info.c -o src/pk/asn1/der/sequence/der_decode_subject_public_key_info.o
aarch64-linux-gnu-gcc -Isrc/headers/ -I./src/headers/ -I../ -I./../src -DLTC_SOURCE -I../libtommath/ -I./../libtommath/ -D_FORTIFY_SOURCE=2 -fstack-protector-strong -Wundef -fno-strict-overflow -Wno-pointer-sign -Os -W -Wall  -I./src/../libtomcrypt/src/headers/ -DLOCALOPTIONS_H_EXISTS -I. -I./src -DDROPBEAR_SERVER -DDBMULTI_dropbear -DDBMULTI_dropbearkey -DDBMULTI_scp -DDROPBEAR_MULTI -c src/pk/asn1/der/sequence/der_encode_sequence_ex.c -o src/pk/asn1/der/sequence/der_encode_sequence_ex.o
aarch64-linux-gnu-gcc -Isrc/headers/ -I./src/headers/ -I../ -I./../src -DLTC_SOURCE -I../libtommath/ -I./../libtommath/ -D_FORTIFY_SOURCE=2 -fstack-protector-strong -Wundef -fno-strict-overflow -Wno-pointer-sign -Os -W -Wall  -I./src/../libtomcrypt/src/headers/ -DLOCALOPTIONS_H_EXISTS -I. -I./src -DDROPBEAR_SERVER -DDBMULTI_dropbear -DDBMULTI_dropbearkey -DDBMULTI_scp -DDROPBEAR_MULTI -c src/pk/asn1/der/sequence/der_encode_sequence_multi.c -o src/pk/asn1/der/sequence/der_encode_sequence_multi.o
aarch64-linux-gnu-gcc -Isrc/headers/ -I./src/headers/ -I../ -I./../src -DLTC_SOURCE -I../libtommath/ -I./../libtommath/ -D_FORTIFY_SOURCE=2 -fstack-protector-strong -Wundef -fno-strict-overflow -Wno-pointer-sign -Os -W -Wall  -I./src/../libtomcrypt/src/headers/ -DLOCALOPTIONS_H_EXISTS -I. -I./src -DDROPBEAR_SERVER -DDBMULTI_dropbear -DDBMULTI_dropbearkey -DDBMULTI_scp -DDROPBEAR_MULTI -c src/pk/asn1/der/sequence/der_encode_subject_public_key_info.c -o src/pk/asn1/der/sequence/der_encode_subject_public_key_info.o
aarch64-linux-gnu-gcc -Isrc/headers/ -I./src/headers/ -I../ -I./../src -DLTC_SOURCE -I../libtommath/ -I./../libtommath/ -D_FORTIFY_SOURCE=2 -fstack-protector-strong -Wundef -fno-strict-overflow -Wno-pointer-sign -Os -W -Wall  -I./src/../libtomcrypt/src/headers/ -DLOCALOPTIONS_H_EXISTS -I. -I./src -DDROPBEAR_SERVER -DDBMULTI_dropbear -DDBMULTI_dropbearkey -DDBMULTI_scp -DDROPBEAR_MULTI -c src/pk/asn1/der/sequence/der_length_sequence.c -o src/pk/asn1/der/sequence/der_length_sequence.o
aarch64-linux-gnu-gcc -Isrc/headers/ -I./src/headers/ -I../ -I./../src -DLTC_SOURCE -I../libtommath/ -I./../libtommath/ -D_FORTIFY_SOURCE=2 -fstack-protector-strong -Wundef -fno-strict-overflow -Wno-pointer-sign -Os -W -Wall  -I./src/../libtomcrypt/src/headers/ -DLOCALOPTIONS_H_EXISTS -I. -I./src -DDROPBEAR_SERVER -DDBMULTI_dropbear -DDBMULTI_dropbearkey -DDBMULTI_scp -DDROPBEAR_MULTI -c src/pk/asn1/der/sequence/der_sequence_free.c -o src/pk/asn1/der/sequence/der_sequence_free.o
aarch64-linux-gnu-gcc -Isrc/headers/ -I./src/headers/ -I../ -I./../src -DLTC_SOURCE -I../libtommath/ -I./../libtommath/ -D_FORTIFY_SOURCE=2 -fstack-protector-strong -Wundef -fno-strict-overflow -Wno-pointer-sign -Os -W -Wall  -I./src/../libtomcrypt/src/headers/ -DLOCALOPTIONS_H_EXISTS -I. -I./src -DDROPBEAR_SERVER -DDBMULTI_dropbear -DDBMULTI_dropbearkey -DDBMULTI_scp -DDROPBEAR_MULTI -c src/pk/asn1/der/sequence/der_sequence_shrink.c -o src/pk/asn1/der/sequence/der_sequence_shrink.o
aarch64-linux-gnu-gcc -Isrc/headers/ -I./src/headers/ -I../ -I./../src -DLTC_SOURCE -I../libtommath/ -I./../libtommath/ -D_FORTIFY_SOURCE=2 -fstack-protector-strong -Wundef -fno-strict-overflow -Wno-pointer-sign -Os -W -Wall  -I./src/../libtomcrypt/src/headers/ -DLOCALOPTIONS_H_EXISTS -I. -I./src -DDROPBEAR_SERVER -DDBMULTI_dropbear -DDBMULTI_dropbearkey -DDBMULTI_scp -DDROPBEAR_MULTI -c src/pk/asn1/der/set/der_encode_set.c -o src/pk/asn1/der/set/der_encode_set.o
aarch64-linux-gnu-gcc -Isrc/headers/ -I./src/headers/ -I../ -I./../src -DLTC_SOURCE -I../libtommath/ -I./../libtommath/ -D_FORTIFY_SOURCE=2 -fstack-protector-strong -Wundef -fno-strict-overflow -Wno-pointer-sign -Os -W -Wall  -I./src/../libtomcrypt/src/headers/ -DLOCALOPTIONS_H_EXISTS -I. -I./src -DDROPBEAR_SERVER -DDBMULTI_dropbear -DDBMULTI_dropbearkey -DDBMULTI_scp -DDROPBEAR_MULTI -c src/pk/asn1/der/set/der_encode_setof.c -o src/pk/asn1/der/set/der_encode_setof.o
aarch64-linux-gnu-gcc -Isrc/headers/ -I./src/headers/ -I../ -I./../src -DLTC_SOURCE -I../libtommath/ -I./../libtommath/ -D_FORTIFY_SOURCE=2 -fstack-protector-strong -Wundef -fno-strict-overflow -Wno-pointer-sign -Os -W -Wall  -I./src/../libtomcrypt/src/headers/ -DLOCALOPTIONS_H_EXISTS -I. -I./src -DDROPBEAR_SERVER -DDBMULTI_dropbear -DDBMULTI_dropbearkey -DDBMULTI_scp -DDROPBEAR_MULTI -c src/pk/asn1/der/short_integer/der_decode_short_integer.c -o src/pk/asn1/der/short_integer/der_decode_short_integer.o
aarch64-linux-gnu-gcc -Isrc/headers/ -I./src/headers/ -I../ -I./../src -DLTC_SOURCE -I../libtommath/ -I./../libtommath/ -D_FORTIFY_SOURCE=2 -fstack-protector-strong -Wundef -fno-strict-overflow -Wno-pointer-sign -Os -W -Wall  -I./src/../libtomcrypt/src/headers/ -DLOCALOPTIONS_H_EXISTS -I. -I./src -DDROPBEAR_SERVER -DDBMULTI_dropbear -DDBMULTI_dropbearkey -DDBMULTI_scp -DDROPBEAR_MULTI -c src/pk/asn1/der/short_integer/der_encode_short_integer.c -o src/pk/asn1/der/short_integer/der_encode_short_integer.o
aarch64-linux-gnu-gcc -Isrc/headers/ -I./src/headers/ -I../ -I./../src -DLTC_SOURCE -I../libtommath/ -I./../libtommath/ -D_FORTIFY_SOURCE=2 -fstack-protector-strong -Wundef -fno-strict-overflow -Wno-pointer-sign -Os -W -Wall  -I./src/../libtomcrypt/src/headers/ -DLOCALOPTIONS_H_EXISTS -I. -I./src -DDROPBEAR_SERVER -DDBMULTI_dropbear -DDBMULTI_dropbearkey -DDBMULTI_scp -DDROPBEAR_MULTI -c src/pk/asn1/der/short_integer/der_length_short_integer.c -o src/pk/asn1/der/short_integer/der_length_short_integer.o
aarch64-linux-gnu-gcc -Isrc/headers/ -I./src/headers/ -I../ -I./../src -DLTC_SOURCE -I../libtommath/ -I./../libtommath/ -D_FORTIFY_SOURCE=2 -fstack-protector-strong -Wundef -fno-strict-overflow -Wno-pointer-sign -Os -W -Wall  -I./src/../libtomcrypt/src/headers/ -DLOCALOPTIONS_H_EXISTS -I. -I./src -DDROPBEAR_SERVER -DDBMULTI_dropbear -DDBMULTI_dropbearkey -DDBMULTI_scp -DDROPBEAR_MULTI -c src/pk/asn1/der/teletex_string/der_decode_teletex_string.c -o src/pk/asn1/der/teletex_string/der_decode_teletex_string.o
aarch64-linux-gnu-gcc -Isrc/headers/ -I./src/headers/ -I../ -I./../src -DLTC_SOURCE -I../libtommath/ -I./../libtommath/ -D_FORTIFY_SOURCE=2 -fstack-protector-strong -Wundef -fno-strict-overflow -Wno-pointer-sign -Os -W -Wall  -I./src/../libtomcrypt/src/headers/ -DLOCALOPTIONS_H_EXISTS -I. -I./src -DDROPBEAR_SERVER -DDBMULTI_dropbear -DDBMULTI_dropbearkey -DDBMULTI_scp -DDROPBEAR_MULTI -c src/pk/asn1/der/teletex_string/der_length_teletex_string.c -o src/pk/asn1/der/teletex_string/der_length_teletex_string.o
aarch64-linux-gnu-gcc -Isrc/headers/ -I./src/headers/ -I../ -I./../src -DLTC_SOURCE -I../libtommath/ -I./../libtommath/ -D_FORTIFY_SOURCE=2 -fstack-protector-strong -Wundef -fno-strict-overflow -Wno-pointer-sign -Os -W -Wall  -I./src/../libtomcrypt/src/headers/ -DLOCALOPTIONS_H_EXISTS -I. -I./src -DDROPBEAR_SERVER -DDBMULTI_dropbear -DDBMULTI_dropbearkey -DDBMULTI_scp -DDROPBEAR_MULTI -c src/pk/asn1/der/utctime/der_decode_utctime.c -o src/pk/asn1/der/utctime/der_decode_utctime.o
aarch64-linux-gnu-gcc -Isrc/headers/ -I./src/headers/ -I../ -I./../src -DLTC_SOURCE -I../libtommath/ -I./../libtommath/ -D_FORTIFY_SOURCE=2 -fstack-protector-strong -Wundef -fno-strict-overflow -Wno-pointer-sign -Os -W -Wall  -I./src/../libtomcrypt/src/headers/ -DLOCALOPTIONS_H_EXISTS -I. -I./src -DDROPBEAR_SERVER -DDBMULTI_dropbear -DDBMULTI_dropbearkey -DDBMULTI_scp -DDROPBEAR_MULTI -c src/pk/asn1/der/utctime/der_encode_utctime.c -o src/pk/asn1/der/utctime/der_encode_utctime.o
aarch64-linux-gnu-gcc -Isrc/headers/ -I./src/headers/ -I../ -I./../src -DLTC_SOURCE -I../libtommath/ -I./../libtommath/ -D_FORTIFY_SOURCE=2 -fstack-protector-strong -Wundef -fno-strict-overflow -Wno-pointer-sign -Os -W -Wall  -I./src/../libtomcrypt/src/headers/ -DLOCALOPTIONS_H_EXISTS -I. -I./src -DDROPBEAR_SERVER -DDBMULTI_dropbear -DDBMULTI_dropbearkey -DDBMULTI_scp -DDROPBEAR_MULTI -c src/pk/asn1/der/utctime/der_length_utctime.c -o src/pk/asn1/der/utctime/der_length_utctime.o
aarch64-linux-gnu-gcc -Isrc/headers/ -I./src/headers/ -I../ -I./../src -DLTC_SOURCE -I../libtommath/ -I./../libtommath/ -D_FORTIFY_SOURCE=2 -fstack-protector-strong -Wundef -fno-strict-overflow -Wno-pointer-sign -Os -W -Wall  -I./src/../libtomcrypt/src/headers/ -DLOCALOPTIONS_H_EXISTS -I. -I./src -DDROPBEAR_SERVER -DDBMULTI_dropbear -DDBMULTI_dropbearkey -DDBMULTI_scp -DDROPBEAR_MULTI -c src/pk/asn1/der/utf8/der_decode_utf8_string.c -o src/pk/asn1/der/utf8/der_decode_utf8_string.o
aarch64-linux-gnu-gcc -Isrc/headers/ -I./src/headers/ -I../ -I./../src -DLTC_SOURCE -I../libtommath/ -I./../libtommath/ -D_FORTIFY_SOURCE=2 -fstack-protector-strong -Wundef -fno-strict-overflow -Wno-pointer-sign -Os -W -Wall  -I./src/../libtomcrypt/src/headers/ -DLOCALOPTIONS_H_EXISTS -I. -I./src -DDROPBEAR_SERVER -DDBMULTI_dropbear -DDBMULTI_dropbearkey -DDBMULTI_scp -DDROPBEAR_MULTI -c src/pk/asn1/der/utf8/der_encode_utf8_string.c -o src/pk/asn1/der/utf8/der_encode_utf8_string.o
aarch64-linux-gnu-gcc -Isrc/headers/ -I./src/headers/ -I../ -I./../src -DLTC_SOURCE -I../libtommath/ -I./../libtommath/ -D_FORTIFY_SOURCE=2 -fstack-protector-strong -Wundef -fno-strict-overflow -Wno-pointer-sign -Os -W -Wall  -I./src/../libtomcrypt/src/headers/ -DLOCALOPTIONS_H_EXISTS -I. -I./src -DDROPBEAR_SERVER -DDBMULTI_dropbear -DDBMULTI_dropbearkey -DDBMULTI_scp -DDROPBEAR_MULTI -c src/pk/asn1/der/utf8/der_length_utf8_string.c -o src/pk/asn1/der/utf8/der_length_utf8_string.o
aarch64-linux-gnu-gcc -Isrc/headers/ -I./src/headers/ -I../ -I./../src -DLTC_SOURCE -I../libtommath/ -I./../libtommath/ -D_FORTIFY_SOURCE=2 -fstack-protector-strong -Wundef -fno-strict-overflow -Wno-pointer-sign -Os -W -Wall  -I./src/../libtomcrypt/src/headers/ -DLOCALOPTIONS_H_EXISTS -I. -I./src -DDROPBEAR_SERVER -DDBMULTI_dropbear -DDBMULTI_dropbearkey -DDBMULTI_scp -DDROPBEAR_MULTI -c src/pk/dh/dh.c -o src/pk/dh/dh.o
aarch64-linux-gnu-gcc -Isrc/headers/ -I./src/headers/ -I../ -I./../src -DLTC_SOURCE -I../libtommath/ -I./../libtommath/ -D_FORTIFY_SOURCE=2 -fstack-protector-strong -Wundef -fno-strict-overflow -Wno-pointer-sign -Os -W -Wall  -I./src/../libtomcrypt/src/headers/ -DLOCALOPTIONS_H_EXISTS -I. -I./src -DDROPBEAR_SERVER -DDBMULTI_dropbear -DDBMULTI_dropbearkey -DDBMULTI_scp -DDROPBEAR_MULTI -c src/pk/dh/dh_check_pubkey.c -o src/pk/dh/dh_check_pubkey.o
aarch64-linux-gnu-gcc -Isrc/headers/ -I./src/headers/ -I../ -I./../src -DLTC_SOURCE -I../libtommath/ -I./../libtommath/ -D_FORTIFY_SOURCE=2 -fstack-protector-strong -Wundef -fno-strict-overflow -Wno-pointer-sign -Os -W -Wall  -I./src/../libtomcrypt/src/headers/ -DLOCALOPTIONS_H_EXISTS -I. -I./src -DDROPBEAR_SERVER -DDBMULTI_dropbear -DDBMULTI_dropbearkey -DDBMULTI_scp -DDROPBEAR_MULTI -c src/pk/dh/dh_export.c -o src/pk/dh/dh_export.o
aarch64-linux-gnu-gcc -Isrc/headers/ -I./src/headers/ -I../ -I./../src -DLTC_SOURCE -I../libtommath/ -I./../libtommath/ -D_FORTIFY_SOURCE=2 -fstack-protector-strong -Wundef -fno-strict-overflow -Wno-pointer-sign -Os -W -Wall  -I./src/../libtomcrypt/src/headers/ -DLOCALOPTIONS_H_EXISTS -I. -I./src -DDROPBEAR_SERVER -DDBMULTI_dropbear -DDBMULTI_dropbearkey -DDBMULTI_scp -DDROPBEAR_MULTI -c src/pk/dh/dh_export_key.c -o src/pk/dh/dh_export_key.o
aarch64-linux-gnu-gcc -Isrc/headers/ -I./src/headers/ -I../ -I./../src -DLTC_SOURCE -I../libtommath/ -I./../libtommath/ -D_FORTIFY_SOURCE=2 -fstack-protector-strong -Wundef -fno-strict-overflow -Wno-pointer-sign -Os -W -Wall  -I./src/../libtomcrypt/src/headers/ -DLOCALOPTIONS_H_EXISTS -I. -I./src -DDROPBEAR_SERVER -DDBMULTI_dropbear -DDBMULTI_dropbearkey -DDBMULTI_scp -DDROPBEAR_MULTI -c src/pk/dh/dh_free.c -o src/pk/dh/dh_free.o
aarch64-linux-gnu-gcc -Isrc/headers/ -I./src/headers/ -I../ -I./../src -DLTC_SOURCE -I../libtommath/ -I./../libtommath/ -D_FORTIFY_SOURCE=2 -fstack-protector-strong -Wundef -fno-strict-overflow -Wno-pointer-sign -Os -W -Wall  -I./src/../libtomcrypt/src/headers/ -DLOCALOPTIONS_H_EXISTS -I. -I./src -DDROPBEAR_SERVER -DDBMULTI_dropbear -DDBMULTI_dropbearkey -DDBMULTI_scp -DDROPBEAR_MULTI -c src/pk/dh/dh_generate_key.c -o src/pk/dh/dh_generate_key.o
aarch64-linux-gnu-gcc -Isrc/headers/ -I./src/headers/ -I../ -I./../src -DLTC_SOURCE -I../libtommath/ -I./../libtommath/ -D_FORTIFY_SOURCE=2 -fstack-protector-strong -Wundef -fno-strict-overflow -Wno-pointer-sign -Os -W -Wall  -I./src/../libtomcrypt/src/headers/ -DLOCALOPTIONS_H_EXISTS -I. -I./src -DDROPBEAR_SERVER -DDBMULTI_dropbear -DDBMULTI_dropbearkey -DDBMULTI_scp -DDROPBEAR_MULTI -c src/pk/dh/dh_import.c -o src/pk/dh/dh_import.o
aarch64-linux-gnu-gcc -Isrc/headers/ -I./src/headers/ -I../ -I./../src -DLTC_SOURCE -I../libtommath/ -I./../libtommath/ -D_FORTIFY_SOURCE=2 -fstack-protector-strong -Wundef -fno-strict-overflow -Wno-pointer-sign -Os -W -Wall  -I./src/../libtomcrypt/src/headers/ -DLOCALOPTIONS_H_EXISTS -I. -I./src -DDROPBEAR_SERVER -DDBMULTI_dropbear -DDBMULTI_dropbearkey -DDBMULTI_scp -DDROPBEAR_MULTI -c src/pk/dh/dh_set.c -o src/pk/dh/dh_set.o
aarch64-linux-gnu-gcc -Isrc/headers/ -I./src/headers/ -I../ -I./../src -DLTC_SOURCE -I../libtommath/ -I./../libtommath/ -D_FORTIFY_SOURCE=2 -fstack-protector-strong -Wundef -fno-strict-overflow -Wno-pointer-sign -Os -W -Wall  -I./src/../libtomcrypt/src/headers/ -DLOCALOPTIONS_H_EXISTS -I. -I./src -DDROPBEAR_SERVER -DDBMULTI_dropbear -DDBMULTI_dropbearkey -DDBMULTI_scp -DDROPBEAR_MULTI -c src/pk/dh/dh_set_pg_dhparam.c -o src/pk/dh/dh_set_pg_dhparam.o
aarch64-linux-gnu-gcc -Isrc/headers/ -I./src/headers/ -I../ -I./../src -DLTC_SOURCE -I../libtommath/ -I./../libtommath/ -D_FORTIFY_SOURCE=2 -fstack-protector-strong -Wundef -fno-strict-overflow -Wno-pointer-sign -Os -W -Wall  -I./src/../libtomcrypt/src/headers/ -DLOCALOPTIONS_H_EXISTS -I. -I./src -DDROPBEAR_SERVER -DDBMULTI_dropbear -DDBMULTI_dropbearkey -DDBMULTI_scp -DDROPBEAR_MULTI -c src/pk/dh/dh_shared_secret.c -o src/pk/dh/dh_shared_secret.o
aarch64-linux-gnu-gcc -Isrc/headers/ -I./src/headers/ -I../ -I./../src -DLTC_SOURCE -I../libtommath/ -I./../libtommath/ -D_FORTIFY_SOURCE=2 -fstack-protector-strong -Wundef -fno-strict-overflow -Wno-pointer-sign -Os -W -Wall  -I./src/../libtomcrypt/src/headers/ -DLOCALOPTIONS_H_EXISTS -I. -I./src -DDROPBEAR_SERVER -DDBMULTI_dropbear -DDBMULTI_dropbearkey -DDBMULTI_scp -DDROPBEAR_MULTI -c src/pk/dsa/dsa_decrypt_key.c -o src/pk/dsa/dsa_decrypt_key.o
aarch64-linux-gnu-gcc -Isrc/headers/ -I./src/headers/ -I../ -I./../src -DLTC_SOURCE -I../libtommath/ -I./../libtommath/ -D_FORTIFY_SOURCE=2 -fstack-protector-strong -Wundef -fno-strict-overflow -Wno-pointer-sign -Os -W -Wall  -I./src/../libtomcrypt/src/headers/ -DLOCALOPTIONS_H_EXISTS -I. -I./src -DDROPBEAR_SERVER -DDBMULTI_dropbear -DDBMULTI_dropbearkey -DDBMULTI_scp -DDROPBEAR_MULTI -c src/pk/dsa/dsa_encrypt_key.c -o src/pk/dsa/dsa_encrypt_key.o
aarch64-linux-gnu-gcc -Isrc/headers/ -I./src/headers/ -I../ -I./../src -DLTC_SOURCE -I../libtommath/ -I./../libtommath/ -D_FORTIFY_SOURCE=2 -fstack-protector-strong -Wundef -fno-strict-overflow -Wno-pointer-sign -Os -W -Wall  -I./src/../libtomcrypt/src/headers/ -DLOCALOPTIONS_H_EXISTS -I. -I./src -DDROPBEAR_SERVER -DDBMULTI_dropbear -DDBMULTI_dropbearkey -DDBMULTI_scp -DDROPBEAR_MULTI -c src/pk/dsa/dsa_export.c -o src/pk/dsa/dsa_export.o
aarch64-linux-gnu-gcc -Isrc/headers/ -I./src/headers/ -I../ -I./../src -DLTC_SOURCE -I../libtommath/ -I./../libtommath/ -D_FORTIFY_SOURCE=2 -fstack-protector-strong -Wundef -fno-strict-overflow -Wno-pointer-sign -Os -W -Wall  -I./src/../libtomcrypt/src/headers/ -DLOCALOPTIONS_H_EXISTS -I. -I./src -DDROPBEAR_SERVER -DDBMULTI_dropbear -DDBMULTI_dropbearkey -DDBMULTI_scp -DDROPBEAR_MULTI -c src/pk/dsa/dsa_free.c -o src/pk/dsa/dsa_free.o
aarch64-linux-gnu-gcc -Isrc/headers/ -I./src/headers/ -I../ -I./../src -DLTC_SOURCE -I../libtommath/ -I./../libtommath/ -D_FORTIFY_SOURCE=2 -fstack-protector-strong -Wundef -fno-strict-overflow -Wno-pointer-sign -Os -W -Wall  -I./src/../libtomcrypt/src/headers/ -DLOCALOPTIONS_H_EXISTS -I. -I./src -DDROPBEAR_SERVER -DDBMULTI_dropbear -DDBMULTI_dropbearkey -DDBMULTI_scp -DDROPBEAR_MULTI -c src/pk/dsa/dsa_generate_key.c -o src/pk/dsa/dsa_generate_key.o
aarch64-linux-gnu-gcc -Isrc/headers/ -I./src/headers/ -I../ -I./../src -DLTC_SOURCE -I../libtommath/ -I./../libtommath/ -D_FORTIFY_SOURCE=2 -fstack-protector-strong -Wundef -fno-strict-overflow -Wno-pointer-sign -Os -W -Wall  -I./src/../libtomcrypt/src/headers/ -DLOCALOPTIONS_H_EXISTS -I. -I./src -DDROPBEAR_SERVER -DDBMULTI_dropbear -DDBMULTI_dropbearkey -DDBMULTI_scp -DDROPBEAR_MULTI -c src/pk/dsa/dsa_generate_pqg.c -o src/pk/dsa/dsa_generate_pqg.o
aarch64-linux-gnu-gcc -Isrc/headers/ -I./src/headers/ -I../ -I./../src -DLTC_SOURCE -I../libtommath/ -I./../libtommath/ -D_FORTIFY_SOURCE=2 -fstack-protector-strong -Wundef -fno-strict-overflow -Wno-pointer-sign -Os -W -Wall  -I./src/../libtomcrypt/src/headers/ -DLOCALOPTIONS_H_EXISTS -I. -I./src -DDROPBEAR_SERVER -DDBMULTI_dropbear -DDBMULTI_dropbearkey -DDBMULTI_scp -DDROPBEAR_MULTI -c src/pk/dsa/dsa_import.c -o src/pk/dsa/dsa_import.o
aarch64-linux-gnu-gcc -Isrc/headers/ -I./src/headers/ -I../ -I./../src -DLTC_SOURCE -I../libtommath/ -I./../libtommath/ -D_FORTIFY_SOURCE=2 -fstack-protector-strong -Wundef -fno-strict-overflow -Wno-pointer-sign -Os -W -Wall  -I./src/../libtomcrypt/src/headers/ -DLOCALOPTIONS_H_EXISTS -I. -I./src -DDROPBEAR_SERVER -DDBMULTI_dropbear -DDBMULTI_dropbearkey -DDBMULTI_scp -DDROPBEAR_MULTI -c src/pk/dsa/dsa_make_key.c -o src/pk/dsa/dsa_make_key.o
aarch64-linux-gnu-gcc -Isrc/headers/ -I./src/headers/ -I../ -I./../src -DLTC_SOURCE -I../libtommath/ -I./../libtommath/ -D_FORTIFY_SOURCE=2 -fstack-protector-strong -Wundef -fno-strict-overflow -Wno-pointer-sign -Os -W -Wall  -I./src/../libtomcrypt/src/headers/ -DLOCALOPTIONS_H_EXISTS -I. -I./src -DDROPBEAR_SERVER -DDBMULTI_dropbear -DDBMULTI_dropbearkey -DDBMULTI_scp -DDROPBEAR_MULTI -c src/pk/dsa/dsa_set.c -o src/pk/dsa/dsa_set.o
aarch64-linux-gnu-gcc -Isrc/headers/ -I./src/headers/ -I../ -I./../src -DLTC_SOURCE -I../libtommath/ -I./../libtommath/ -D_FORTIFY_SOURCE=2 -fstack-protector-strong -Wundef -fno-strict-overflow -Wno-pointer-sign -Os -W -Wall  -I./src/../libtomcrypt/src/headers/ -DLOCALOPTIONS_H_EXISTS -I. -I./src -DDROPBEAR_SERVER -DDBMULTI_dropbear -DDBMULTI_dropbearkey -DDBMULTI_scp -DDROPBEAR_MULTI -c src/pk/dsa/dsa_set_pqg_dsaparam.c -o src/pk/dsa/dsa_set_pqg_dsaparam.o
aarch64-linux-gnu-gcc -Isrc/headers/ -I./src/headers/ -I../ -I./../src -DLTC_SOURCE -I../libtommath/ -I./../libtommath/ -D_FORTIFY_SOURCE=2 -fstack-protector-strong -Wundef -fno-strict-overflow -Wno-pointer-sign -Os -W -Wall  -I./src/../libtomcrypt/src/headers/ -DLOCALOPTIONS_H_EXISTS -I. -I./src -DDROPBEAR_SERVER -DDBMULTI_dropbear -DDBMULTI_dropbearkey -DDBMULTI_scp -DDROPBEAR_MULTI -c src/pk/dsa/dsa_shared_secret.c -o src/pk/dsa/dsa_shared_secret.o
aarch64-linux-gnu-gcc -Isrc/headers/ -I./src/headers/ -I../ -I./../src -DLTC_SOURCE -I../libtommath/ -I./../libtommath/ -D_FORTIFY_SOURCE=2 -fstack-protector-strong -Wundef -fno-strict-overflow -Wno-pointer-sign -Os -W -Wall  -I./src/../libtomcrypt/src/headers/ -DLOCALOPTIONS_H_EXISTS -I. -I./src -DDROPBEAR_SERVER -DDBMULTI_dropbear -DDBMULTI_dropbearkey -DDBMULTI_scp -DDROPBEAR_MULTI -c src/pk/dsa/dsa_sign_hash.c -o src/pk/dsa/dsa_sign_hash.o
aarch64-linux-gnu-gcc -Isrc/headers/ -I./src/headers/ -I../ -I./../src -DLTC_SOURCE -I../libtommath/ -I./../libtommath/ -D_FORTIFY_SOURCE=2 -fstack-protector-strong -Wundef -fno-strict-overflow -Wno-pointer-sign -Os -W -Wall  -I./src/../libtomcrypt/src/headers/ -DLOCALOPTIONS_H_EXISTS -I. -I./src -DDROPBEAR_SERVER -DDBMULTI_dropbear -DDBMULTI_dropbearkey -DDBMULTI_scp -DDROPBEAR_MULTI -c src/pk/dsa/dsa_verify_hash.c -o src/pk/dsa/dsa_verify_hash.o
aarch64-linux-gnu-gcc -Isrc/headers/ -I./src/headers/ -I../ -I./../src -DLTC_SOURCE -I../libtommath/ -I./../libtommath/ -D_FORTIFY_SOURCE=2 -fstack-protector-strong -Wundef -fno-strict-overflow -Wno-pointer-sign -Os -W -Wall  -I./src/../libtomcrypt/src/headers/ -DLOCALOPTIONS_H_EXISTS -I. -I./src -DDROPBEAR_SERVER -DDBMULTI_dropbear -DDBMULTI_dropbearkey -DDBMULTI_scp -DDROPBEAR_MULTI -c src/pk/dsa/dsa_verify_key.c -o src/pk/dsa/dsa_verify_key.o
aarch64-linux-gnu-gcc -Isrc/headers/ -I./src/headers/ -I../ -I./../src -DLTC_SOURCE -I../libtommath/ -I./../libtommath/ -D_FORTIFY_SOURCE=2 -fstack-protector-strong -Wundef -fno-strict-overflow -Wno-pointer-sign -Os -W -Wall  -I./src/../libtomcrypt/src/headers/ -DLOCALOPTIONS_H_EXISTS -I. -I./src -DDROPBEAR_SERVER -DDBMULTI_dropbear -DDBMULTI_dropbearkey -DDBMULTI_scp -DDROPBEAR_MULTI -c src/pk/ecc/ecc.c -o src/pk/ecc/ecc.o
aarch64-linux-gnu-gcc -Isrc/headers/ -I./src/headers/ -I../ -I./../src -DLTC_SOURCE -I../libtommath/ -I./../libtommath/ -D_FORTIFY_SOURCE=2 -fstack-protector-strong -Wundef -fno-strict-overflow -Wno-pointer-sign -Os -W -Wall  -I./src/../libtomcrypt/src/headers/ -DLOCALOPTIONS_H_EXISTS -I. -I./src -DDROPBEAR_SERVER -DDBMULTI_dropbear -DDBMULTI_dropbearkey -DDBMULTI_scp -DDROPBEAR_MULTI -c src/pk/ecc/ecc_ansi_x963_export.c -o src/pk/ecc/ecc_ansi_x963_export.o
aarch64-linux-gnu-gcc -Isrc/headers/ -I./src/headers/ -I../ -I./../src -DLTC_SOURCE -I../libtommath/ -I./../libtommath/ -D_FORTIFY_SOURCE=2 -fstack-protector-strong -Wundef -fno-strict-overflow -Wno-pointer-sign -Os -W -Wall  -I./src/../libtomcrypt/src/headers/ -DLOCALOPTIONS_H_EXISTS -I. -I./src -DDROPBEAR_SERVER -DDBMULTI_dropbear -DDBMULTI_dropbearkey -DDBMULTI_scp -DDROPBEAR_MULTI -c src/pk/ecc/ecc_ansi_x963_import.c -o src/pk/ecc/ecc_ansi_x963_import.o
aarch64-linux-gnu-gcc -Isrc/headers/ -I./src/headers/ -I../ -I./../src -DLTC_SOURCE -I../libtommath/ -I./../libtommath/ -D_FORTIFY_SOURCE=2 -fstack-protector-strong -Wundef -fno-strict-overflow -Wno-pointer-sign -Os -W -Wall  -I./src/../libtomcrypt/src/headers/ -DLOCALOPTIONS_H_EXISTS -I. -I./src -DDROPBEAR_SERVER -DDBMULTI_dropbear -DDBMULTI_dropbearkey -DDBMULTI_scp -DDROPBEAR_MULTI -c src/pk/ecc/ecc_decrypt_key.c -o src/pk/ecc/ecc_decrypt_key.o
aarch64-linux-gnu-gcc -Isrc/headers/ -I./src/headers/ -I../ -I./../src -DLTC_SOURCE -I../libtommath/ -I./../libtommath/ -D_FORTIFY_SOURCE=2 -fstack-protector-strong -Wundef -fno-strict-overflow -Wno-pointer-sign -Os -W -Wall  -I./src/../libtomcrypt/src/headers/ -DLOCALOPTIONS_H_EXISTS -I. -I./src -DDROPBEAR_SERVER -DDBMULTI_dropbear -DDBMULTI_dropbearkey -DDBMULTI_scp -DDROPBEAR_MULTI -c src/pk/ecc/ecc_encrypt_key.c -o src/pk/ecc/ecc_encrypt_key.o
aarch64-linux-gnu-gcc -Isrc/headers/ -I./src/headers/ -I../ -I./../src -DLTC_SOURCE -I../libtommath/ -I./../libtommath/ -D_FORTIFY_SOURCE=2 -fstack-protector-strong -Wundef -fno-strict-overflow -Wno-pointer-sign -Os -W -Wall  -I./src/../libtomcrypt/src/headers/ -DLOCALOPTIONS_H_EXISTS -I. -I./src -DDROPBEAR_SERVER -DDBMULTI_dropbear -DDBMULTI_dropbearkey -DDBMULTI_scp -DDROPBEAR_MULTI -c src/pk/ecc/ecc_export.c -o src/pk/ecc/ecc_export.o
aarch64-linux-gnu-gcc -Isrc/headers/ -I./src/headers/ -I../ -I./../src -DLTC_SOURCE -I../libtommath/ -I./../libtommath/ -D_FORTIFY_SOURCE=2 -fstack-protector-strong -Wundef -fno-strict-overflow -Wno-pointer-sign -Os -W -Wall  -I./src/../libtomcrypt/src/headers/ -DLOCALOPTIONS_H_EXISTS -I. -I./src -DDROPBEAR_SERVER -DDBMULTI_dropbear -DDBMULTI_dropbearkey -DDBMULTI_scp -DDROPBEAR_MULTI -c src/pk/ecc/ecc_free.c -o src/pk/ecc/ecc_free.o
aarch64-linux-gnu-gcc -Isrc/headers/ -I./src/headers/ -I../ -I./../src -DLTC_SOURCE -I../libtommath/ -I./../libtommath/ -D_FORTIFY_SOURCE=2 -fstack-protector-strong -Wundef -fno-strict-overflow -Wno-pointer-sign -Os -W -Wall  -I./src/../libtomcrypt/src/headers/ -DLOCALOPTIONS_H_EXISTS -I. -I./src -DDROPBEAR_SERVER -DDBMULTI_dropbear -DDBMULTI_dropbearkey -DDBMULTI_scp -DDROPBEAR_MULTI -c src/pk/ecc/ecc_get_size.c -o src/pk/ecc/ecc_get_size.o
aarch64-linux-gnu-gcc -Isrc/headers/ -I./src/headers/ -I../ -I./../src -DLTC_SOURCE -I../libtommath/ -I./../libtommath/ -D_FORTIFY_SOURCE=2 -fstack-protector-strong -Wundef -fno-strict-overflow -Wno-pointer-sign -Os -W -Wall  -I./src/../libtomcrypt/src/headers/ -DLOCALOPTIONS_H_EXISTS -I. -I./src -DDROPBEAR_SERVER -DDBMULTI_dropbear -DDBMULTI_dropbearkey -DDBMULTI_scp -DDROPBEAR_MULTI -c src/pk/ecc/ecc_import.c -o src/pk/ecc/ecc_import.o
aarch64-linux-gnu-gcc -Isrc/headers/ -I./src/headers/ -I../ -I./../src -DLTC_SOURCE -I../libtommath/ -I./../libtommath/ -D_FORTIFY_SOURCE=2 -fstack-protector-strong -Wundef -fno-strict-overflow -Wno-pointer-sign -Os -W -Wall  -I./src/../libtomcrypt/src/headers/ -DLOCALOPTIONS_H_EXISTS -I. -I./src -DDROPBEAR_SERVER -DDBMULTI_dropbear -DDBMULTI_dropbearkey -DDBMULTI_scp -DDROPBEAR_MULTI -c src/pk/ecc/ecc_make_key.c -o src/pk/ecc/ecc_make_key.o
aarch64-linux-gnu-gcc -Isrc/headers/ -I./src/headers/ -I../ -I./../src -DLTC_SOURCE -I../libtommath/ -I./../libtommath/ -D_FORTIFY_SOURCE=2 -fstack-protector-strong -Wundef -fno-strict-overflow -Wno-pointer-sign -Os -W -Wall  -I./src/../libtomcrypt/src/headers/ -DLOCALOPTIONS_H_EXISTS -I. -I./src -DDROPBEAR_SERVER -DDBMULTI_dropbear -DDBMULTI_dropbearkey -DDBMULTI_scp -DDROPBEAR_MULTI -c src/pk/ecc/ecc_shared_secret.c -o src/pk/ecc/ecc_shared_secret.o
aarch64-linux-gnu-gcc -Isrc/headers/ -I./src/headers/ -I../ -I./../src -DLTC_SOURCE -I../libtommath/ -I./../libtommath/ -D_FORTIFY_SOURCE=2 -fstack-protector-strong -Wundef -fno-strict-overflow -Wno-pointer-sign -Os -W -Wall  -I./src/../libtomcrypt/src/headers/ -DLOCALOPTIONS_H_EXISTS -I. -I./src -DDROPBEAR_SERVER -DDBMULTI_dropbear -DDBMULTI_dropbearkey -DDBMULTI_scp -DDROPBEAR_MULTI -c src/pk/ecc/ecc_sign_hash.c -o src/pk/ecc/ecc_sign_hash.o
aarch64-linux-gnu-gcc -Isrc/headers/ -I./src/headers/ -I../ -I./../src -DLTC_SOURCE -I../libtommath/ -I./../libtommath/ -D_FORTIFY_SOURCE=2 -fstack-protector-strong -Wundef -fno-strict-overflow -Wno-pointer-sign -Os -W -Wall  -I./src/../libtomcrypt/src/headers/ -DLOCALOPTIONS_H_EXISTS -I. -I./src -DDROPBEAR_SERVER -DDBMULTI_dropbear -DDBMULTI_dropbearkey -DDBMULTI_scp -DDROPBEAR_MULTI -c src/pk/ecc/ecc_sizes.c -o src/pk/ecc/ecc_sizes.o
aarch64-linux-gnu-gcc -Isrc/headers/ -I./src/headers/ -I../ -I./../src -DLTC_SOURCE -I../libtommath/ -I./../libtommath/ -D_FORTIFY_SOURCE=2 -fstack-protector-strong -Wundef -fno-strict-overflow -Wno-pointer-sign -Os -W -Wall  -I./src/../libtomcrypt/src/headers/ -DLOCALOPTIONS_H_EXISTS -I. -I./src -DDROPBEAR_SERVER -DDBMULTI_dropbear -DDBMULTI_dropbearkey -DDBMULTI_scp -DDROPBEAR_MULTI -c src/pk/ecc/ecc_test.c -o src/pk/ecc/ecc_test.o
aarch64-linux-gnu-gcc -Isrc/headers/ -I./src/headers/ -I../ -I./../src -DLTC_SOURCE -I../libtommath/ -I./../libtommath/ -D_FORTIFY_SOURCE=2 -fstack-protector-strong -Wundef -fno-strict-overflow -Wno-pointer-sign -Os -W -Wall  -I./src/../libtomcrypt/src/headers/ -DLOCALOPTIONS_H_EXISTS -I. -I./src -DDROPBEAR_SERVER -DDBMULTI_dropbear -DDBMULTI_dropbearkey -DDBMULTI_scp -DDROPBEAR_MULTI -c src/pk/ecc/ecc_verify_hash.c -o src/pk/ecc/ecc_verify_hash.o
aarch64-linux-gnu-gcc -Isrc/headers/ -I./src/headers/ -I../ -I./../src -DLTC_SOURCE -I../libtommath/ -I./../libtommath/ -D_FORTIFY_SOURCE=2 -fstack-protector-strong -Wundef -fno-strict-overflow -Wno-pointer-sign -Os -W -Wall  -I./src/../libtomcrypt/src/headers/ -DLOCALOPTIONS_H_EXISTS -I. -I./src -DDROPBEAR_SERVER -DDBMULTI_dropbear -DDBMULTI_dropbearkey -DDBMULTI_scp -DDROPBEAR_MULTI -c src/pk/ecc/ltc_ecc_is_valid_idx.c -o src/pk/ecc/ltc_ecc_is_valid_idx.o
aarch64-linux-gnu-gcc -Isrc/headers/ -I./src/headers/ -I../ -I./../src -DLTC_SOURCE -I../libtommath/ -I./../libtommath/ -D_FORTIFY_SOURCE=2 -fstack-protector-strong -Wundef -fno-strict-overflow -Wno-pointer-sign -Os -W -Wall  -I./src/../libtomcrypt/src/headers/ -DLOCALOPTIONS_H_EXISTS -I. -I./src -DDROPBEAR_SERVER -DDBMULTI_dropbear -DDBMULTI_dropbearkey -DDBMULTI_scp -DDROPBEAR_MULTI -c src/pk/ecc/ltc_ecc_map.c -o src/pk/ecc/ltc_ecc_map.o
aarch64-linux-gnu-gcc -Isrc/headers/ -I./src/headers/ -I../ -I./../src -DLTC_SOURCE -I../libtommath/ -I./../libtommath/ -D_FORTIFY_SOURCE=2 -fstack-protector-strong -Wundef -fno-strict-overflow -Wno-pointer-sign -Os -W -Wall  -I./src/../libtomcrypt/src/headers/ -DLOCALOPTIONS_H_EXISTS -I. -I./src -DDROPBEAR_SERVER -DDBMULTI_dropbear -DDBMULTI_dropbearkey -DDBMULTI_scp -DDROPBEAR_MULTI -c src/pk/ecc/ltc_ecc_mul2add.c -o src/pk/ecc/ltc_ecc_mul2add.o
aarch64-linux-gnu-gcc -Isrc/headers/ -I./src/headers/ -I../ -I./../src -DLTC_SOURCE -I../libtommath/ -I./../libtommath/ -D_FORTIFY_SOURCE=2 -fstack-protector-strong -Wundef -fno-strict-overflow -Wno-pointer-sign -Os -W -Wall  -I./src/../libtomcrypt/src/headers/ -DLOCALOPTIONS_H_EXISTS -I. -I./src -DDROPBEAR_SERVER -DDBMULTI_dropbear -DDBMULTI_dropbearkey -DDBMULTI_scp -DDROPBEAR_MULTI -c src/pk/ecc/ltc_ecc_mulmod.c -o src/pk/ecc/ltc_ecc_mulmod.o
aarch64-linux-gnu-gcc -Isrc/headers/ -I./src/headers/ -I../ -I./../src -DLTC_SOURCE -I../libtommath/ -I./../libtommath/ -D_FORTIFY_SOURCE=2 -fstack-protector-strong -Wundef -fno-strict-overflow -Wno-pointer-sign -Os -W -Wall  -I./src/../libtomcrypt/src/headers/ -DLOCALOPTIONS_H_EXISTS -I. -I./src -DDROPBEAR_SERVER -DDBMULTI_dropbear -DDBMULTI_dropbearkey -DDBMULTI_scp -DDROPBEAR_MULTI -c src/pk/ecc/ltc_ecc_mulmod_timing.c -o src/pk/ecc/ltc_ecc_mulmod_timing.o
aarch64-linux-gnu-gcc -Isrc/headers/ -I./src/headers/ -I../ -I./../src -DLTC_SOURCE -I../libtommath/ -I./../libtommath/ -D_FORTIFY_SOURCE=2 -fstack-protector-strong -Wundef -fno-strict-overflow -Wno-pointer-sign -Os -W -Wall  -I./src/../libtomcrypt/src/headers/ -DLOCALOPTIONS_H_EXISTS -I. -I./src -DDROPBEAR_SERVER -DDBMULTI_dropbear -DDBMULTI_dropbearkey -DDBMULTI_scp -DDROPBEAR_MULTI -c src/pk/ecc/ltc_ecc_points.c -o src/pk/ecc/ltc_ecc_points.o
aarch64-linux-gnu-gcc -Isrc/headers/ -I./src/headers/ -I../ -I./../src -DLTC_SOURCE -I../libtommath/ -I./../libtommath/ -D_FORTIFY_SOURCE=2 -fstack-protector-strong -Wundef -fno-strict-overflow -Wno-pointer-sign -Os -W -Wall  -I./src/../libtomcrypt/src/headers/ -DLOCALOPTIONS_H_EXISTS -I. -I./src -DDROPBEAR_SERVER -DDBMULTI_dropbear -DDBMULTI_dropbearkey -DDBMULTI_scp -DDROPBEAR_MULTI -c src/pk/ecc/ltc_ecc_projective_add_point.c -o src/pk/ecc/ltc_ecc_projective_add_point.o
aarch64-linux-gnu-gcc -Isrc/headers/ -I./src/headers/ -I../ -I./../src -DLTC_SOURCE -I../libtommath/ -I./../libtommath/ -D_FORTIFY_SOURCE=2 -fstack-protector-strong -Wundef -fno-strict-overflow -Wno-pointer-sign -Os -W -Wall  -I./src/../libtomcrypt/src/headers/ -DLOCALOPTIONS_H_EXISTS -I. -I./src -DDROPBEAR_SERVER -DDBMULTI_dropbear -DDBMULTI_dropbearkey -DDBMULTI_scp -DDROPBEAR_MULTI -c src/pk/ecc/ltc_ecc_projective_dbl_point.c -o src/pk/ecc/ltc_ecc_projective_dbl_point.o
aarch64-linux-gnu-gcc -Isrc/headers/ -I./src/headers/ -I../ -I./../src -DLTC_SOURCE -I../libtommath/ -I./../libtommath/ -D_FORTIFY_SOURCE=2 -fstack-protector-strong -Wundef -fno-strict-overflow -Wno-pointer-sign -Os -W -Wall  -I./src/../libtomcrypt/src/headers/ -DLOCALOPTIONS_H_EXISTS -I. -I./src -DDROPBEAR_SERVER -DDBMULTI_dropbear -DDBMULTI_dropbearkey -DDBMULTI_scp -DDROPBEAR_MULTI -c src/pk/katja/katja_decrypt_key.c -o src/pk/katja/katja_decrypt_key.o
aarch64-linux-gnu-gcc -Isrc/headers/ -I./src/headers/ -I../ -I./../src -DLTC_SOURCE -I../libtommath/ -I./../libtommath/ -D_FORTIFY_SOURCE=2 -fstack-protector-strong -Wundef -fno-strict-overflow -Wno-pointer-sign -Os -W -Wall  -I./src/../libtomcrypt/src/headers/ -DLOCALOPTIONS_H_EXISTS -I. -I./src -DDROPBEAR_SERVER -DDBMULTI_dropbear -DDBMULTI_dropbearkey -DDBMULTI_scp -DDROPBEAR_MULTI -c src/pk/katja/katja_encrypt_key.c -o src/pk/katja/katja_encrypt_key.o
aarch64-linux-gnu-gcc -Isrc/headers/ -I./src/headers/ -I../ -I./../src -DLTC_SOURCE -I../libtommath/ -I./../libtommath/ -D_FORTIFY_SOURCE=2 -fstack-protector-strong -Wundef -fno-strict-overflow -Wno-pointer-sign -Os -W -Wall  -I./src/../libtomcrypt/src/headers/ -DLOCALOPTIONS_H_EXISTS -I. -I./src -DDROPBEAR_SERVER -DDBMULTI_dropbear -DDBMULTI_dropbearkey -DDBMULTI_scp -DDROPBEAR_MULTI -c src/pk/katja/katja_export.c -o src/pk/katja/katja_export.o
aarch64-linux-gnu-gcc -Isrc/headers/ -I./src/headers/ -I../ -I./../src -DLTC_SOURCE -I../libtommath/ -I./../libtommath/ -D_FORTIFY_SOURCE=2 -fstack-protector-strong -Wundef -fno-strict-overflow -Wno-pointer-sign -Os -W -Wall  -I./src/../libtomcrypt/src/headers/ -DLOCALOPTIONS_H_EXISTS -I. -I./src -DDROPBEAR_SERVER -DDBMULTI_dropbear -DDBMULTI_dropbearkey -DDBMULTI_scp -DDROPBEAR_MULTI -c src/pk/katja/katja_exptmod.c -o src/pk/katja/katja_exptmod.o
aarch64-linux-gnu-gcc -Isrc/headers/ -I./src/headers/ -I../ -I./../src -DLTC_SOURCE -I../libtommath/ -I./../libtommath/ -D_FORTIFY_SOURCE=2 -fstack-protector-strong -Wundef -fno-strict-overflow -Wno-pointer-sign -Os -W -Wall  -I./src/../libtomcrypt/src/headers/ -DLOCALOPTIONS_H_EXISTS -I. -I./src -DDROPBEAR_SERVER -DDBMULTI_dropbear -DDBMULTI_dropbearkey -DDBMULTI_scp -DDROPBEAR_MULTI -c src/pk/katja/katja_free.c -o src/pk/katja/katja_free.o
aarch64-linux-gnu-gcc -Isrc/headers/ -I./src/headers/ -I../ -I./../src -DLTC_SOURCE -I../libtommath/ -I./../libtommath/ -D_FORTIFY_SOURCE=2 -fstack-protector-strong -Wundef -fno-strict-overflow -Wno-pointer-sign -Os -W -Wall  -I./src/../libtomcrypt/src/headers/ -DLOCALOPTIONS_H_EXISTS -I. -I./src -DDROPBEAR_SERVER -DDBMULTI_dropbear -DDBMULTI_dropbearkey -DDBMULTI_scp -DDROPBEAR_MULTI -c src/pk/katja/katja_import.c -o src/pk/katja/katja_import.o
aarch64-linux-gnu-gcc -Isrc/headers/ -I./src/headers/ -I../ -I./../src -DLTC_SOURCE -I../libtommath/ -I./../libtommath/ -D_FORTIFY_SOURCE=2 -fstack-protector-strong -Wundef -fno-strict-overflow -Wno-pointer-sign -Os -W -Wall  -I./src/../libtomcrypt/src/headers/ -DLOCALOPTIONS_H_EXISTS -I. -I./src -DDROPBEAR_SERVER -DDBMULTI_dropbear -DDBMULTI_dropbearkey -DDBMULTI_scp -DDROPBEAR_MULTI -c src/pk/katja/katja_make_key.c -o src/pk/katja/katja_make_key.o
aarch64-linux-gnu-gcc -Isrc/headers/ -I./src/headers/ -I../ -I./../src -DLTC_SOURCE -I../libtommath/ -I./../libtommath/ -D_FORTIFY_SOURCE=2 -fstack-protector-strong -Wundef -fno-strict-overflow -Wno-pointer-sign -Os -W -Wall  -I./src/../libtomcrypt/src/headers/ -DLOCALOPTIONS_H_EXISTS -I. -I./src -DDROPBEAR_SERVER -DDBMULTI_dropbear -DDBMULTI_dropbearkey -DDBMULTI_scp -DDROPBEAR_MULTI -c src/pk/pkcs1/pkcs_1_i2osp.c -o src/pk/pkcs1/pkcs_1_i2osp.o
aarch64-linux-gnu-gcc -Isrc/headers/ -I./src/headers/ -I../ -I./../src -DLTC_SOURCE -I../libtommath/ -I./../libtommath/ -D_FORTIFY_SOURCE=2 -fstack-protector-strong -Wundef -fno-strict-overflow -Wno-pointer-sign -Os -W -Wall  -I./src/../libtomcrypt/src/headers/ -DLOCALOPTIONS_H_EXISTS -I. -I./src -DDROPBEAR_SERVER -DDBMULTI_dropbear -DDBMULTI_dropbearkey -DDBMULTI_scp -DDROPBEAR_MULTI -c src/pk/pkcs1/pkcs_1_mgf1.c -o src/pk/pkcs1/pkcs_1_mgf1.o
aarch64-linux-gnu-gcc -Isrc/headers/ -I./src/headers/ -I../ -I./../src -DLTC_SOURCE -I../libtommath/ -I./../libtommath/ -D_FORTIFY_SOURCE=2 -fstack-protector-strong -Wundef -fno-strict-overflow -Wno-pointer-sign -Os -W -Wall  -I./src/../libtomcrypt/src/headers/ -DLOCALOPTIONS_H_EXISTS -I. -I./src -DDROPBEAR_SERVER -DDBMULTI_dropbear -DDBMULTI_dropbearkey -DDBMULTI_scp -DDROPBEAR_MULTI -c src/pk/pkcs1/pkcs_1_oaep_decode.c -o src/pk/pkcs1/pkcs_1_oaep_decode.o
aarch64-linux-gnu-gcc -Isrc/headers/ -I./src/headers/ -I../ -I./../src -DLTC_SOURCE -I../libtommath/ -I./../libtommath/ -D_FORTIFY_SOURCE=2 -fstack-protector-strong -Wundef -fno-strict-overflow -Wno-pointer-sign -Os -W -Wall  -I./src/../libtomcrypt/src/headers/ -DLOCALOPTIONS_H_EXISTS -I. -I./src -DDROPBEAR_SERVER -DDBMULTI_dropbear -DDBMULTI_dropbearkey -DDBMULTI_scp -DDROPBEAR_MULTI -c src/pk/pkcs1/pkcs_1_oaep_encode.c -o src/pk/pkcs1/pkcs_1_oaep_encode.o
aarch64-linux-gnu-gcc -Isrc/headers/ -I./src/headers/ -I../ -I./../src -DLTC_SOURCE -I../libtommath/ -I./../libtommath/ -D_FORTIFY_SOURCE=2 -fstack-protector-strong -Wundef -fno-strict-overflow -Wno-pointer-sign -Os -W -Wall  -I./src/../libtomcrypt/src/headers/ -DLOCALOPTIONS_H_EXISTS -I. -I./src -DDROPBEAR_SERVER -DDBMULTI_dropbear -DDBMULTI_dropbearkey -DDBMULTI_scp -DDROPBEAR_MULTI -c src/pk/pkcs1/pkcs_1_os2ip.c -o src/pk/pkcs1/pkcs_1_os2ip.o
aarch64-linux-gnu-gcc -Isrc/headers/ -I./src/headers/ -I../ -I./../src -DLTC_SOURCE -I../libtommath/ -I./../libtommath/ -D_FORTIFY_SOURCE=2 -fstack-protector-strong -Wundef -fno-strict-overflow -Wno-pointer-sign -Os -W -Wall  -I./src/../libtomcrypt/src/headers/ -DLOCALOPTIONS_H_EXISTS -I. -I./src -DDROPBEAR_SERVER -DDBMULTI_dropbear -DDBMULTI_dropbearkey -DDBMULTI_scp -DDROPBEAR_MULTI -c src/pk/pkcs1/pkcs_1_pss_decode.c -o src/pk/pkcs1/pkcs_1_pss_decode.o
aarch64-linux-gnu-gcc -Isrc/headers/ -I./src/headers/ -I../ -I./../src -DLTC_SOURCE -I../libtommath/ -I./../libtommath/ -D_FORTIFY_SOURCE=2 -fstack-protector-strong -Wundef -fno-strict-overflow -Wno-pointer-sign -Os -W -Wall  -I./src/../libtomcrypt/src/headers/ -DLOCALOPTIONS_H_EXISTS -I. -I./src -DDROPBEAR_SERVER -DDBMULTI_dropbear -DDBMULTI_dropbearkey -DDBMULTI_scp -DDROPBEAR_MULTI -c src/pk/pkcs1/pkcs_1_pss_encode.c -o src/pk/pkcs1/pkcs_1_pss_encode.o
aarch64-linux-gnu-gcc -Isrc/headers/ -I./src/headers/ -I../ -I./../src -DLTC_SOURCE -I../libtommath/ -I./../libtommath/ -D_FORTIFY_SOURCE=2 -fstack-protector-strong -Wundef -fno-strict-overflow -Wno-pointer-sign -Os -W -Wall  -I./src/../libtomcrypt/src/headers/ -DLOCALOPTIONS_H_EXISTS -I. -I./src -DDROPBEAR_SERVER -DDBMULTI_dropbear -DDBMULTI_dropbearkey -DDBMULTI_scp -DDROPBEAR_MULTI -c src/pk/pkcs1/pkcs_1_v1_5_decode.c -o src/pk/pkcs1/pkcs_1_v1_5_decode.o
aarch64-linux-gnu-gcc -Isrc/headers/ -I./src/headers/ -I../ -I./../src -DLTC_SOURCE -I../libtommath/ -I./../libtommath/ -D_FORTIFY_SOURCE=2 -fstack-protector-strong -Wundef -fno-strict-overflow -Wno-pointer-sign -Os -W -Wall  -I./src/../libtomcrypt/src/headers/ -DLOCALOPTIONS_H_EXISTS -I. -I./src -DDROPBEAR_SERVER -DDBMULTI_dropbear -DDBMULTI_dropbearkey -DDBMULTI_scp -DDROPBEAR_MULTI -c src/pk/pkcs1/pkcs_1_v1_5_encode.c -o src/pk/pkcs1/pkcs_1_v1_5_encode.o
aarch64-linux-gnu-gcc -Isrc/headers/ -I./src/headers/ -I../ -I./../src -DLTC_SOURCE -I../libtommath/ -I./../libtommath/ -D_FORTIFY_SOURCE=2 -fstack-protector-strong -Wundef -fno-strict-overflow -Wno-pointer-sign -Os -W -Wall  -I./src/../libtomcrypt/src/headers/ -DLOCALOPTIONS_H_EXISTS -I. -I./src -DDROPBEAR_SERVER -DDBMULTI_dropbear -DDBMULTI_dropbearkey -DDBMULTI_scp -DDROPBEAR_MULTI -c src/pk/rsa/rsa_decrypt_key.c -o src/pk/rsa/rsa_decrypt_key.o
aarch64-linux-gnu-gcc -Isrc/headers/ -I./src/headers/ -I../ -I./../src -DLTC_SOURCE -I../libtommath/ -I./../libtommath/ -D_FORTIFY_SOURCE=2 -fstack-protector-strong -Wundef -fno-strict-overflow -Wno-pointer-sign -Os -W -Wall  -I./src/../libtomcrypt/src/headers/ -DLOCALOPTIONS_H_EXISTS -I. -I./src -DDROPBEAR_SERVER -DDBMULTI_dropbear -DDBMULTI_dropbearkey -DDBMULTI_scp -DDROPBEAR_MULTI -c src/pk/rsa/rsa_encrypt_key.c -o src/pk/rsa/rsa_encrypt_key.o
aarch64-linux-gnu-gcc -Isrc/headers/ -I./src/headers/ -I../ -I./../src -DLTC_SOURCE -I../libtommath/ -I./../libtommath/ -D_FORTIFY_SOURCE=2 -fstack-protector-strong -Wundef -fno-strict-overflow -Wno-pointer-sign -Os -W -Wall  -I./src/../libtomcrypt/src/headers/ -DLOCALOPTIONS_H_EXISTS -I. -I./src -DDROPBEAR_SERVER -DDBMULTI_dropbear -DDBMULTI_dropbearkey -DDBMULTI_scp -DDROPBEAR_MULTI -c src/pk/rsa/rsa_export.c -o src/pk/rsa/rsa_export.o
aarch64-linux-gnu-gcc -Isrc/headers/ -I./src/headers/ -I../ -I./../src -DLTC_SOURCE -I../libtommath/ -I./../libtommath/ -D_FORTIFY_SOURCE=2 -fstack-protector-strong -Wundef -fno-strict-overflow -Wno-pointer-sign -Os -W -Wall  -I./src/../libtomcrypt/src/headers/ -DLOCALOPTIONS_H_EXISTS -I. -I./src -DDROPBEAR_SERVER -DDBMULTI_dropbear -DDBMULTI_dropbearkey -DDBMULTI_scp -DDROPBEAR_MULTI -c src/pk/rsa/rsa_exptmod.c -o src/pk/rsa/rsa_exptmod.o
aarch64-linux-gnu-gcc -Isrc/headers/ -I./src/headers/ -I../ -I./../src -DLTC_SOURCE -I../libtommath/ -I./../libtommath/ -D_FORTIFY_SOURCE=2 -fstack-protector-strong -Wundef -fno-strict-overflow -Wno-pointer-sign -Os -W -Wall  -I./src/../libtomcrypt/src/headers/ -DLOCALOPTIONS_H_EXISTS -I. -I./src -DDROPBEAR_SERVER -DDBMULTI_dropbear -DDBMULTI_dropbearkey -DDBMULTI_scp -DDROPBEAR_MULTI -c src/pk/rsa/rsa_free.c -o src/pk/rsa/rsa_free.o
aarch64-linux-gnu-gcc -Isrc/headers/ -I./src/headers/ -I../ -I./../src -DLTC_SOURCE -I../libtommath/ -I./../libtommath/ -D_FORTIFY_SOURCE=2 -fstack-protector-strong -Wundef -fno-strict-overflow -Wno-pointer-sign -Os -W -Wall  -I./src/../libtomcrypt/src/headers/ -DLOCALOPTIONS_H_EXISTS -I. -I./src -DDROPBEAR_SERVER -DDBMULTI_dropbear -DDBMULTI_dropbearkey -DDBMULTI_scp -DDROPBEAR_MULTI -c src/pk/rsa/rsa_get_size.c -o src/pk/rsa/rsa_get_size.o
aarch64-linux-gnu-gcc -Isrc/headers/ -I./src/headers/ -I../ -I./../src -DLTC_SOURCE -I../libtommath/ -I./../libtommath/ -D_FORTIFY_SOURCE=2 -fstack-protector-strong -Wundef -fno-strict-overflow -Wno-pointer-sign -Os -W -Wall  -I./src/../libtomcrypt/src/headers/ -DLOCALOPTIONS_H_EXISTS -I. -I./src -DDROPBEAR_SERVER -DDBMULTI_dropbear -DDBMULTI_dropbearkey -DDBMULTI_scp -DDROPBEAR_MULTI -c src/pk/rsa/rsa_import.c -o src/pk/rsa/rsa_import.o
aarch64-linux-gnu-gcc -Isrc/headers/ -I./src/headers/ -I../ -I./../src -DLTC_SOURCE -I../libtommath/ -I./../libtommath/ -D_FORTIFY_SOURCE=2 -fstack-protector-strong -Wundef -fno-strict-overflow -Wno-pointer-sign -Os -W -Wall  -I./src/../libtomcrypt/src/headers/ -DLOCALOPTIONS_H_EXISTS -I. -I./src -DDROPBEAR_SERVER -DDBMULTI_dropbear -DDBMULTI_dropbearkey -DDBMULTI_scp -DDROPBEAR_MULTI -c src/pk/rsa/rsa_import_pkcs8.c -o src/pk/rsa/rsa_import_pkcs8.o
aarch64-linux-gnu-gcc -Isrc/headers/ -I./src/headers/ -I../ -I./../src -DLTC_SOURCE -I../libtommath/ -I./../libtommath/ -D_FORTIFY_SOURCE=2 -fstack-protector-strong -Wundef -fno-strict-overflow -Wno-pointer-sign -Os -W -Wall  -I./src/../libtomcrypt/src/headers/ -DLOCALOPTIONS_H_EXISTS -I. -I./src -DDROPBEAR_SERVER -DDBMULTI_dropbear -DDBMULTI_dropbearkey -DDBMULTI_scp -DDROPBEAR_MULTI -c src/pk/rsa/rsa_import_x509.c -o src/pk/rsa/rsa_import_x509.o
aarch64-linux-gnu-gcc -Isrc/headers/ -I./src/headers/ -I../ -I./../src -DLTC_SOURCE -I../libtommath/ -I./../libtommath/ -D_FORTIFY_SOURCE=2 -fstack-protector-strong -Wundef -fno-strict-overflow -Wno-pointer-sign -Os -W -Wall  -I./src/../libtomcrypt/src/headers/ -DLOCALOPTIONS_H_EXISTS -I. -I./src -DDROPBEAR_SERVER -DDBMULTI_dropbear -DDBMULTI_dropbearkey -DDBMULTI_scp -DDROPBEAR_MULTI -c src/pk/rsa/rsa_make_key.c -o src/pk/rsa/rsa_make_key.o
aarch64-linux-gnu-gcc -Isrc/headers/ -I./src/headers/ -I../ -I./../src -DLTC_SOURCE -I../libtommath/ -I./../libtommath/ -D_FORTIFY_SOURCE=2 -fstack-protector-strong -Wundef -fno-strict-overflow -Wno-pointer-sign -Os -W -Wall  -I./src/../libtomcrypt/src/headers/ -DLOCALOPTIONS_H_EXISTS -I. -I./src -DDROPBEAR_SERVER -DDBMULTI_dropbear -DDBMULTI_dropbearkey -DDBMULTI_scp -DDROPBEAR_MULTI -c src/pk/rsa/rsa_set.c -o src/pk/rsa/rsa_set.o
aarch64-linux-gnu-gcc -Isrc/headers/ -I./src/headers/ -I../ -I./../src -DLTC_SOURCE -I../libtommath/ -I./../libtommath/ -D_FORTIFY_SOURCE=2 -fstack-protector-strong -Wundef -fno-strict-overflow -Wno-pointer-sign -Os -W -Wall  -I./src/../libtomcrypt/src/headers/ -DLOCALOPTIONS_H_EXISTS -I. -I./src -DDROPBEAR_SERVER -DDBMULTI_dropbear -DDBMULTI_dropbearkey -DDBMULTI_scp -DDROPBEAR_MULTI -c src/pk/rsa/rsa_sign_hash.c -o src/pk/rsa/rsa_sign_hash.o
aarch64-linux-gnu-gcc -Isrc/headers/ -I./src/headers/ -I../ -I./../src -DLTC_SOURCE -I../libtommath/ -I./../libtommath/ -D_FORTIFY_SOURCE=2 -fstack-protector-strong -Wundef -fno-strict-overflow -Wno-pointer-sign -Os -W -Wall  -I./src/../libtomcrypt/src/headers/ -DLOCALOPTIONS_H_EXISTS -I. -I./src -DDROPBEAR_SERVER -DDBMULTI_dropbear -DDBMULTI_dropbearkey -DDBMULTI_scp -DDROPBEAR_MULTI -c src/pk/rsa/rsa_sign_saltlen_get.c -o src/pk/rsa/rsa_sign_saltlen_get.o
aarch64-linux-gnu-gcc -Isrc/headers/ -I./src/headers/ -I../ -I./../src -DLTC_SOURCE -I../libtommath/ -I./../libtommath/ -D_FORTIFY_SOURCE=2 -fstack-protector-strong -Wundef -fno-strict-overflow -Wno-pointer-sign -Os -W -Wall  -I./src/../libtomcrypt/src/headers/ -DLOCALOPTIONS_H_EXISTS -I. -I./src -DDROPBEAR_SERVER -DDBMULTI_dropbear -DDBMULTI_dropbearkey -DDBMULTI_scp -DDROPBEAR_MULTI -c src/pk/rsa/rsa_verify_hash.c -o src/pk/rsa/rsa_verify_hash.o
aarch64-linux-gnu-gcc -Isrc/headers/ -I./src/headers/ -I../ -I./../src -DLTC_SOURCE -I../libtommath/ -I./../libtommath/ -D_FORTIFY_SOURCE=2 -fstack-protector-strong -Wundef -fno-strict-overflow -Wno-pointer-sign -Os -W -Wall  -I./src/../libtomcrypt/src/headers/ -DLOCALOPTIONS_H_EXISTS -I. -I./src -DDROPBEAR_SERVER -DDBMULTI_dropbear -DDBMULTI_dropbearkey -DDBMULTI_scp -DDROPBEAR_MULTI -c src/prngs/chacha20.c -o src/prngs/chacha20.o
aarch64-linux-gnu-gcc -Isrc/headers/ -I./src/headers/ -I../ -I./../src -DLTC_SOURCE -I../libtommath/ -I./../libtommath/ -D_FORTIFY_SOURCE=2 -fstack-protector-strong -Wundef -fno-strict-overflow -Wno-pointer-sign -Os -W -Wall  -I./src/../libtomcrypt/src/headers/ -DLOCALOPTIONS_H_EXISTS -I. -I./src -DDROPBEAR_SERVER -DDBMULTI_dropbear -DDBMULTI_dropbearkey -DDBMULTI_scp -DDROPBEAR_MULTI -c src/prngs/fortuna.c -o src/prngs/fortuna.o
aarch64-linux-gnu-gcc -Isrc/headers/ -I./src/headers/ -I../ -I./../src -DLTC_SOURCE -I../libtommath/ -I./../libtommath/ -D_FORTIFY_SOURCE=2 -fstack-protector-strong -Wundef -fno-strict-overflow -Wno-pointer-sign -Os -W -Wall  -I./src/../libtomcrypt/src/headers/ -DLOCALOPTIONS_H_EXISTS -I. -I./src -DDROPBEAR_SERVER -DDBMULTI_dropbear -DDBMULTI_dropbearkey -DDBMULTI_scp -DDROPBEAR_MULTI -c src/prngs/rc4.c -o src/prngs/rc4.o
aarch64-linux-gnu-gcc -Isrc/headers/ -I./src/headers/ -I../ -I./../src -DLTC_SOURCE -I../libtommath/ -I./../libtommath/ -D_FORTIFY_SOURCE=2 -fstack-protector-strong -Wundef -fno-strict-overflow -Wno-pointer-sign -Os -W -Wall  -I./src/../libtomcrypt/src/headers/ -DLOCALOPTIONS_H_EXISTS -I. -I./src -DDROPBEAR_SERVER -DDBMULTI_dropbear -DDBMULTI_dropbearkey -DDBMULTI_scp -DDROPBEAR_MULTI -c src/prngs/rng_get_bytes.c -o src/prngs/rng_get_bytes.o
aarch64-linux-gnu-gcc -Isrc/headers/ -I./src/headers/ -I../ -I./../src -DLTC_SOURCE -I../libtommath/ -I./../libtommath/ -D_FORTIFY_SOURCE=2 -fstack-protector-strong -Wundef -fno-strict-overflow -Wno-pointer-sign -Os -W -Wall  -I./src/../libtomcrypt/src/headers/ -DLOCALOPTIONS_H_EXISTS -I. -I./src -DDROPBEAR_SERVER -DDBMULTI_dropbear -DDBMULTI_dropbearkey -DDBMULTI_scp -DDROPBEAR_MULTI -c src/prngs/rng_make_prng.c -o src/prngs/rng_make_prng.o
aarch64-linux-gnu-gcc -Isrc/headers/ -I./src/headers/ -I../ -I./../src -DLTC_SOURCE -I../libtommath/ -I./../libtommath/ -D_FORTIFY_SOURCE=2 -fstack-protector-strong -Wundef -fno-strict-overflow -Wno-pointer-sign -Os -W -Wall  -I./src/../libtomcrypt/src/headers/ -DLOCALOPTIONS_H_EXISTS -I. -I./src -DDROPBEAR_SERVER -DDBMULTI_dropbear -DDBMULTI_dropbearkey -DDBMULTI_scp -DDROPBEAR_MULTI -c src/prngs/sober128.c -o src/prngs/sober128.o
aarch64-linux-gnu-gcc -Isrc/headers/ -I./src/headers/ -I../ -I./../src -DLTC_SOURCE -I../libtommath/ -I./../libtommath/ -D_FORTIFY_SOURCE=2 -fstack-protector-strong -Wundef -fno-strict-overflow -Wno-pointer-sign -Os -W -Wall  -I./src/../libtomcrypt/src/headers/ -DLOCALOPTIONS_H_EXISTS -I. -I./src -DDROPBEAR_SERVER -DDBMULTI_dropbear -DDBMULTI_dropbearkey -DDBMULTI_scp -DDROPBEAR_MULTI -c src/prngs/sprng.c -o src/prngs/sprng.o
aarch64-linux-gnu-gcc -Isrc/headers/ -I./src/headers/ -I../ -I./../src -DLTC_SOURCE -I../libtommath/ -I./../libtommath/ -D_FORTIFY_SOURCE=2 -fstack-protector-strong -Wundef -fno-strict-overflow -Wno-pointer-sign -Os -W -Wall  -I./src/../libtomcrypt/src/headers/ -DLOCALOPTIONS_H_EXISTS -I. -I./src -DDROPBEAR_SERVER -DDBMULTI_dropbear -DDBMULTI_dropbearkey -DDBMULTI_scp -DDROPBEAR_MULTI -c src/prngs/yarrow.c -o src/prngs/yarrow.o
aarch64-linux-gnu-gcc -Isrc/headers/ -I./src/headers/ -I../ -I./../src -DLTC_SOURCE -I../libtommath/ -I./../libtommath/ -D_FORTIFY_SOURCE=2 -fstack-protector-strong -Wundef -fno-strict-overflow -Wno-pointer-sign -Os -W -Wall  -I./src/../libtomcrypt/src/headers/ -DLOCALOPTIONS_H_EXISTS -I. -I./src -DDROPBEAR_SERVER -DDBMULTI_dropbear -DDBMULTI_dropbearkey -DDBMULTI_scp -DDROPBEAR_MULTI -c src/stream/chacha/chacha_crypt.c -o src/stream/chacha/chacha_crypt.o
aarch64-linux-gnu-gcc -Isrc/headers/ -I./src/headers/ -I../ -I./../src -DLTC_SOURCE -I../libtommath/ -I./../libtommath/ -D_FORTIFY_SOURCE=2 -fstack-protector-strong -Wundef -fno-strict-overflow -Wno-pointer-sign -Os -W -Wall  -I./src/../libtomcrypt/src/headers/ -DLOCALOPTIONS_H_EXISTS -I. -I./src -DDROPBEAR_SERVER -DDBMULTI_dropbear -DDBMULTI_dropbearkey -DDBMULTI_scp -DDROPBEAR_MULTI -c src/stream/chacha/chacha_done.c -o src/stream/chacha/chacha_done.o
aarch64-linux-gnu-gcc -Isrc/headers/ -I./src/headers/ -I../ -I./../src -DLTC_SOURCE -I../libtommath/ -I./../libtommath/ -D_FORTIFY_SOURCE=2 -fstack-protector-strong -Wundef -fno-strict-overflow -Wno-pointer-sign -Os -W -Wall  -I./src/../libtomcrypt/src/headers/ -DLOCALOPTIONS_H_EXISTS -I. -I./src -DDROPBEAR_SERVER -DDBMULTI_dropbear -DDBMULTI_dropbearkey -DDBMULTI_scp -DDROPBEAR_MULTI -c src/stream/chacha/chacha_ivctr32.c -o src/stream/chacha/chacha_ivctr32.o
aarch64-linux-gnu-gcc -Isrc/headers/ -I./src/headers/ -I../ -I./../src -DLTC_SOURCE -I../libtommath/ -I./../libtommath/ -D_FORTIFY_SOURCE=2 -fstack-protector-strong -Wundef -fno-strict-overflow -Wno-pointer-sign -Os -W -Wall  -I./src/../libtomcrypt/src/headers/ -DLOCALOPTIONS_H_EXISTS -I. -I./src -DDROPBEAR_SERVER -DDBMULTI_dropbear -DDBMULTI_dropbearkey -DDBMULTI_scp -DDROPBEAR_MULTI -c src/stream/chacha/chacha_ivctr64.c -o src/stream/chacha/chacha_ivctr64.o
aarch64-linux-gnu-gcc -Isrc/headers/ -I./src/headers/ -I../ -I./../src -DLTC_SOURCE -I../libtommath/ -I./../libtommath/ -D_FORTIFY_SOURCE=2 -fstack-protector-strong -Wundef -fno-strict-overflow -Wno-pointer-sign -Os -W -Wall  -I./src/../libtomcrypt/src/headers/ -DLOCALOPTIONS_H_EXISTS -I. -I./src -DDROPBEAR_SERVER -DDBMULTI_dropbear -DDBMULTI_dropbearkey -DDBMULTI_scp -DDROPBEAR_MULTI -c src/stream/chacha/chacha_keystream.c -o src/stream/chacha/chacha_keystream.o
aarch64-linux-gnu-gcc -Isrc/headers/ -I./src/headers/ -I../ -I./../src -DLTC_SOURCE -I../libtommath/ -I./../libtommath/ -D_FORTIFY_SOURCE=2 -fstack-protector-strong -Wundef -fno-strict-overflow -Wno-pointer-sign -Os -W -Wall  -I./src/../libtomcrypt/src/headers/ -DLOCALOPTIONS_H_EXISTS -I. -I./src -DDROPBEAR_SERVER -DDBMULTI_dropbear -DDBMULTI_dropbearkey -DDBMULTI_scp -DDROPBEAR_MULTI -c src/stream/chacha/chacha_setup.c -o src/stream/chacha/chacha_setup.o
aarch64-linux-gnu-gcc -Isrc/headers/ -I./src/headers/ -I../ -I./../src -DLTC_SOURCE -I../libtommath/ -I./../libtommath/ -D_FORTIFY_SOURCE=2 -fstack-protector-strong -Wundef -fno-strict-overflow -Wno-pointer-sign -Os -W -Wall  -I./src/../libtomcrypt/src/headers/ -DLOCALOPTIONS_H_EXISTS -I. -I./src -DDROPBEAR_SERVER -DDBMULTI_dropbear -DDBMULTI_dropbearkey -DDBMULTI_scp -DDROPBEAR_MULTI -c src/stream/chacha/chacha_test.c -o src/stream/chacha/chacha_test.o
aarch64-linux-gnu-gcc -Isrc/headers/ -I./src/headers/ -I../ -I./../src -DLTC_SOURCE -I../libtommath/ -I./../libtommath/ -D_FORTIFY_SOURCE=2 -fstack-protector-strong -Wundef -fno-strict-overflow -Wno-pointer-sign -Os -W -Wall  -I./src/../libtomcrypt/src/headers/ -DLOCALOPTIONS_H_EXISTS -I. -I./src -DDROPBEAR_SERVER -DDBMULTI_dropbear -DDBMULTI_dropbearkey -DDBMULTI_scp -DDROPBEAR_MULTI -c src/stream/rc4/rc4_stream.c -o src/stream/rc4/rc4_stream.o
aarch64-linux-gnu-gcc -Isrc/headers/ -I./src/headers/ -I../ -I./../src -DLTC_SOURCE -I../libtommath/ -I./../libtommath/ -D_FORTIFY_SOURCE=2 -fstack-protector-strong -Wundef -fno-strict-overflow -Wno-pointer-sign -Os -W -Wall  -I./src/../libtomcrypt/src/headers/ -DLOCALOPTIONS_H_EXISTS -I. -I./src -DDROPBEAR_SERVER -DDBMULTI_dropbear -DDBMULTI_dropbearkey -DDBMULTI_scp -DDROPBEAR_MULTI -c src/stream/rc4/rc4_test.c -o src/stream/rc4/rc4_test.o
aarch64-linux-gnu-gcc -Isrc/headers/ -I./src/headers/ -I../ -I./../src -DLTC_SOURCE -I../libtommath/ -I./../libtommath/ -D_FORTIFY_SOURCE=2 -fstack-protector-strong -Wundef -fno-strict-overflow -Wno-pointer-sign -Os -W -Wall  -I./src/../libtomcrypt/src/headers/ -DLOCALOPTIONS_H_EXISTS -I. -I./src -DDROPBEAR_SERVER -DDBMULTI_dropbear -DDBMULTI_dropbearkey -DDBMULTI_scp -DDROPBEAR_MULTI -c src/stream/sober128/sober128_stream.c -o src/stream/sober128/sober128_stream.o
aarch64-linux-gnu-gcc -Isrc/headers/ -I./src/headers/ -I../ -I./../src -DLTC_SOURCE -I../libtommath/ -I./../libtommath/ -D_FORTIFY_SOURCE=2 -fstack-protector-strong -Wundef -fno-strict-overflow -Wno-pointer-sign -Os -W -Wall  -I./src/../libtomcrypt/src/headers/ -DLOCALOPTIONS_H_EXISTS -I. -I./src -DDROPBEAR_SERVER -DDBMULTI_dropbear -DDBMULTI_dropbearkey -DDBMULTI_scp -DDROPBEAR_MULTI -c src/stream/sober128/sober128_test.c -o src/stream/sober128/sober128_test.o
aarch64-linux-gnu-ar r libtomcrypt.a src/ciphers/aes/aes.o src/ciphers/aes/aes_enc.o src/ciphers/anubis.o src/ciphers/blowfish.o src/ciphers/camellia.o src/ciphers/cast5.o src/ciphers/des.o src/ciphers/kasumi.o src/ciphers/khazad.o src/ciphers/kseed.o src/ciphers/multi2.o src/ciphers/noekeon.o src/ciphers/rc2.o src/ciphers/rc5.o src/ciphers/rc6.o src/ciphers/safer/safer.o src/ciphers/safer/saferp.o src/ciphers/skipjack.o src/ciphers/twofish/twofish.o src/ciphers/xtea.o src/encauth/ccm/ccm_add_aad.o src/encauth/ccm/ccm_add_nonce.o src/encauth/ccm/ccm_done.o src/encauth/ccm/ccm_init.o src/encauth/ccm/ccm_memory.o src/encauth/ccm/ccm_process.o src/encauth/ccm/ccm_reset.o src/encauth/ccm/ccm_test.o src/encauth/chachapoly/chacha20poly1305_add_aad.o src/encauth/chachapoly/chacha20poly1305_decrypt.o src/encauth/chachapoly/chacha20poly1305_done.o src/encauth/chachapoly/chacha20poly1305_encrypt.o src/encauth/chachapoly/chacha20poly1305_init.o src/encauth/chachapoly/chacha20poly1305_memory.o src/encauth/chachapoly/chacha20poly1305_setiv.o src/encauth/chachapoly/chacha20poly1305_setiv_rfc7905.o src/encauth/chachapoly/chacha20poly1305_test.o src/encauth/eax/eax_addheader.o src/encauth/eax/eax_decrypt.o src/encauth/eax/eax_decrypt_verify_memory.o src/encauth/eax/eax_done.o src/encauth/eax/eax_encrypt.o src/encauth/eax/eax_encrypt_authenticate_memory.o src/encauth/eax/eax_init.o src/encauth/eax/eax_test.o src/encauth/gcm/gcm_add_aad.o src/encauth/gcm/gcm_add_iv.o src/encauth/gcm/gcm_done.o src/encauth/gcm/gcm_gf_mult.o src/encauth/gcm/gcm_init.o src/encauth/gcm/gcm_memory.o src/encauth/gcm/gcm_mult_h.o src/encauth/gcm/gcm_process.o src/encauth/gcm/gcm_reset.o src/encauth/gcm/gcm_test.o src/encauth/ocb/ocb_decrypt.o src/encauth/ocb/ocb_decrypt_verify_memory.o src/encauth/ocb/ocb_done_decrypt.o src/encauth/ocb/ocb_done_encrypt.o src/encauth/ocb/ocb_encrypt.o src/encauth/ocb/ocb_encrypt_authenticate_memory.o src/encauth/ocb/ocb_init.o src/encauth/ocb/ocb_ntz.o src/encauth/ocb/ocb_shift_xor.o src/encauth/ocb/ocb_test.o src/encauth/ocb/s_ocb_done.o src/encauth/ocb3/ocb3_add_aad.o src/encauth/ocb3/ocb3_decrypt.o src/encauth/ocb3/ocb3_decrypt_last.o src/encauth/ocb3/ocb3_decrypt_verify_memory.o src/encauth/ocb3/ocb3_done.o src/encauth/ocb3/ocb3_encrypt.o src/encauth/ocb3/ocb3_encrypt_authenticate_memory.o src/encauth/ocb3/ocb3_encrypt_last.o src/encauth/ocb3/ocb3_init.o src/encauth/ocb3/ocb3_int_ntz.o src/encauth/ocb3/ocb3_int_xor_blocks.o src/encauth/ocb3/ocb3_test.o src/hashes/blake2b.o src/hashes/blake2s.o src/hashes/chc/chc.o src/hashes/helper/hash_file.o src/hashes/helper/hash_filehandle.o src/hashes/helper/hash_memory.o src/hashes/helper/hash_memory_multi.o src/hashes/md2.o src/hashes/md4.o src/hashes/md5.o src/hashes/rmd128.o src/hashes/rmd160.o src/hashes/rmd256.o src/hashes/rmd320.o src/hashes/sha1.o src/hashes/sha2/sha224.o src/hashes/sha2/sha256.o src/hashes/sha2/sha384.o src/hashes/sha2/sha512.o src/hashes/sha2/sha512_224.o src/hashes/sha2/sha512_256.o src/hashes/sha3.o src/hashes/sha3_test.o src/hashes/tiger.o src/hashes/whirl/whirl.o src/mac/blake2/blake2bmac.o src/mac/blake2/blake2bmac_file.o src/mac/blake2/blake2bmac_memory.o src/mac/blake2/blake2bmac_memory_multi.o src/mac/blake2/blake2bmac_test.o src/mac/blake2/blake2smac.o src/mac/blake2/blake2smac_file.o src/mac/blake2/blake2smac_memory.o src/mac/blake2/blake2smac_memory_multi.o src/mac/blake2/blake2smac_test.o src/mac/f9/f9_done.o src/mac/f9/f9_file.o src/mac/f9/f9_init.o src/mac/f9/f9_memory.o src/mac/f9/f9_memory_multi.o src/mac/f9/f9_process.o src/mac/f9/f9_test.o src/mac/hmac/hmac_done.o src/mac/hmac/hmac_file.o src/mac/hmac/hmac_init.o src/mac/hmac/hmac_memory.o src/mac/hmac/hmac_memory_multi.o src/mac/hmac/hmac_process.o src/mac/hmac/hmac_test.o src/mac/omac/omac_done.o src/mac/omac/omac_file.o src/mac/omac/omac_init.o src/mac/omac/omac_memory.o src/mac/omac/omac_memory_multi.o src/mac/omac/omac_process.o src/mac/omac/omac_test.o src/mac/pelican/pelican.o src/mac/pelican/pelican_memory.o src/mac/pelican/pelican_test.o src/mac/pmac/pmac_done.o src/mac/pmac/pmac_file.o src/mac/pmac/pmac_init.o src/mac/pmac/pmac_memory.o src/mac/pmac/pmac_memory_multi.o src/mac/pmac/pmac_ntz.o src/mac/pmac/pmac_process.o src/mac/pmac/pmac_shift_xor.o src/mac/pmac/pmac_test.o src/mac/poly1305/poly1305.o src/mac/poly1305/poly1305_file.o src/mac/poly1305/poly1305_memory.o src/mac/poly1305/poly1305_memory_multi.o src/mac/poly1305/poly1305_test.o src/mac/xcbc/xcbc_done.o src/mac/xcbc/xcbc_file.o src/mac/xcbc/xcbc_init.o src/mac/xcbc/xcbc_memory.o src/mac/xcbc/xcbc_memory_multi.o src/mac/xcbc/xcbc_process.o src/mac/xcbc/xcbc_test.o src/math/fp/ltc_ecc_fp_mulmod.o src/math/gmp_desc.o src/math/ltm_desc.o src/math/multi.o src/math/radix_to_bin.o src/math/rand_bn.o src/math/rand_prime.o src/math/tfm_desc.o src/misc/adler32.o src/misc/base64/base64_decode.o src/misc/base64/base64_encode.o src/misc/burn_stack.o src/misc/compare_testvector.o src/misc/crc32.o src/misc/crypt/crypt.o src/misc/crypt/crypt_argchk.o src/misc/crypt/crypt_cipher_descriptor.o src/misc/crypt/crypt_cipher_is_valid.o src/misc/crypt/crypt_constants.o src/misc/crypt/crypt_find_cipher.o src/misc/crypt/crypt_find_cipher_any.o src/misc/crypt/crypt_find_cipher_id.o src/misc/crypt/crypt_find_hash.o src/misc/crypt/crypt_find_hash_any.o src/misc/crypt/crypt_find_hash_id.o src/misc/crypt/crypt_find_hash_oid.o src/misc/crypt/crypt_find_prng.o src/misc/crypt/crypt_fsa.o src/misc/crypt/crypt_hash_descriptor.o src/misc/crypt/crypt_hash_is_valid.o src/misc/crypt/crypt_inits.o src/misc/crypt/crypt_ltc_mp_descriptor.o src/misc/crypt/crypt_prng_descriptor.o src/misc/crypt/crypt_prng_is_valid.o src/misc/crypt/crypt_prng_rng_descriptor.o src/misc/crypt/crypt_register_all_ciphers.o src/misc/crypt/crypt_register_all_hashes.o src/misc/crypt/crypt_register_all_prngs.o src/misc/crypt/crypt_register_cipher.o src/misc/crypt/crypt_register_hash.o src/misc/crypt/crypt_register_prng.o src/misc/crypt/crypt_sizes.o src/misc/crypt/crypt_unregister_cipher.o src/misc/crypt/crypt_unregister_hash.o src/misc/crypt/crypt_unregister_prng.o src/misc/error_to_string.o src/misc/hkdf/hkdf.o src/misc/hkdf/hkdf_test.o src/misc/mem_neq.o src/misc/pk_get_oid.o src/misc/pkcs5/pkcs_5_1.o src/misc/pkcs5/pkcs_5_2.o src/misc/pkcs5/pkcs_5_test.o src/misc/zeromem.o src/modes/cbc/cbc_decrypt.o src/modes/cbc/cbc_done.o src/modes/cbc/cbc_encrypt.o src/modes/cbc/cbc_getiv.o src/modes/cbc/cbc_setiv.o src/modes/cbc/cbc_start.o src/modes/cfb/cfb_decrypt.o src/modes/cfb/cfb_done.o src/modes/cfb/cfb_encrypt.o src/modes/cfb/cfb_getiv.o src/modes/cfb/cfb_setiv.o src/modes/cfb/cfb_start.o src/modes/ctr/ctr_decrypt.o src/modes/ctr/ctr_done.o src/modes/ctr/ctr_encrypt.o src/modes/ctr/ctr_getiv.o src/modes/ctr/ctr_setiv.o src/modes/ctr/ctr_start.o src/modes/ctr/ctr_test.o src/modes/ecb/ecb_decrypt.o src/modes/ecb/ecb_done.o src/modes/ecb/ecb_encrypt.o src/modes/ecb/ecb_start.o src/modes/f8/f8_decrypt.o src/modes/f8/f8_done.o src/modes/f8/f8_encrypt.o src/modes/f8/f8_getiv.o src/modes/f8/f8_setiv.o src/modes/f8/f8_start.o src/modes/f8/f8_test_mode.o src/modes/lrw/lrw_decrypt.o src/modes/lrw/lrw_done.o src/modes/lrw/lrw_encrypt.o src/modes/lrw/lrw_getiv.o src/modes/lrw/lrw_process.o src/modes/lrw/lrw_setiv.o src/modes/lrw/lrw_start.o src/modes/lrw/lrw_test.o src/modes/ofb/ofb_decrypt.o src/modes/ofb/ofb_done.o src/modes/ofb/ofb_encrypt.o src/modes/ofb/ofb_getiv.o src/modes/ofb/ofb_setiv.o src/modes/ofb/ofb_start.o src/modes/xts/xts_decrypt.o src/modes/xts/xts_done.o src/modes/xts/xts_encrypt.o src/modes/xts/xts_init.o src/modes/xts/xts_mult_x.o src/modes/xts/xts_test.o src/pk/asn1/der/bit/der_decode_bit_string.o src/pk/asn1/der/bit/der_decode_raw_bit_string.o src/pk/asn1/der/bit/der_encode_bit_string.o src/pk/asn1/der/bit/der_encode_raw_bit_string.o src/pk/asn1/der/bit/der_length_bit_string.o src/pk/asn1/der/boolean/der_decode_boolean.o src/pk/asn1/der/boolean/der_encode_boolean.o src/pk/asn1/der/boolean/der_length_boolean.o src/pk/asn1/der/choice/der_decode_choice.o src/pk/asn1/der/generalizedtime/der_decode_generalizedtime.o src/pk/asn1/der/generalizedtime/der_encode_generalizedtime.o src/pk/asn1/der/generalizedtime/der_length_generalizedtime.o src/pk/asn1/der/ia5/der_decode_ia5_string.o src/pk/asn1/der/ia5/der_encode_ia5_string.o src/pk/asn1/der/ia5/der_length_ia5_string.o src/pk/asn1/der/integer/der_decode_integer.o src/pk/asn1/der/integer/der_encode_integer.o src/pk/asn1/der/integer/der_length_integer.o src/pk/asn1/der/object_identifier/der_decode_object_identifier.o src/pk/asn1/der/object_identifier/der_encode_object_identifier.o src/pk/asn1/der/object_identifier/der_length_object_identifier.o src/pk/asn1/der/octet/der_decode_octet_string.o src/pk/asn1/der/octet/der_encode_octet_string.o src/pk/asn1/der/octet/der_length_octet_string.o src/pk/asn1/der/printable_string/der_decode_printable_string.o src/pk/asn1/der/printable_string/der_encode_printable_string.o src/pk/asn1/der/printable_string/der_length_printable_string.o src/pk/asn1/der/sequence/der_decode_sequence_ex.o src/pk/asn1/der/sequence/der_decode_sequence_flexi.o src/pk/asn1/der/sequence/der_decode_sequence_multi.o src/pk/asn1/der/sequence/der_decode_subject_public_key_info.o src/pk/asn1/der/sequence/der_encode_sequence_ex.o src/pk/asn1/der/sequence/der_encode_sequence_multi.o src/pk/asn1/der/sequence/der_encode_subject_public_key_info.o src/pk/asn1/der/sequence/der_length_sequence.o src/pk/asn1/der/sequence/der_sequence_free.o src/pk/asn1/der/sequence/der_sequence_shrink.o src/pk/asn1/der/set/der_encode_set.o src/pk/asn1/der/set/der_encode_setof.o src/pk/asn1/der/short_integer/der_decode_short_integer.o src/pk/asn1/der/short_integer/der_encode_short_integer.o src/pk/asn1/der/short_integer/der_length_short_integer.o src/pk/asn1/der/teletex_string/der_decode_teletex_string.o src/pk/asn1/der/teletex_string/der_length_teletex_string.o src/pk/asn1/der/utctime/der_decode_utctime.o src/pk/asn1/der/utctime/der_encode_utctime.o src/pk/asn1/der/utctime/der_length_utctime.o src/pk/asn1/der/utf8/der_decode_utf8_string.o src/pk/asn1/der/utf8/der_encode_utf8_string.o src/pk/asn1/der/utf8/der_length_utf8_string.o src/pk/dh/dh.o src/pk/dh/dh_check_pubkey.o src/pk/dh/dh_export.o src/pk/dh/dh_export_key.o src/pk/dh/dh_free.o src/pk/dh/dh_generate_key.o src/pk/dh/dh_import.o src/pk/dh/dh_set.o src/pk/dh/dh_set_pg_dhparam.o src/pk/dh/dh_shared_secret.o src/pk/dsa/dsa_decrypt_key.o src/pk/dsa/dsa_encrypt_key.o src/pk/dsa/dsa_export.o src/pk/dsa/dsa_free.o src/pk/dsa/dsa_generate_key.o src/pk/dsa/dsa_generate_pqg.o src/pk/dsa/dsa_import.o src/pk/dsa/dsa_make_key.o src/pk/dsa/dsa_set.o src/pk/dsa/dsa_set_pqg_dsaparam.o src/pk/dsa/dsa_shared_secret.o src/pk/dsa/dsa_sign_hash.o src/pk/dsa/dsa_verify_hash.o src/pk/dsa/dsa_verify_key.o src/pk/ecc/ecc.o src/pk/ecc/ecc_ansi_x963_export.o src/pk/ecc/ecc_ansi_x963_import.o src/pk/ecc/ecc_decrypt_key.o src/pk/ecc/ecc_encrypt_key.o src/pk/ecc/ecc_export.o src/pk/ecc/ecc_free.o src/pk/ecc/ecc_get_size.o src/pk/ecc/ecc_import.o src/pk/ecc/ecc_make_key.o src/pk/ecc/ecc_shared_secret.o src/pk/ecc/ecc_sign_hash.o src/pk/ecc/ecc_sizes.o src/pk/ecc/ecc_test.o src/pk/ecc/ecc_verify_hash.o src/pk/ecc/ltc_ecc_is_valid_idx.o src/pk/ecc/ltc_ecc_map.o src/pk/ecc/ltc_ecc_mul2add.o src/pk/ecc/ltc_ecc_mulmod.o src/pk/ecc/ltc_ecc_mulmod_timing.o src/pk/ecc/ltc_ecc_points.o src/pk/ecc/ltc_ecc_projective_add_point.o src/pk/ecc/ltc_ecc_projective_dbl_point.o src/pk/katja/katja_decrypt_key.o src/pk/katja/katja_encrypt_key.o src/pk/katja/katja_export.o src/pk/katja/katja_exptmod.o src/pk/katja/katja_free.o src/pk/katja/katja_import.o src/pk/katja/katja_make_key.o src/pk/pkcs1/pkcs_1_i2osp.o src/pk/pkcs1/pkcs_1_mgf1.o src/pk/pkcs1/pkcs_1_oaep_decode.o src/pk/pkcs1/pkcs_1_oaep_encode.o src/pk/pkcs1/pkcs_1_os2ip.o src/pk/pkcs1/pkcs_1_pss_decode.o src/pk/pkcs1/pkcs_1_pss_encode.o src/pk/pkcs1/pkcs_1_v1_5_decode.o src/pk/pkcs1/pkcs_1_v1_5_encode.o src/pk/rsa/rsa_decrypt_key.o src/pk/rsa/rsa_encrypt_key.o src/pk/rsa/rsa_export.o src/pk/rsa/rsa_exptmod.o src/pk/rsa/rsa_free.o src/pk/rsa/rsa_get_size.o src/pk/rsa/rsa_import.o src/pk/rsa/rsa_import_pkcs8.o src/pk/rsa/rsa_import_x509.o src/pk/rsa/rsa_make_key.o src/pk/rsa/rsa_set.o src/pk/rsa/rsa_sign_hash.o src/pk/rsa/rsa_sign_saltlen_get.o src/pk/rsa/rsa_verify_hash.o src/prngs/chacha20.o src/prngs/fortuna.o src/prngs/rc4.o src/prngs/rng_get_bytes.o src/prngs/rng_make_prng.o src/prngs/sober128.o src/prngs/sprng.o src/prngs/yarrow.o src/stream/chacha/chacha_crypt.o src/stream/chacha/chacha_done.o src/stream/chacha/chacha_ivctr32.o src/stream/chacha/chacha_ivctr64.o src/stream/chacha/chacha_keystream.o src/stream/chacha/chacha_setup.o src/stream/chacha/chacha_test.o src/stream/rc4/rc4_stream.o src/stream/rc4/rc4_test.o src/stream/sober128/sober128_stream.o src/stream/sober128/sober128_test.o
aarch64-linux-gnu-ar: creating libtomcrypt.a
aarch64-linux-gnu-ranlib libtomcrypt.a
make[1]: Leaving directory '/home/cy122/x2pro-linux/refs/dropbear/dropbear-2026.94/libtomcrypt'
aarch64-linux-gnu-gcc -static -o dropbearmulti ./obj/dbmulti.o ./obj/atomicio.o ./obj/bignum.o ./obj/buffer.o ./obj/chachapoly.o ./obj/circbuffer.o ./obj/common-algo.o ./obj/common-channel.o ./obj/common-chansession.o ./obj/common-kex.o ./obj/common-runopts.o ./obj/common-session.o ./obj/compat.o ./obj/crypto_desc.o ./obj/curve25519.o ./obj/dbctype.o ./obj/dbhelpers.o ./obj/dbmalloc.o ./obj/dbrandom.o ./obj/dbutil.o ./obj/dh_groups.o ./obj/dropbearkey.o ./obj/dss.o ./obj/ecc.o ./obj/ecdsa.o ./obj/ed25519.o ./obj/fake-rfc2553.o ./obj/gcm.o ./obj/gendss.o ./obj/gened25519.o ./obj/genrsa.o ./obj/gensignkey.o ./obj/kex-dh.o ./obj/kex-ecdh.o ./obj/kex-pqhybrid.o ./obj/kex-x25519.o ./obj/list.o ./obj/listener.o ./obj/loginrec.o ./obj/ltc_prng.o ./obj/mlkem768.o ./obj/netio.o ./obj/packet.o ./obj/process-packet.o ./obj/progressmeter.o ./obj/queue.o ./obj/rsa.o ./obj/scp.o ./obj/scpmisc.o ./obj/signkey.o ./obj/sk-ecdsa.o ./obj/sk-ed25519.o ./obj/sntrup761.o ./obj/sshpty.o ./obj/svr-agentfwd.o ./obj/svr-auth.o ./obj/svr-authpam.o ./obj/svr-authpasswd.o ./obj/svr-authpubkey.o ./obj/svr-authpubkeyoptions.o ./obj/svr-chansession.o ./obj/svr-forward.o ./obj/svr-kex.o ./obj/svr-main.o ./obj/svr-runopts.o ./obj/svr-service.o ./obj/svr-session.o ./obj/svr-streamfwd.o ./obj/svr-tcpfwd.o ./obj/svr-x11fwd.o ./obj/tcp-accept.o ./obj/termcodes.o libtomcrypt/libtomcrypt.a libtommath/libtommath.a  
/usr/bin/aarch64-linux-gnu-ld.bfd: ./obj/sshpty.o: in function `pty_setowner':
sshpty.c:(.text+0x330): warning: Using 'getgrnam' in statically linked applications requires at runtime the shared libraries from the glibc version used for linking
/usr/bin/aarch64-linux-gnu-ld.bfd: ./obj/svr-auth.o: in function `recv_msg_userauth_request':
svr-auth.c:(.text+0x694): warning: Using 'getgrouplist' in statically linked applications requires at runtime the shared libraries from the glibc version used for linking
/usr/bin/aarch64-linux-gnu-ld.bfd: ./obj/svr-auth.o: in function `svr_switch_user':
svr-auth.c:(.text+0x2dc): warning: Using 'initgroups' in statically linked applications requires at runtime the shared libraries from the glibc version used for linking
/usr/bin/aarch64-linux-gnu-ld.bfd: ./obj/netio.o: in function `connect_remote':
netio.c:(.text+0x150): warning: Using 'getaddrinfo' in statically linked applications requires at runtime the shared libraries from the glibc version used for linking
/usr/bin/aarch64-linux-gnu-ld.bfd: ./obj/common-session.o: in function `fill_passwd':
common-session.c:(.text+0x8d8): warning: Using 'getpwnam' in statically linked applications requires at runtime the shared libraries from the glibc version used for linking
/usr/bin/aarch64-linux-gnu-ld.bfd: ./obj/dbutil.o: in function `expand_homedir_path':
dbutil.c:(.text+0xca4): warning: Using 'getpwuid' in statically linked applications requires at runtime the shared libraries from the glibc version used for linking
/usr/bin/aarch64-linux-gnu-ld.bfd: ./obj/common-session.o: in function `fill_passwd':
common-session.c:(.text+0x964): warning: Using 'getspnam' in statically linked applications requires at runtime the shared libraries from the glibc version used for linking
